Copyright 1986-2018 Xilinx, Inc. All Rights Reserved.
--------------------------------------------------------------------------------------------------------------------------------------------------------------------------------
| Tool Version : Vivado v.2018.2 (win64) Build 2258646 Thu Jun 14 20:03:12 MDT 2018
| Date         : Mon Aug  3 14:40:11 2026
| Host         : DESKTOP-DEP9CPL running 64-bit major release  (build 9200)
| Command      : report_timing_summary -max_paths 10 -file top_timing_summary_routed.rpt -pb top_timing_summary_routed.pb -rpx top_timing_summary_routed.rpx -warn_on_violation
| Design       : top
| Device       : 7z020-clg484
| Speed File   : -2  PRODUCTION 1.11 2014-09-11
--------------------------------------------------------------------------------------------------------------------------------------------------------------------------------

Timing Summary Report

------------------------------------------------------------------------------------------------
| Timer Settings
| --------------
------------------------------------------------------------------------------------------------

  Enable Multi Corner Analysis               :  Yes
  Enable Pessimism Removal                   :  Yes
  Pessimism Removal Resolution               :  Nearest Common Node
  Enable Input Delay Default Clock           :  No
  Enable Preset / Clear Arcs                 :  No
  Disable Flight Delays                      :  No
  Ignore I/O Paths                           :  No
  Timing Early Launch at Borrowing Latches   :  false

  Corner  Analyze    Analyze    
  Name    Max Paths  Min Paths  
  ------  ---------  ---------  
  Slow    Yes        Yes        
  Fast    Yes        Yes        



check_timing report

Table of Contents
-----------------
1. checking no_clock
2. checking constant_clock
3. checking pulse_width_clock
4. checking unconstrained_internal_endpoints
5. checking no_input_delay
6. checking no_output_delay
7. checking multiple_clock
8. checking generated_clocks
9. checking loops
10. checking partial_input_delay
11. checking partial_output_delay
12. checking latch_loops

1. checking no_clock
--------------------
 There are 3 register/latch pins with no clock driven by root clock pin: div/clk_1Hz_reg/Q (HIGH)


2. checking constant_clock
--------------------------
 There are 0 register/latch pins with constant_clock.


3. checking pulse_width_clock
-----------------------------
 There are 0 register/latch pins which need pulse_width check


4. checking unconstrained_internal_endpoints
--------------------------------------------
 There are 6 pins that are not constrained for maximum delay. (HIGH)

 There are 0 pins that are not constrained for maximum delay due to constant clock.


5. checking no_input_delay
--------------------------
 There are 0 input ports with no input delay specified.

 There are 0 input ports with no input delay but user has a false path constraint.


6. checking no_output_delay
---------------------------
 There are 3 ports with no output delay specified. (HIGH)

 There are 0 ports with no output delay but user has a false path constraint

 There are 0 ports with no output delay but with a timing clock defined on it or propagating through it


7. checking multiple_clock
--------------------------
 There are 0 register/latch pins with multiple clocks.


8. checking generated_clocks
----------------------------
 There are 0 generated clocks that are not connected to a clock source.


9. checking loops
-----------------
 There are 0 combinational loops in the design.


10. checking partial_input_delay
--------------------------------
 There are 0 input ports with partial input delay specified.


11. checking partial_output_delay
---------------------------------
 There are 0 ports with partial output delay specified.


12. checking latch_loops
------------------------
 There are 0 combinational latch loops in the design through latch input



------------------------------------------------------------------------------------------------
| Design Timing Summary
| ---------------------
------------------------------------------------------------------------------------------------

    WNS(ns)      TNS(ns)  TNS Failing Endpoints  TNS Total Endpoints      WHS(ns)      THS(ns)  THS Failing Endpoints  THS Total Endpoints     WPWS(ns)     TPWS(ns)  TPWS Failing Endpoints  TPWS Total Endpoints  
    -------      -------  ---------------------  -------------------      -------      -------  ---------------------  -------------------     --------     --------  ----------------------  --------------------  
    121.562        0.000                      0                   24        0.263        0.000                      0                   24        2.633        0.000                       0                    30  


All user specified timing constraints are met.


------------------------------------------------------------------------------------------------
| Clock Summary
| -------------
------------------------------------------------------------------------------------------------

Clock                 Waveform(ns)         Period(ns)      Frequency(MHz)
-----                 ------------         ----------      --------------
clk                   {0.000 5.000}        10.000          100.000         
  clk_out1_clk_wiz_0  {0.000 62.500}       125.000         8.000           
  clkfbout_clk_wiz_0  {0.000 25.000}       50.000          20.000          


------------------------------------------------------------------------------------------------
| Intra Clock Table
| -----------------
------------------------------------------------------------------------------------------------

Clock                     WNS(ns)      TNS(ns)  TNS Failing Endpoints  TNS Total Endpoints      WHS(ns)      THS(ns)  THS Failing Endpoints  THS Total Endpoints     WPWS(ns)     TPWS(ns)  TPWS Failing Endpoints  TPWS Total Endpoints  
-----                     -------      -------  ---------------------  -------------------      -------      -------  ---------------------  -------------------     --------     --------  ----------------------  --------------------  
clk                                                                                                                                                                     3.000        0.000                       0                     1  
  clk_out1_clk_wiz_0      121.562        0.000                      0                   24        0.263        0.000                      0                   24       35.000        0.000                       0                    26  
  clkfbout_clk_wiz_0                                                                                                                                                    2.633        0.000                       0                     3  


------------------------------------------------------------------------------------------------
| Inter Clock Table
| -----------------
------------------------------------------------------------------------------------------------

From Clock    To Clock          WNS(ns)      TNS(ns)  TNS Failing Endpoints  TNS Total Endpoints      WHS(ns)      THS(ns)  THS Failing Endpoints  THS Total Endpoints  
----------    --------          -------      -------  ---------------------  -------------------      -------      -------  ---------------------  -------------------  


------------------------------------------------------------------------------------------------
| Other Path Groups Table
| -----------------------
------------------------------------------------------------------------------------------------

Path Group    From Clock    To Clock          WNS(ns)      TNS(ns)  TNS Failing Endpoints  TNS Total Endpoints      WHS(ns)      THS(ns)  THS Failing Endpoints  THS Total Endpoints  
----------    ----------    --------          -------      -------  ---------------------  -------------------      -------      -------  ---------------------  -------------------  


------------------------------------------------------------------------------------------------
| Timing Details
| --------------
------------------------------------------------------------------------------------------------


---------------------------------------------------------------------------------------------------
From Clock:  clk
  To Clock:  clk

Setup :           NA  Failing Endpoints,  Worst Slack           NA  ,  Total Violation           NA
Hold  :           NA  Failing Endpoints,  Worst Slack           NA  ,  Total Violation           NA
PW    :            0  Failing Endpoints,  Worst Slack        3.000ns,  Total Violation        0.000ns
---------------------------------------------------------------------------------------------------


Pulse Width Checks
--------------------------------------------------------------------------------------
Clock Name:         clk
Waveform(ns):       { 0.000 5.000 }
Period(ns):         10.000
Sources:            { clk }

Check Type        Corner  Lib Pin           Reference Pin  Required(ns)  Actual(ns)  Slack(ns)  Location        Pin
Min Period        n/a     PLLE2_ADV/CLKIN1  n/a            1.249         10.000      8.751      PLLE2_ADV_X0Y0  pll/inst/plle2_adv_inst/CLKIN1
Max Period        n/a     PLLE2_ADV/CLKIN1  n/a            52.633        10.000      42.633     PLLE2_ADV_X0Y0  pll/inst/plle2_adv_inst/CLKIN1
Low Pulse Width   Slow    PLLE2_ADV/CLKIN1  n/a            2.000         5.000       3.000      PLLE2_ADV_X0Y0  pll/inst/plle2_adv_inst/CLKIN1
Low Pulse Width   Fast    PLLE2_ADV/CLKIN1  n/a            2.000         5.000       3.000      PLLE2_ADV_X0Y0  pll/inst/plle2_adv_inst/CLKIN1
High Pulse Width  Slow    PLLE2_ADV/CLKIN1  n/a            2.000         5.000       3.000      PLLE2_ADV_X0Y0  pll/inst/plle2_adv_inst/CLKIN1
High Pulse Width  Fast    PLLE2_ADV/CLKIN1  n/a            2.000         5.000       3.000      PLLE2_ADV_X0Y0  pll/inst/plle2_adv_inst/CLKIN1



---------------------------------------------------------------------------------------------------
From Clock:  clk_out1_clk_wiz_0
  To Clock:  clk_out1_clk_wiz_0

Setup :            0  Failing Endpoints,  Worst Slack      121.562ns,  Total Violation        0.000ns
Hold  :            0  Failing Endpoints,  Worst Slack        0.263ns,  Total Violation        0.000ns
PW    :            0  Failing Endpoints,  Worst Slack       35.000ns,  Total Violation        0.000ns
---------------------------------------------------------------------------------------------------


Max Delay Paths
--------------------------------------------------------------------------------------
Slack (MET) :             121.562ns  (required time - arrival time)
  Source:                 div/count_reg[1]/C
                            (rising edge-triggered cell FDCE clocked by clk_out1_clk_wiz_0  {rise@0.000ns fall@62.500ns period=125.000ns})
  Destination:            div/count_reg[13]/D
                            (rising edge-triggered cell FDCE clocked by clk_out1_clk_wiz_0  {rise@0.000ns fall@62.500ns period=125.000ns})
  Path Group:             clk_out1_clk_wiz_0
  Path Type:              Setup (Max at Slow Process Corner)
  Requirement:            125.000ns  (clk_out1_clk_wiz_0 rise@125.000ns - clk_out1_clk_wiz_0 rise@0.000ns)
  Data Path Delay:        3.257ns  (logic 0.748ns (22.968%)  route 2.509ns (77.032%))
  Logic Levels:           3  (LUT2=1 LUT4=1 LUT6=1)
  Clock Path Skew:        -0.028ns (DCD - SCD + CPR)
    Destination Clock Delay (DCD):    -1.342ns = ( 123.658 - 125.000 ) 
    Source Clock Delay      (SCD):    -1.729ns
    Clock Pessimism Removal (CPR):    -0.415ns
  Clock Uncertainty:      0.228ns  ((TSJ^2 + DJ^2)^1/2) / 2 + PE
    Total System Jitter     (TSJ):    0.071ns
    Discrete Jitter          (DJ):    0.450ns
    Phase Error              (PE):    0.000ns

    Location             Delay type                Incr(ns)  Path(ns)    Netlist Resource(s)
  -------------------------------------------------------------------    -------------------
                         (clock clk_out1_clk_wiz_0 rise edge)
                                                      0.000     0.000 r  
    Y9                                                0.000     0.000 r  clk (IN)
                         net (fo=0)                   0.000     0.000    pll/inst/clk_in1
    Y9                   IBUF (Prop_ibuf_I_O)         1.421     1.421 r  pll/inst/clkin1_ibufg/O
                         net (fo=1, routed)           1.126     2.547    pll/inst/clk_in1_clk_wiz_0
    PLLE2_ADV_X0Y0       PLLE2_ADV (Prop_plle2_adv_CLKIN1_CLKOUT0)
                                                     -7.518    -4.971 r  pll/inst/plle2_adv_inst/CLKOUT0
                         net (fo=1, routed)           1.564    -3.407    pll/inst/clk_out1_clk_wiz_0
    BUFGCTRL_X0Y0        BUFG (Prop_bufg_I_O)         0.085    -3.322 r  pll/inst/clkout1_buf/O
                         net (fo=24, routed)          1.593    -1.729    div/CLK
    SLICE_X112Y44        FDCE                                         r  div/count_reg[1]/C
  -------------------------------------------------------------------    -------------------
    SLICE_X112Y44        FDCE (Prop_fdce_C_Q)         0.433    -1.296 r  div/count_reg[1]/Q
                         net (fo=2, routed)           0.663    -0.633    div/count[1]
    SLICE_X112Y44        LUT4 (Prop_lut4_I1_O)        0.105    -0.528 r  div/count[22]_i_10/O
                         net (fo=1, routed)           0.832     0.304    div/count[22]_i_10_n_0
    SLICE_X112Y46        LUT6 (Prop_lut6_I5_O)        0.105     0.409 r  div/count[22]_i_3/O
                         net (fo=23, routed)          1.014     1.423    div/count[22]_i_3_n_0
    SLICE_X112Y48        LUT2 (Prop_lut2_I0_O)        0.105     1.528 r  div/count[13]_i_1/O
                         net (fo=1, routed)           0.000     1.528    div/count_0[13]
    SLICE_X112Y48        FDCE                                         r  div/count_reg[13]/D
  -------------------------------------------------------------------    -------------------

                         (clock clk_out1_clk_wiz_0 rise edge)
                                                    125.000   125.000 r  
    Y9                                                0.000   125.000 r  clk (IN)
                         net (fo=0)                   0.000   125.000    pll/inst/clk_in1
    Y9                   IBUF (Prop_ibuf_I_O)         1.355   126.355 r  pll/inst/clkin1_ibufg/O
                         net (fo=1, routed)           1.019   127.374    pll/inst/clk_in1_clk_wiz_0
    PLLE2_ADV_X0Y0       PLLE2_ADV (Prop_plle2_adv_CLKIN1_CLKOUT0)
                                                     -6.648   120.726 r  pll/inst/plle2_adv_inst/CLKOUT0
                         net (fo=1, routed)           1.423   122.149    pll/inst/clk_out1_clk_wiz_0
    BUFGCTRL_X0Y0        BUFG (Prop_bufg_I_O)         0.077   122.226 r  pll/inst/clkout1_buf/O
                         net (fo=24, routed)          1.432   123.658    div/CLK
    SLICE_X112Y48        FDCE                                         r  div/count_reg[13]/C
                         clock pessimism             -0.415   123.243    
                         clock uncertainty           -0.228   123.016    
    SLICE_X112Y48        FDCE (Setup_fdce_C_D)        0.074   123.090    div/count_reg[13]
  -------------------------------------------------------------------
                         required time                        123.090    
                         arrival time                          -1.528    
  -------------------------------------------------------------------
                         slack                                121.562    

Slack (MET) :             121.580ns  (required time - arrival time)
  Source:                 div/count_reg[1]/C
                            (rising edge-triggered cell FDCE clocked by clk_out1_clk_wiz_0  {rise@0.000ns fall@62.500ns period=125.000ns})
  Destination:            div/count_reg[18]/D
                            (rising edge-triggered cell FDCE clocked by clk_out1_clk_wiz_0  {rise@0.000ns fall@62.500ns period=125.000ns})
  Path Group:             clk_out1_clk_wiz_0
  Path Type:              Setup (Max at Slow Process Corner)
  Requirement:            125.000ns  (clk_out1_clk_wiz_0 rise@125.000ns - clk_out1_clk_wiz_0 rise@0.000ns)
  Data Path Delay:        3.271ns  (logic 0.762ns (23.297%)  route 2.509ns (76.703%))
  Logic Levels:           3  (LUT2=1 LUT4=1 LUT6=1)
  Clock Path Skew:        -0.028ns (DCD - SCD + CPR)
    Destination Clock Delay (DCD):    -1.342ns = ( 123.658 - 125.000 ) 
    Source Clock Delay      (SCD):    -1.729ns
    Clock Pessimism Removal (CPR):    -0.415ns
  Clock Uncertainty:      0.228ns  ((TSJ^2 + DJ^2)^1/2) / 2 + PE
    Total System Jitter     (TSJ):    0.071ns
    Discrete Jitter          (DJ):    0.450ns
    Phase Error              (PE):    0.000ns

    Location             Delay type                Incr(ns)  Path(ns)    Netlist Resource(s)
  -------------------------------------------------------------------    -------------------
                         (clock clk_out1_clk_wiz_0 rise edge)
                                                      0.000     0.000 r  
    Y9                                                0.000     0.000 r  clk (IN)
                         net (fo=0)                   0.000     0.000    pll/inst/clk_in1
    Y9                   IBUF (Prop_ibuf_I_O)         1.421     1.421 r  pll/inst/clkin1_ibufg/O
                         net (fo=1, routed)           1.126     2.547    pll/inst/clk_in1_clk_wiz_0
    PLLE2_ADV_X0Y0       PLLE2_ADV (Prop_plle2_adv_CLKIN1_CLKOUT0)
                                                     -7.518    -4.971 r  pll/inst/plle2_adv_inst/CLKOUT0
                         net (fo=1, routed)           1.564    -3.407    pll/inst/clk_out1_clk_wiz_0
    BUFGCTRL_X0Y0        BUFG (Prop_bufg_I_O)         0.085    -3.322 r  pll/inst/clkout1_buf/O
                         net (fo=24, routed)          1.593    -1.729    div/CLK
    SLICE_X112Y44        FDCE                                         r  div/count_reg[1]/C
  -------------------------------------------------------------------    -------------------
    SLICE_X112Y44        FDCE (Prop_fdce_C_Q)         0.433    -1.296 r  div/count_reg[1]/Q
                         net (fo=2, routed)           0.663    -0.633    div/count[1]
    SLICE_X112Y44        LUT4 (Prop_lut4_I1_O)        0.105    -0.528 r  div/count[22]_i_10/O
                         net (fo=1, routed)           0.832     0.304    div/count[22]_i_10_n_0
    SLICE_X112Y46        LUT6 (Prop_lut6_I5_O)        0.105     0.409 r  div/count[22]_i_3/O
                         net (fo=23, routed)          1.014     1.423    div/count[22]_i_3_n_0
    SLICE_X112Y48        LUT2 (Prop_lut2_I0_O)        0.119     1.542 r  div/count[18]_i_1/O
                         net (fo=1, routed)           0.000     1.542    div/count_0[18]
    SLICE_X112Y48        FDCE                                         r  div/count_reg[18]/D
  -------------------------------------------------------------------    -------------------

                         (clock clk_out1_clk_wiz_0 rise edge)
                                                    125.000   125.000 r  
    Y9                                                0.000   125.000 r  clk (IN)
                         net (fo=0)                   0.000   125.000    pll/inst/clk_in1
    Y9                   IBUF (Prop_ibuf_I_O)         1.355   126.355 r  pll/inst/clkin1_ibufg/O
                         net (fo=1, routed)           1.019   127.374    pll/inst/clk_in1_clk_wiz_0
    PLLE2_ADV_X0Y0       PLLE2_ADV (Prop_plle2_adv_CLKIN1_CLKOUT0)
                                                     -6.648   120.726 r  pll/inst/plle2_adv_inst/CLKOUT0
                         net (fo=1, routed)           1.423   122.149    pll/inst/clk_out1_clk_wiz_0
    BUFGCTRL_X0Y0        BUFG (Prop_bufg_I_O)         0.077   122.226 r  pll/inst/clkout1_buf/O
                         net (fo=24, routed)          1.432   123.658    div/CLK
    SLICE_X112Y48        FDCE                                         r  div/count_reg[18]/C
                         clock pessimism             -0.415   123.243    
                         clock uncertainty           -0.228   123.016    
    SLICE_X112Y48        FDCE (Setup_fdce_C_D)        0.106   123.122    div/count_reg[18]
  -------------------------------------------------------------------
                         required time                        123.122    
                         arrival time                          -1.542    
  -------------------------------------------------------------------
                         slack                                121.580    

Slack (MET) :             121.613ns  (required time - arrival time)
  Source:                 div/count_reg[1]/C
                            (rising edge-triggered cell FDCE clocked by clk_out1_clk_wiz_0  {rise@0.000ns fall@62.500ns period=125.000ns})
  Destination:            div/count_reg[1]/D
                            (rising edge-triggered cell FDCE clocked by clk_out1_clk_wiz_0  {rise@0.000ns fall@62.500ns period=125.000ns})
  Path Group:             clk_out1_clk_wiz_0
  Path Type:              Setup (Max at Slow Process Corner)
  Requirement:            125.000ns  (clk_out1_clk_wiz_0 rise@125.000ns - clk_out1_clk_wiz_0 rise@0.000ns)
  Data Path Delay:        3.232ns  (logic 0.748ns (23.145%)  route 2.484ns (76.855%))
  Logic Levels:           3  (LUT2=1 LUT4=1 LUT6=1)
  Clock Path Skew:        0.000ns (DCD - SCD + CPR)
    Destination Clock Delay (DCD):    -1.342ns = ( 123.658 - 125.000 ) 
    Source Clock Delay      (SCD):    -1.729ns
    Clock Pessimism Removal (CPR):    -0.387ns
  Clock Uncertainty:      0.228ns  ((TSJ^2 + DJ^2)^1/2) / 2 + PE
    Total System Jitter     (TSJ):    0.071ns
    Discrete Jitter          (DJ):    0.450ns
    Phase Error              (PE):    0.000ns

    Location             Delay type                Incr(ns)  Path(ns)    Netlist Resource(s)
  -------------------------------------------------------------------    -------------------
                         (clock clk_out1_clk_wiz_0 rise edge)
                                                      0.000     0.000 r  
    Y9                                                0.000     0.000 r  clk (IN)
                         net (fo=0)                   0.000     0.000    pll/inst/clk_in1
    Y9                   IBUF (Prop_ibuf_I_O)         1.421     1.421 r  pll/inst/clkin1_ibufg/O
                         net (fo=1, routed)           1.126     2.547    pll/inst/clk_in1_clk_wiz_0
    PLLE2_ADV_X0Y0       PLLE2_ADV (Prop_plle2_adv_CLKIN1_CLKOUT0)
                                                     -7.518    -4.971 r  pll/inst/plle2_adv_inst/CLKOUT0
                         net (fo=1, routed)           1.564    -3.407    pll/inst/clk_out1_clk_wiz_0
    BUFGCTRL_X0Y0        BUFG (Prop_bufg_I_O)         0.085    -3.322 r  pll/inst/clkout1_buf/O
                         net (fo=24, routed)          1.593    -1.729    div/CLK
    SLICE_X112Y44        FDCE                                         r  div/count_reg[1]/C
  -------------------------------------------------------------------    -------------------
    SLICE_X112Y44        FDCE (Prop_fdce_C_Q)         0.433    -1.296 r  div/count_reg[1]/Q
                         net (fo=2, routed)           0.663    -0.633    div/count[1]
    SLICE_X112Y44        LUT4 (Prop_lut4_I1_O)        0.105    -0.528 r  div/count[22]_i_10/O
                         net (fo=1, routed)           0.832     0.304    div/count[22]_i_10_n_0
    SLICE_X112Y46        LUT6 (Prop_lut6_I5_O)        0.105     0.409 r  div/count[22]_i_3/O
                         net (fo=23, routed)          0.989     1.398    div/count[22]_i_3_n_0
    SLICE_X112Y44        LUT2 (Prop_lut2_I0_O)        0.105     1.503 r  div/count[1]_i_1/O
                         net (fo=1, routed)           0.000     1.503    div/count_0[1]
    SLICE_X112Y44        FDCE                                         r  div/count_reg[1]/D
  -------------------------------------------------------------------    -------------------

                         (clock clk_out1_clk_wiz_0 rise edge)
                                                    125.000   125.000 r  
    Y9                                                0.000   125.000 r  clk (IN)
                         net (fo=0)                   0.000   125.000    pll/inst/clk_in1
    Y9                   IBUF (Prop_ibuf_I_O)         1.355   126.355 r  pll/inst/clkin1_ibufg/O
                         net (fo=1, routed)           1.019   127.374    pll/inst/clk_in1_clk_wiz_0
    PLLE2_ADV_X0Y0       PLLE2_ADV (Prop_plle2_adv_CLKIN1_CLKOUT0)
                                                     -6.648   120.726 r  pll/inst/plle2_adv_inst/CLKOUT0
                         net (fo=1, routed)           1.423   122.149    pll/inst/clk_out1_clk_wiz_0
    BUFGCTRL_X0Y0        BUFG (Prop_bufg_I_O)         0.077   122.226 r  pll/inst/clkout1_buf/O
                         net (fo=24, routed)          1.432   123.658    div/CLK
    SLICE_X112Y44        FDCE                                         r  div/count_reg[1]/C
                         clock pessimism             -0.387   123.271    
                         clock uncertainty           -0.228   123.044    
    SLICE_X112Y44        FDCE (Setup_fdce_C_D)        0.072   123.116    div/count_reg[1]
  -------------------------------------------------------------------
                         required time                        123.116    
                         arrival time                          -1.503    
  -------------------------------------------------------------------
                         slack                                121.613    

Slack (MET) :             121.637ns  (required time - arrival time)
  Source:                 div/count_reg[1]/C
                            (rising edge-triggered cell FDCE clocked by clk_out1_clk_wiz_0  {rise@0.000ns fall@62.500ns period=125.000ns})
  Destination:            div/count_reg[3]/D
                            (rising edge-triggered cell FDCE clocked by clk_out1_clk_wiz_0  {rise@0.000ns fall@62.500ns period=125.000ns})
  Path Group:             clk_out1_clk_wiz_0
  Path Type:              Setup (Max at Slow Process Corner)
  Requirement:            125.000ns  (clk_out1_clk_wiz_0 rise@125.000ns - clk_out1_clk_wiz_0 rise@0.000ns)
  Data Path Delay:        3.242ns  (logic 0.758ns (23.382%)  route 2.484ns (76.618%))
  Logic Levels:           3  (LUT2=1 LUT4=1 LUT6=1)
  Clock Path Skew:        0.000ns (DCD - SCD + CPR)
    Destination Clock Delay (DCD):    -1.342ns = ( 123.658 - 125.000 ) 
    Source Clock Delay      (SCD):    -1.729ns
    Clock Pessimism Removal (CPR):    -0.387ns
  Clock Uncertainty:      0.228ns  ((TSJ^2 + DJ^2)^1/2) / 2 + PE
    Total System Jitter     (TSJ):    0.071ns
    Discrete Jitter          (DJ):    0.450ns
    Phase Error              (PE):    0.000ns

    Location             Delay type                Incr(ns)  Path(ns)    Netlist Resource(s)
  -------------------------------------------------------------------    -------------------
                         (clock clk_out1_clk_wiz_0 rise edge)
                                                      0.000     0.000 r  
    Y9                                                0.000     0.000 r  clk (IN)
                         net (fo=0)                   0.000     0.000    pll/inst/clk_in1
    Y9                   IBUF (Prop_ibuf_I_O)         1.421     1.421 r  pll/inst/clkin1_ibufg/O
                         net (fo=1, routed)           1.126     2.547    pll/inst/clk_in1_clk_wiz_0
    PLLE2_ADV_X0Y0       PLLE2_ADV (Prop_plle2_adv_CLKIN1_CLKOUT0)
                                                     -7.518    -4.971 r  pll/inst/plle2_adv_inst/CLKOUT0
                         net (fo=1, routed)           1.564    -3.407    pll/inst/clk_out1_clk_wiz_0
    BUFGCTRL_X0Y0        BUFG (Prop_bufg_I_O)         0.085    -3.322 r  pll/inst/clkout1_buf/O
                         net (fo=24, routed)          1.593    -1.729    div/CLK
    SLICE_X112Y44        FDCE                                         r  div/count_reg[1]/C
  -------------------------------------------------------------------    -------------------
    SLICE_X112Y44        FDCE (Prop_fdce_C_Q)         0.433    -1.296 r  div/count_reg[1]/Q
                         net (fo=2, routed)           0.663    -0.633    div/count[1]
    SLICE_X112Y44        LUT4 (Prop_lut4_I1_O)        0.105    -0.528 r  div/count[22]_i_10/O
                         net (fo=1, routed)           0.832     0.304    div/count[22]_i_10_n_0
    SLICE_X112Y46        LUT6 (Prop_lut6_I5_O)        0.105     0.409 r  div/count[22]_i_3/O
                         net (fo=23, routed)          0.989     1.398    div/count[22]_i_3_n_0
    SLICE_X112Y44        LUT2 (Prop_lut2_I0_O)        0.115     1.513 r  div/count[3]_i_1/O
                         net (fo=1, routed)           0.000     1.513    div/count_0[3]
    SLICE_X112Y44        FDCE                                         r  div/count_reg[3]/D
  -------------------------------------------------------------------    -------------------

                         (clock clk_out1_clk_wiz_0 rise edge)
                                                    125.000   125.000 r  
    Y9                                                0.000   125.000 r  clk (IN)
                         net (fo=0)                   0.000   125.000    pll/inst/clk_in1
    Y9                   IBUF (Prop_ibuf_I_O)         1.355   126.355 r  pll/inst/clkin1_ibufg/O
                         net (fo=1, routed)           1.019   127.374    pll/inst/clk_in1_clk_wiz_0
    PLLE2_ADV_X0Y0       PLLE2_ADV (Prop_plle2_adv_CLKIN1_CLKOUT0)
                                                     -6.648   120.726 r  pll/inst/plle2_adv_inst/CLKOUT0
                         net (fo=1, routed)           1.423   122.149    pll/inst/clk_out1_clk_wiz_0
    BUFGCTRL_X0Y0        BUFG (Prop_bufg_I_O)         0.077   122.226 r  pll/inst/clkout1_buf/O
                         net (fo=24, routed)          1.432   123.658    div/CLK
    SLICE_X112Y44        FDCE                                         r  div/count_reg[3]/C
                         clock pessimism             -0.387   123.271    
                         clock uncertainty           -0.228   123.044    
    SLICE_X112Y44        FDCE (Setup_fdce_C_D)        0.106   123.150    div/count_reg[3]
  -------------------------------------------------------------------
                         required time                        123.150    
                         arrival time                          -1.513    
  -------------------------------------------------------------------
                         slack                                121.637    

Slack (MET) :             121.688ns  (required time - arrival time)
  Source:                 div/count_reg[1]/C
                            (rising edge-triggered cell FDCE clocked by clk_out1_clk_wiz_0  {rise@0.000ns fall@62.500ns period=125.000ns})
  Destination:            div/count_reg[16]/D
                            (rising edge-triggered cell FDCE clocked by clk_out1_clk_wiz_0  {rise@0.000ns fall@62.500ns period=125.000ns})
  Path Group:             clk_out1_clk_wiz_0
  Path Type:              Setup (Max at Slow Process Corner)
  Requirement:            125.000ns  (clk_out1_clk_wiz_0 rise@125.000ns - clk_out1_clk_wiz_0 rise@0.000ns)
  Data Path Delay:        3.130ns  (logic 0.748ns (23.899%)  route 2.382ns (76.101%))
  Logic Levels:           3  (LUT2=1 LUT4=1 LUT6=1)
  Clock Path Skew:        -0.028ns (DCD - SCD + CPR)
    Destination Clock Delay (DCD):    -1.342ns = ( 123.658 - 125.000 ) 
    Source Clock Delay      (SCD):    -1.729ns
    Clock Pessimism Removal (CPR):    -0.415ns
  Clock Uncertainty:      0.228ns  ((TSJ^2 + DJ^2)^1/2) / 2 + PE
    Total System Jitter     (TSJ):    0.071ns
    Discrete Jitter          (DJ):    0.450ns
    Phase Error              (PE):    0.000ns

    Location             Delay type                Incr(ns)  Path(ns)    Netlist Resource(s)
  -------------------------------------------------------------------    -------------------
                         (clock clk_out1_clk_wiz_0 rise edge)
                                                      0.000     0.000 r  
    Y9                                                0.000     0.000 r  clk (IN)
                         net (fo=0)                   0.000     0.000    pll/inst/clk_in1
    Y9                   IBUF (Prop_ibuf_I_O)         1.421     1.421 r  pll/inst/clkin1_ibufg/O
                         net (fo=1, routed)           1.126     2.547    pll/inst/clk_in1_clk_wiz_0
    PLLE2_ADV_X0Y0       PLLE2_ADV (Prop_plle2_adv_CLKIN1_CLKOUT0)
                                                     -7.518    -4.971 r  pll/inst/plle2_adv_inst/CLKOUT0
                         net (fo=1, routed)           1.564    -3.407    pll/inst/clk_out1_clk_wiz_0
    BUFGCTRL_X0Y0        BUFG (Prop_bufg_I_O)         0.085    -3.322 r  pll/inst/clkout1_buf/O
                         net (fo=24, routed)          1.593    -1.729    div/CLK
    SLICE_X112Y44        FDCE                                         r  div/count_reg[1]/C
  -------------------------------------------------------------------    -------------------
    SLICE_X112Y44        FDCE (Prop_fdce_C_Q)         0.433    -1.296 r  div/count_reg[1]/Q
                         net (fo=2, routed)           0.663    -0.633    div/count[1]
    SLICE_X112Y44        LUT4 (Prop_lut4_I1_O)        0.105    -0.528 r  div/count[22]_i_10/O
                         net (fo=1, routed)           0.832     0.304    div/count[22]_i_10_n_0
    SLICE_X112Y46        LUT6 (Prop_lut6_I5_O)        0.105     0.409 r  div/count[22]_i_3/O
                         net (fo=23, routed)          0.887     1.296    div/count[22]_i_3_n_0
    SLICE_X112Y47        LUT2 (Prop_lut2_I0_O)        0.105     1.401 r  div/count[16]_i_1/O
                         net (fo=1, routed)           0.000     1.401    div/count_0[16]
    SLICE_X112Y47        FDCE                                         r  div/count_reg[16]/D
  -------------------------------------------------------------------    -------------------

                         (clock clk_out1_clk_wiz_0 rise edge)
                                                    125.000   125.000 r  
    Y9                                                0.000   125.000 r  clk (IN)
                         net (fo=0)                   0.000   125.000    pll/inst/clk_in1
    Y9                   IBUF (Prop_ibuf_I_O)         1.355   126.355 r  pll/inst/clkin1_ibufg/O
                         net (fo=1, routed)           1.019   127.374    pll/inst/clk_in1_clk_wiz_0
    PLLE2_ADV_X0Y0       PLLE2_ADV (Prop_plle2_adv_CLKIN1_CLKOUT0)
                                                     -6.648   120.726 r  pll/inst/plle2_adv_inst/CLKOUT0
                         net (fo=1, routed)           1.423   122.149    pll/inst/clk_out1_clk_wiz_0
    BUFGCTRL_X0Y0        BUFG (Prop_bufg_I_O)         0.077   122.226 r  pll/inst/clkout1_buf/O
                         net (fo=24, routed)          1.432   123.658    div/CLK
    SLICE_X112Y47        FDCE                                         r  div/count_reg[16]/C
                         clock pessimism             -0.415   123.243    
                         clock uncertainty           -0.228   123.016    
    SLICE_X112Y47        FDCE (Setup_fdce_C_D)        0.074   123.090    div/count_reg[16]
  -------------------------------------------------------------------
                         required time                        123.090    
                         arrival time                          -1.401    
  -------------------------------------------------------------------
                         slack                                121.688    

Slack (MET) :             121.697ns  (required time - arrival time)
  Source:                 div/count_reg[1]/C
                            (rising edge-triggered cell FDCE clocked by clk_out1_clk_wiz_0  {rise@0.000ns fall@62.500ns period=125.000ns})
  Destination:            div/count_reg[10]/D
                            (rising edge-triggered cell FDCE clocked by clk_out1_clk_wiz_0  {rise@0.000ns fall@62.500ns period=125.000ns})
  Path Group:             clk_out1_clk_wiz_0
  Path Type:              Setup (Max at Slow Process Corner)
  Requirement:            125.000ns  (clk_out1_clk_wiz_0 rise@125.000ns - clk_out1_clk_wiz_0 rise@0.000ns)
  Data Path Delay:        3.120ns  (logic 0.748ns (23.976%)  route 2.372ns (76.024%))
  Logic Levels:           3  (LUT2=1 LUT4=1 LUT6=1)
  Clock Path Skew:        -0.028ns (DCD - SCD + CPR)
    Destination Clock Delay (DCD):    -1.342ns = ( 123.658 - 125.000 ) 
    Source Clock Delay      (SCD):    -1.729ns
    Clock Pessimism Removal (CPR):    -0.415ns
  Clock Uncertainty:      0.228ns  ((TSJ^2 + DJ^2)^1/2) / 2 + PE
    Total System Jitter     (TSJ):    0.071ns
    Discrete Jitter          (DJ):    0.450ns
    Phase Error              (PE):    0.000ns

    Location             Delay type                Incr(ns)  Path(ns)    Netlist Resource(s)
  -------------------------------------------------------------------    -------------------
                         (clock clk_out1_clk_wiz_0 rise edge)
                                                      0.000     0.000 r  
    Y9                                                0.000     0.000 r  clk (IN)
                         net (fo=0)                   0.000     0.000    pll/inst/clk_in1
    Y9                   IBUF (Prop_ibuf_I_O)         1.421     1.421 r  pll/inst/clkin1_ibufg/O
                         net (fo=1, routed)           1.126     2.547    pll/inst/clk_in1_clk_wiz_0
    PLLE2_ADV_X0Y0       PLLE2_ADV (Prop_plle2_adv_CLKIN1_CLKOUT0)
                                                     -7.518    -4.971 r  pll/inst/plle2_adv_inst/CLKOUT0
                         net (fo=1, routed)           1.564    -3.407    pll/inst/clk_out1_clk_wiz_0
    BUFGCTRL_X0Y0        BUFG (Prop_bufg_I_O)         0.085    -3.322 r  pll/inst/clkout1_buf/O
                         net (fo=24, routed)          1.593    -1.729    div/CLK
    SLICE_X112Y44        FDCE                                         r  div/count_reg[1]/C
  -------------------------------------------------------------------    -------------------
    SLICE_X112Y44        FDCE (Prop_fdce_C_Q)         0.433    -1.296 r  div/count_reg[1]/Q
                         net (fo=2, routed)           0.663    -0.633    div/count[1]
    SLICE_X112Y44        LUT4 (Prop_lut4_I1_O)        0.105    -0.528 r  div/count[22]_i_10/O
                         net (fo=1, routed)           0.832     0.304    div/count[22]_i_10_n_0
    SLICE_X112Y46        LUT6 (Prop_lut6_I5_O)        0.105     0.409 r  div/count[22]_i_3/O
                         net (fo=23, routed)          0.877     1.286    div/count[22]_i_3_n_0
    SLICE_X112Y48        LUT2 (Prop_lut2_I0_O)        0.105     1.391 r  div/count[10]_i_1/O
                         net (fo=1, routed)           0.000     1.391    div/count_0[10]
    SLICE_X112Y48        FDCE                                         r  div/count_reg[10]/D
  -------------------------------------------------------------------    -------------------

                         (clock clk_out1_clk_wiz_0 rise edge)
                                                    125.000   125.000 r  
    Y9                                                0.000   125.000 r  clk (IN)
                         net (fo=0)                   0.000   125.000    pll/inst/clk_in1
    Y9                   IBUF (Prop_ibuf_I_O)         1.355   126.355 r  pll/inst/clkin1_ibufg/O
                         net (fo=1, routed)           1.019   127.374    pll/inst/clk_in1_clk_wiz_0
    PLLE2_ADV_X0Y0       PLLE2_ADV (Prop_plle2_adv_CLKIN1_CLKOUT0)
                                                     -6.648   120.726 r  pll/inst/plle2_adv_inst/CLKOUT0
                         net (fo=1, routed)           1.423   122.149    pll/inst/clk_out1_clk_wiz_0
    BUFGCTRL_X0Y0        BUFG (Prop_bufg_I_O)         0.077   122.226 r  pll/inst/clkout1_buf/O
                         net (fo=24, routed)          1.432   123.658    div/CLK
    SLICE_X112Y48        FDCE                                         r  div/count_reg[10]/C
                         clock pessimism             -0.415   123.243    
                         clock uncertainty           -0.228   123.016    
    SLICE_X112Y48        FDCE (Setup_fdce_C_D)        0.072   123.088    div/count_reg[10]
  -------------------------------------------------------------------
                         required time                        123.088    
                         arrival time                          -1.391    
  -------------------------------------------------------------------
                         slack                                121.697    

Slack (MET) :             121.700ns  (required time - arrival time)
  Source:                 div/count_reg[1]/C
                            (rising edge-triggered cell FDCE clocked by clk_out1_clk_wiz_0  {rise@0.000ns fall@62.500ns period=125.000ns})
  Destination:            div/count_reg[11]/D
                            (rising edge-triggered cell FDCE clocked by clk_out1_clk_wiz_0  {rise@0.000ns fall@62.500ns period=125.000ns})
  Path Group:             clk_out1_clk_wiz_0
  Path Type:              Setup (Max at Slow Process Corner)
  Requirement:            125.000ns  (clk_out1_clk_wiz_0 rise@125.000ns - clk_out1_clk_wiz_0 rise@0.000ns)
  Data Path Delay:        3.121ns  (logic 0.748ns (23.969%)  route 2.373ns (76.031%))
  Logic Levels:           3  (LUT2=1 LUT4=1 LUT6=1)
  Clock Path Skew:        -0.028ns (DCD - SCD + CPR)
    Destination Clock Delay (DCD):    -1.342ns = ( 123.658 - 125.000 ) 
    Source Clock Delay      (SCD):    -1.729ns
    Clock Pessimism Removal (CPR):    -0.415ns
  Clock Uncertainty:      0.228ns  ((TSJ^2 + DJ^2)^1/2) / 2 + PE
    Total System Jitter     (TSJ):    0.071ns
    Discrete Jitter          (DJ):    0.450ns
    Phase Error              (PE):    0.000ns

    Location             Delay type                Incr(ns)  Path(ns)    Netlist Resource(s)
  -------------------------------------------------------------------    -------------------
                         (clock clk_out1_clk_wiz_0 rise edge)
                                                      0.000     0.000 r  
    Y9                                                0.000     0.000 r  clk (IN)
                         net (fo=0)                   0.000     0.000    pll/inst/clk_in1
    Y9                   IBUF (Prop_ibuf_I_O)         1.421     1.421 r  pll/inst/clkin1_ibufg/O
                         net (fo=1, routed)           1.126     2.547    pll/inst/clk_in1_clk_wiz_0
    PLLE2_ADV_X0Y0       PLLE2_ADV (Prop_plle2_adv_CLKIN1_CLKOUT0)
                                                     -7.518    -4.971 r  pll/inst/plle2_adv_inst/CLKOUT0
                         net (fo=1, routed)           1.564    -3.407    pll/inst/clk_out1_clk_wiz_0
    BUFGCTRL_X0Y0        BUFG (Prop_bufg_I_O)         0.085    -3.322 r  pll/inst/clkout1_buf/O
                         net (fo=24, routed)          1.593    -1.729    div/CLK
    SLICE_X112Y44        FDCE                                         r  div/count_reg[1]/C
  -------------------------------------------------------------------    -------------------
    SLICE_X112Y44        FDCE (Prop_fdce_C_Q)         0.433    -1.296 r  div/count_reg[1]/Q
                         net (fo=2, routed)           0.663    -0.633    div/count[1]
    SLICE_X112Y44        LUT4 (Prop_lut4_I1_O)        0.105    -0.528 r  div/count[22]_i_10/O
                         net (fo=1, routed)           0.832     0.304    div/count[22]_i_10_n_0
    SLICE_X112Y46        LUT6 (Prop_lut6_I5_O)        0.105     0.409 r  div/count[22]_i_3/O
                         net (fo=23, routed)          0.878     1.287    div/count[22]_i_3_n_0
    SLICE_X112Y48        LUT2 (Prop_lut2_I0_O)        0.105     1.392 r  div/count[11]_i_1/O
                         net (fo=1, routed)           0.000     1.392    div/count_0[11]
    SLICE_X112Y48        FDCE                                         r  div/count_reg[11]/D
  -------------------------------------------------------------------    -------------------

                         (clock clk_out1_clk_wiz_0 rise edge)
                                                    125.000   125.000 r  
    Y9                                                0.000   125.000 r  clk (IN)
                         net (fo=0)                   0.000   125.000    pll/inst/clk_in1
    Y9                   IBUF (Prop_ibuf_I_O)         1.355   126.355 r  pll/inst/clkin1_ibufg/O
                         net (fo=1, routed)           1.019   127.374    pll/inst/clk_in1_clk_wiz_0
    PLLE2_ADV_X0Y0       PLLE2_ADV (Prop_plle2_adv_CLKIN1_CLKOUT0)
                                                     -6.648   120.726 r  pll/inst/plle2_adv_inst/CLKOUT0
                         net (fo=1, routed)           1.423   122.149    pll/inst/clk_out1_clk_wiz_0
    BUFGCTRL_X0Y0        BUFG (Prop_bufg_I_O)         0.077   122.226 r  pll/inst/clkout1_buf/O
                         net (fo=24, routed)          1.432   123.658    div/CLK
    SLICE_X112Y48        FDCE                                         r  div/count_reg[11]/C
                         clock pessimism             -0.415   123.243    
                         clock uncertainty           -0.228   123.016    
    SLICE_X112Y48        FDCE (Setup_fdce_C_D)        0.076   123.092    div/count_reg[11]
  -------------------------------------------------------------------
                         required time                        123.092    
                         arrival time                          -1.392    
  -------------------------------------------------------------------
                         slack                                121.700    

Slack (MET) :             121.706ns  (required time - arrival time)
  Source:                 div/count_reg[1]/C
                            (rising edge-triggered cell FDCE clocked by clk_out1_clk_wiz_0  {rise@0.000ns fall@62.500ns period=125.000ns})
  Destination:            div/count_reg[22]/D
                            (rising edge-triggered cell FDCE clocked by clk_out1_clk_wiz_0  {rise@0.000ns fall@62.500ns period=125.000ns})
  Path Group:             clk_out1_clk_wiz_0
  Path Type:              Setup (Max at Slow Process Corner)
  Requirement:            125.000ns  (clk_out1_clk_wiz_0 rise@125.000ns - clk_out1_clk_wiz_0 rise@0.000ns)
  Data Path Delay:        3.144ns  (logic 0.762ns (24.238%)  route 2.382ns (75.762%))
  Logic Levels:           3  (LUT2=1 LUT4=1 LUT6=1)
  Clock Path Skew:        -0.028ns (DCD - SCD + CPR)
    Destination Clock Delay (DCD):    -1.342ns = ( 123.658 - 125.000 ) 
    Source Clock Delay      (SCD):    -1.729ns
    Clock Pessimism Removal (CPR):    -0.415ns
  Clock Uncertainty:      0.228ns  ((TSJ^2 + DJ^2)^1/2) / 2 + PE
    Total System Jitter     (TSJ):    0.071ns
    Discrete Jitter          (DJ):    0.450ns
    Phase Error              (PE):    0.000ns

    Location             Delay type                Incr(ns)  Path(ns)    Netlist Resource(s)
  -------------------------------------------------------------------    -------------------
                         (clock clk_out1_clk_wiz_0 rise edge)
                                                      0.000     0.000 r  
    Y9                                                0.000     0.000 r  clk (IN)
                         net (fo=0)                   0.000     0.000    pll/inst/clk_in1
    Y9                   IBUF (Prop_ibuf_I_O)         1.421     1.421 r  pll/inst/clkin1_ibufg/O
                         net (fo=1, routed)           1.126     2.547    pll/inst/clk_in1_clk_wiz_0
    PLLE2_ADV_X0Y0       PLLE2_ADV (Prop_plle2_adv_CLKIN1_CLKOUT0)
                                                     -7.518    -4.971 r  pll/inst/plle2_adv_inst/CLKOUT0
                         net (fo=1, routed)           1.564    -3.407    pll/inst/clk_out1_clk_wiz_0
    BUFGCTRL_X0Y0        BUFG (Prop_bufg_I_O)         0.085    -3.322 r  pll/inst/clkout1_buf/O
                         net (fo=24, routed)          1.593    -1.729    div/CLK
    SLICE_X112Y44        FDCE                                         r  div/count_reg[1]/C
  -------------------------------------------------------------------    -------------------
    SLICE_X112Y44        FDCE (Prop_fdce_C_Q)         0.433    -1.296 r  div/count_reg[1]/Q
                         net (fo=2, routed)           0.663    -0.633    div/count[1]
    SLICE_X112Y44        LUT4 (Prop_lut4_I1_O)        0.105    -0.528 r  div/count[22]_i_10/O
                         net (fo=1, routed)           0.832     0.304    div/count[22]_i_10_n_0
    SLICE_X112Y46        LUT6 (Prop_lut6_I5_O)        0.105     0.409 r  div/count[22]_i_3/O
                         net (fo=23, routed)          0.887     1.296    div/count[22]_i_3_n_0
    SLICE_X112Y47        LUT2 (Prop_lut2_I0_O)        0.119     1.415 r  div/count[22]_i_1/O
                         net (fo=1, routed)           0.000     1.415    div/count_0[22]
    SLICE_X112Y47        FDCE                                         r  div/count_reg[22]/D
  -------------------------------------------------------------------    -------------------

                         (clock clk_out1_clk_wiz_0 rise edge)
                                                    125.000   125.000 r  
    Y9                                                0.000   125.000 r  clk (IN)
                         net (fo=0)                   0.000   125.000    pll/inst/clk_in1
    Y9                   IBUF (Prop_ibuf_I_O)         1.355   126.355 r  pll/inst/clkin1_ibufg/O
                         net (fo=1, routed)           1.019   127.374    pll/inst/clk_in1_clk_wiz_0
    PLLE2_ADV_X0Y0       PLLE2_ADV (Prop_plle2_adv_CLKIN1_CLKOUT0)
                                                     -6.648   120.726 r  pll/inst/plle2_adv_inst/CLKOUT0
                         net (fo=1, routed)           1.423   122.149    pll/inst/clk_out1_clk_wiz_0
    BUFGCTRL_X0Y0        BUFG (Prop_bufg_I_O)         0.077   122.226 r  pll/inst/clkout1_buf/O
                         net (fo=24, routed)          1.432   123.658    div/CLK
    SLICE_X112Y47        FDCE                                         r  div/count_reg[22]/C
                         clock pessimism             -0.415   123.243    
                         clock uncertainty           -0.228   123.016    
    SLICE_X112Y47        FDCE (Setup_fdce_C_D)        0.106   123.122    div/count_reg[22]
  -------------------------------------------------------------------
                         required time                        123.122    
                         arrival time                          -1.415    
  -------------------------------------------------------------------
                         slack                                121.706    

Slack (MET) :             121.709ns  (required time - arrival time)
  Source:                 div/count_reg[1]/C
                            (rising edge-triggered cell FDCE clocked by clk_out1_clk_wiz_0  {rise@0.000ns fall@62.500ns period=125.000ns})
  Destination:            div/count_reg[17]/D
                            (rising edge-triggered cell FDCE clocked by clk_out1_clk_wiz_0  {rise@0.000ns fall@62.500ns period=125.000ns})
  Path Group:             clk_out1_clk_wiz_0
  Path Type:              Setup (Max at Slow Process Corner)
  Requirement:            125.000ns  (clk_out1_clk_wiz_0 rise@125.000ns - clk_out1_clk_wiz_0 rise@0.000ns)
  Data Path Delay:        3.142ns  (logic 0.769ns (24.477%)  route 2.373ns (75.523%))
  Logic Levels:           3  (LUT2=1 LUT4=1 LUT6=1)
  Clock Path Skew:        -0.028ns (DCD - SCD + CPR)
    Destination Clock Delay (DCD):    -1.342ns = ( 123.658 - 125.000 ) 
    Source Clock Delay      (SCD):    -1.729ns
    Clock Pessimism Removal (CPR):    -0.415ns
  Clock Uncertainty:      0.228ns  ((TSJ^2 + DJ^2)^1/2) / 2 + PE
    Total System Jitter     (TSJ):    0.071ns
    Discrete Jitter          (DJ):    0.450ns
    Phase Error              (PE):    0.000ns

    Location             Delay type                Incr(ns)  Path(ns)    Netlist Resource(s)
  -------------------------------------------------------------------    -------------------
                         (clock clk_out1_clk_wiz_0 rise edge)
                                                      0.000     0.000 r  
    Y9                                                0.000     0.000 r  clk (IN)
                         net (fo=0)                   0.000     0.000    pll/inst/clk_in1
    Y9                   IBUF (Prop_ibuf_I_O)         1.421     1.421 r  pll/inst/clkin1_ibufg/O
                         net (fo=1, routed)           1.126     2.547    pll/inst/clk_in1_clk_wiz_0
    PLLE2_ADV_X0Y0       PLLE2_ADV (Prop_plle2_adv_CLKIN1_CLKOUT0)
                                                     -7.518    -4.971 r  pll/inst/plle2_adv_inst/CLKOUT0
                         net (fo=1, routed)           1.564    -3.407    pll/inst/clk_out1_clk_wiz_0
    BUFGCTRL_X0Y0        BUFG (Prop_bufg_I_O)         0.085    -3.322 r  pll/inst/clkout1_buf/O
                         net (fo=24, routed)          1.593    -1.729    div/CLK
    SLICE_X112Y44        FDCE                                         r  div/count_reg[1]/C
  -------------------------------------------------------------------    -------------------
    SLICE_X112Y44        FDCE (Prop_fdce_C_Q)         0.433    -1.296 r  div/count_reg[1]/Q
                         net (fo=2, routed)           0.663    -0.633    div/count[1]
    SLICE_X112Y44        LUT4 (Prop_lut4_I1_O)        0.105    -0.528 r  div/count[22]_i_10/O
                         net (fo=1, routed)           0.832     0.304    div/count[22]_i_10_n_0
    SLICE_X112Y46        LUT6 (Prop_lut6_I5_O)        0.105     0.409 r  div/count[22]_i_3/O
                         net (fo=23, routed)          0.878     1.287    div/count[22]_i_3_n_0
    SLICE_X112Y48        LUT2 (Prop_lut2_I0_O)        0.126     1.413 r  div/count[17]_i_1/O
                         net (fo=1, routed)           0.000     1.413    div/count_0[17]
    SLICE_X112Y48        FDCE                                         r  div/count_reg[17]/D
  -------------------------------------------------------------------    -------------------

                         (clock clk_out1_clk_wiz_0 rise edge)
                                                    125.000   125.000 r  
    Y9                                                0.000   125.000 r  clk (IN)
                         net (fo=0)                   0.000   125.000    pll/inst/clk_in1
    Y9                   IBUF (Prop_ibuf_I_O)         1.355   126.355 r  pll/inst/clkin1_ibufg/O
                         net (fo=1, routed)           1.019   127.374    pll/inst/clk_in1_clk_wiz_0
    PLLE2_ADV_X0Y0       PLLE2_ADV (Prop_plle2_adv_CLKIN1_CLKOUT0)
                                                     -6.648   120.726 r  pll/inst/plle2_adv_inst/CLKOUT0
                         net (fo=1, routed)           1.423   122.149    pll/inst/clk_out1_clk_wiz_0
    BUFGCTRL_X0Y0        BUFG (Prop_bufg_I_O)         0.077   122.226 r  pll/inst/clkout1_buf/O
                         net (fo=24, routed)          1.432   123.658    div/CLK
    SLICE_X112Y48        FDCE                                         r  div/count_reg[17]/C
                         clock pessimism             -0.415   123.243    
                         clock uncertainty           -0.228   123.016    
    SLICE_X112Y48        FDCE (Setup_fdce_C_D)        0.106   123.122    div/count_reg[17]
  -------------------------------------------------------------------
                         required time                        123.122    
                         arrival time                          -1.413    
  -------------------------------------------------------------------
                         slack                                121.709    

Slack (MET) :             121.711ns  (required time - arrival time)
  Source:                 div/count_reg[1]/C
                            (rising edge-triggered cell FDCE clocked by clk_out1_clk_wiz_0  {rise@0.000ns fall@62.500ns period=125.000ns})
  Destination:            div/count_reg[20]/D
                            (rising edge-triggered cell FDCE clocked by clk_out1_clk_wiz_0  {rise@0.000ns fall@62.500ns period=125.000ns})
  Path Group:             clk_out1_clk_wiz_0
  Path Type:              Setup (Max at Slow Process Corner)
  Requirement:            125.000ns  (clk_out1_clk_wiz_0 rise@125.000ns - clk_out1_clk_wiz_0 rise@0.000ns)
  Data Path Delay:        3.140ns  (logic 0.768ns (24.461%)  route 2.372ns (75.539%))
  Logic Levels:           3  (LUT2=1 LUT4=1 LUT6=1)
  Clock Path Skew:        -0.028ns (DCD - SCD + CPR)
    Destination Clock Delay (DCD):    -1.342ns = ( 123.658 - 125.000 ) 
    Source Clock Delay      (SCD):    -1.729ns
    Clock Pessimism Removal (CPR):    -0.415ns
  Clock Uncertainty:      0.228ns  ((TSJ^2 + DJ^2)^1/2) / 2 + PE
    Total System Jitter     (TSJ):    0.071ns
    Discrete Jitter          (DJ):    0.450ns
    Phase Error              (PE):    0.000ns

    Location             Delay type                Incr(ns)  Path(ns)    Netlist Resource(s)
  -------------------------------------------------------------------    -------------------
                         (clock clk_out1_clk_wiz_0 rise edge)
                                                      0.000     0.000 r  
    Y9                                                0.000     0.000 r  clk (IN)
                         net (fo=0)                   0.000     0.000    pll/inst/clk_in1
    Y9                   IBUF (Prop_ibuf_I_O)         1.421     1.421 r  pll/inst/clkin1_ibufg/O
                         net (fo=1, routed)           1.126     2.547    pll/inst/clk_in1_clk_wiz_0
    PLLE2_ADV_X0Y0       PLLE2_ADV (Prop_plle2_adv_CLKIN1_CLKOUT0)
                                                     -7.518    -4.971 r  pll/inst/plle2_adv_inst/CLKOUT0
                         net (fo=1, routed)           1.564    -3.407    pll/inst/clk_out1_clk_wiz_0
    BUFGCTRL_X0Y0        BUFG (Prop_bufg_I_O)         0.085    -3.322 r  pll/inst/clkout1_buf/O
                         net (fo=24, routed)          1.593    -1.729    div/CLK
    SLICE_X112Y44        FDCE                                         r  div/count_reg[1]/C
  -------------------------------------------------------------------    -------------------
    SLICE_X112Y44        FDCE (Prop_fdce_C_Q)         0.433    -1.296 r  div/count_reg[1]/Q
                         net (fo=2, routed)           0.663    -0.633    div/count[1]
    SLICE_X112Y44        LUT4 (Prop_lut4_I1_O)        0.105    -0.528 r  div/count[22]_i_10/O
                         net (fo=1, routed)           0.832     0.304    div/count[22]_i_10_n_0
    SLICE_X112Y46        LUT6 (Prop_lut6_I5_O)        0.105     0.409 r  div/count[22]_i_3/O
                         net (fo=23, routed)          0.877     1.286    div/count[22]_i_3_n_0
    SLICE_X112Y48        LUT2 (Prop_lut2_I0_O)        0.125     1.411 r  div/count[20]_i_1/O
                         net (fo=1, routed)           0.000     1.411    div/count_0[20]
    SLICE_X112Y48        FDCE                                         r  div/count_reg[20]/D
  -------------------------------------------------------------------    -------------------

                         (clock clk_out1_clk_wiz_0 rise edge)
                                                    125.000   125.000 r  
    Y9                                                0.000   125.000 r  clk (IN)
                         net (fo=0)                   0.000   125.000    pll/inst/clk_in1
    Y9                   IBUF (Prop_ibuf_I_O)         1.355   126.355 r  pll/inst/clkin1_ibufg/O
                         net (fo=1, routed)           1.019   127.374    pll/inst/clk_in1_clk_wiz_0
    PLLE2_ADV_X0Y0       PLLE2_ADV (Prop_plle2_adv_CLKIN1_CLKOUT0)
                                                     -6.648   120.726 r  pll/inst/plle2_adv_inst/CLKOUT0
                         net (fo=1, routed)           1.423   122.149    pll/inst/clk_out1_clk_wiz_0
    BUFGCTRL_X0Y0        BUFG (Prop_bufg_I_O)         0.077   122.226 r  pll/inst/clkout1_buf/O
                         net (fo=24, routed)          1.432   123.658    div/CLK
    SLICE_X112Y48        FDCE                                         r  div/count_reg[20]/C
                         clock pessimism             -0.415   123.243    
                         clock uncertainty           -0.228   123.016    
    SLICE_X112Y48        FDCE (Setup_fdce_C_D)        0.106   123.122    div/count_reg[20]
  -------------------------------------------------------------------
                         required time                        123.122    
                         arrival time                          -1.411    
  -------------------------------------------------------------------
                         slack                                121.711    





Min Delay Paths
--------------------------------------------------------------------------------------
Slack (MET) :             0.263ns  (arrival time - required time)
  Source:                 div/count_reg[0]/C
                            (rising edge-triggered cell FDCE clocked by clk_out1_clk_wiz_0  {rise@0.000ns fall@62.500ns period=125.000ns})
  Destination:            div/count_reg[0]/D
                            (rising edge-triggered cell FDCE clocked by clk_out1_clk_wiz_0  {rise@0.000ns fall@62.500ns period=125.000ns})
  Path Group:             clk_out1_clk_wiz_0
  Path Type:              Hold (Min at Fast Process Corner)
  Requirement:            0.000ns  (clk_out1_clk_wiz_0 rise@0.000ns - clk_out1_clk_wiz_0 rise@0.000ns)
  Data Path Delay:        0.383ns  (logic 0.209ns (54.553%)  route 0.174ns (45.447%))
  Logic Levels:           1  (LUT1=1)
  Clock Path Skew:        0.000ns (DCD - SCD - CPR)
    Destination Clock Delay (DCD):    -0.253ns
    Source Clock Delay      (SCD):    -0.487ns
    Clock Pessimism Removal (CPR):    0.234ns

    Location             Delay type                Incr(ns)  Path(ns)    Netlist Resource(s)
  -------------------------------------------------------------------    -------------------
                         (clock clk_out1_clk_wiz_0 rise edge)
                                                      0.000     0.000 r  
    Y9                                                0.000     0.000 r  clk (IN)
                         net (fo=0)                   0.000     0.000    pll/inst/clk_in1
    Y9                   IBUF (Prop_ibuf_I_O)         0.258     0.258 r  pll/inst/clkin1_ibufg/O
                         net (fo=1, routed)           0.440     0.698    pll/inst/clk_in1_clk_wiz_0
    PLLE2_ADV_X0Y0       PLLE2_ADV (Prop_plle2_adv_CLKIN1_CLKOUT0)
                                                     -2.384    -1.685 r  pll/inst/plle2_adv_inst/CLKOUT0
                         net (fo=1, routed)           0.533    -1.152    pll/inst/clk_out1_clk_wiz_0
    BUFGCTRL_X0Y0        BUFG (Prop_bufg_I_O)         0.026    -1.126 r  pll/inst/clkout1_buf/O
                         net (fo=24, routed)          0.640    -0.487    div/CLK
    SLICE_X112Y46        FDCE                                         r  div/count_reg[0]/C
  -------------------------------------------------------------------    -------------------
    SLICE_X112Y46        FDCE (Prop_fdce_C_Q)         0.164    -0.323 f  div/count_reg[0]/Q
                         net (fo=3, routed)           0.174    -0.149    div/count[0]
    SLICE_X112Y46        LUT1 (Prop_lut1_I0_O)        0.045    -0.104 r  div/count[0]_i_1/O
                         net (fo=1, routed)           0.000    -0.104    div/count_0[0]
    SLICE_X112Y46        FDCE                                         r  div/count_reg[0]/D
  -------------------------------------------------------------------    -------------------

                         (clock clk_out1_clk_wiz_0 rise edge)
                                                      0.000     0.000 r  
    Y9                                                0.000     0.000 r  clk (IN)
                         net (fo=0)                   0.000     0.000    pll/inst/clk_in1
    Y9                   IBUF (Prop_ibuf_I_O)         0.446     0.446 r  pll/inst/clkin1_ibufg/O
                         net (fo=1, routed)           0.481     0.927    pll/inst/clk_in1_clk_wiz_0
    PLLE2_ADV_X0Y0       PLLE2_ADV (Prop_plle2_adv_CLKIN1_CLKOUT0)
                                                     -2.700    -1.773 r  pll/inst/plle2_adv_inst/CLKOUT0
                         net (fo=1, routed)           0.580    -1.193    pll/inst/clk_out1_clk_wiz_0
    BUFGCTRL_X0Y0        BUFG (Prop_bufg_I_O)         0.029    -1.164 r  pll/inst/clkout1_buf/O
                         net (fo=24, routed)          0.911    -0.253    div/CLK
    SLICE_X112Y46        FDCE                                         r  div/count_reg[0]/C
                         clock pessimism             -0.234    -0.487    
    SLICE_X112Y46        FDCE (Hold_fdce_C_D)         0.120    -0.367    div/count_reg[0]
  -------------------------------------------------------------------
                         required time                          0.367    
                         arrival time                          -0.104    
  -------------------------------------------------------------------
                         slack                                  0.263    

Slack (MET) :             0.445ns  (arrival time - required time)
  Source:                 div/clk_1Hz_reg/C
                            (rising edge-triggered cell FDCE clocked by clk_out1_clk_wiz_0  {rise@0.000ns fall@62.500ns period=125.000ns})
  Destination:            div/clk_1Hz_reg/D
                            (rising edge-triggered cell FDCE clocked by clk_out1_clk_wiz_0  {rise@0.000ns fall@62.500ns period=125.000ns})
  Path Group:             clk_out1_clk_wiz_0
  Path Type:              Hold (Min at Fast Process Corner)
  Requirement:            0.000ns  (clk_out1_clk_wiz_0 rise@0.000ns - clk_out1_clk_wiz_0 rise@0.000ns)
  Data Path Delay:        0.536ns  (logic 0.186ns (34.723%)  route 0.350ns (65.277%))
  Logic Levels:           1  (LUT2=1)
  Clock Path Skew:        0.000ns (DCD - SCD - CPR)
    Destination Clock Delay (DCD):    -0.253ns
    Source Clock Delay      (SCD):    -0.487ns
    Clock Pessimism Removal (CPR):    0.234ns

    Location             Delay type                Incr(ns)  Path(ns)    Netlist Resource(s)
  -------------------------------------------------------------------    -------------------
                         (clock clk_out1_clk_wiz_0 rise edge)
                                                      0.000     0.000 r  
    Y9                                                0.000     0.000 r  clk (IN)
                         net (fo=0)                   0.000     0.000    pll/inst/clk_in1
    Y9                   IBUF (Prop_ibuf_I_O)         0.258     0.258 r  pll/inst/clkin1_ibufg/O
                         net (fo=1, routed)           0.440     0.698    pll/inst/clk_in1_clk_wiz_0
    PLLE2_ADV_X0Y0       PLLE2_ADV (Prop_plle2_adv_CLKIN1_CLKOUT0)
                                                     -2.384    -1.685 r  pll/inst/plle2_adv_inst/CLKOUT0
                         net (fo=1, routed)           0.533    -1.152    pll/inst/clk_out1_clk_wiz_0
    BUFGCTRL_X0Y0        BUFG (Prop_bufg_I_O)         0.026    -1.126 r  pll/inst/clkout1_buf/O
                         net (fo=24, routed)          0.640    -0.487    div/CLK
    SLICE_X111Y46        FDCE                                         r  div/clk_1Hz_reg/C
  -------------------------------------------------------------------    -------------------
    SLICE_X111Y46        FDCE (Prop_fdce_C_Q)         0.141    -0.346 r  div/clk_1Hz_reg/Q
                         net (fo=4, routed)           0.350     0.004    div/counter_reg[2]
    SLICE_X111Y46        LUT2 (Prop_lut2_I1_O)        0.045     0.049 r  div/clk_1Hz_i_1/O
                         net (fo=1, routed)           0.000     0.049    div/clk_1Hz_i_1_n_0
    SLICE_X111Y46        FDCE                                         r  div/clk_1Hz_reg/D
  -------------------------------------------------------------------    -------------------

                         (clock clk_out1_clk_wiz_0 rise edge)
                                                      0.000     0.000 r  
    Y9                                                0.000     0.000 r  clk (IN)
                         net (fo=0)                   0.000     0.000    pll/inst/clk_in1
    Y9                   IBUF (Prop_ibuf_I_O)         0.446     0.446 r  pll/inst/clkin1_ibufg/O
                         net (fo=1, routed)           0.481     0.927    pll/inst/clk_in1_clk_wiz_0
    PLLE2_ADV_X0Y0       PLLE2_ADV (Prop_plle2_adv_CLKIN1_CLKOUT0)
                                                     -2.700    -1.773 r  pll/inst/plle2_adv_inst/CLKOUT0
                         net (fo=1, routed)           0.580    -1.193    pll/inst/clk_out1_clk_wiz_0
    BUFGCTRL_X0Y0        BUFG (Prop_bufg_I_O)         0.029    -1.164 r  pll/inst/clkout1_buf/O
                         net (fo=24, routed)          0.911    -0.253    div/CLK
    SLICE_X111Y46        FDCE                                         r  div/clk_1Hz_reg/C
                         clock pessimism             -0.234    -0.487    
    SLICE_X111Y46        FDCE (Hold_fdce_C_D)         0.091    -0.396    div/clk_1Hz_reg
  -------------------------------------------------------------------
                         required time                          0.396    
                         arrival time                           0.049    
  -------------------------------------------------------------------
                         slack                                  0.445    

Slack (MET) :             0.485ns  (arrival time - required time)
  Source:                 div/count_reg[15]/C
                            (rising edge-triggered cell FDCE clocked by clk_out1_clk_wiz_0  {rise@0.000ns fall@62.500ns period=125.000ns})
  Destination:            div/count_reg[15]/D
                            (rising edge-triggered cell FDCE clocked by clk_out1_clk_wiz_0  {rise@0.000ns fall@62.500ns period=125.000ns})
  Path Group:             clk_out1_clk_wiz_0
  Path Type:              Hold (Min at Fast Process Corner)
  Requirement:            0.000ns  (clk_out1_clk_wiz_0 rise@0.000ns - clk_out1_clk_wiz_0 rise@0.000ns)
  Data Path Delay:        0.606ns  (logic 0.383ns (63.207%)  route 0.223ns (36.793%))
  Logic Levels:           2  (CARRY4=1 LUT2=1)
  Clock Path Skew:        0.000ns (DCD - SCD - CPR)
    Destination Clock Delay (DCD):    -0.252ns
    Source Clock Delay      (SCD):    -0.486ns
    Clock Pessimism Removal (CPR):    0.234ns

    Location             Delay type                Incr(ns)  Path(ns)    Netlist Resource(s)
  -------------------------------------------------------------------    -------------------
                         (clock clk_out1_clk_wiz_0 rise edge)
                                                      0.000     0.000 r  
    Y9                                                0.000     0.000 r  clk (IN)
                         net (fo=0)                   0.000     0.000    pll/inst/clk_in1
    Y9                   IBUF (Prop_ibuf_I_O)         0.258     0.258 r  pll/inst/clkin1_ibufg/O
                         net (fo=1, routed)           0.440     0.698    pll/inst/clk_in1_clk_wiz_0
    PLLE2_ADV_X0Y0       PLLE2_ADV (Prop_plle2_adv_CLKIN1_CLKOUT0)
                                                     -2.384    -1.685 r  pll/inst/plle2_adv_inst/CLKOUT0
                         net (fo=1, routed)           0.533    -1.152    pll/inst/clk_out1_clk_wiz_0
    BUFGCTRL_X0Y0        BUFG (Prop_bufg_I_O)         0.026    -1.126 r  pll/inst/clkout1_buf/O
                         net (fo=24, routed)          0.641    -0.486    div/CLK
    SLICE_X112Y47        FDCE                                         r  div/count_reg[15]/C
  -------------------------------------------------------------------    -------------------
    SLICE_X112Y47        FDCE (Prop_fdce_C_Q)         0.164    -0.322 r  div/count_reg[15]/Q
                         net (fo=2, routed)           0.059    -0.263    div/count[15]
    SLICE_X113Y47        CARRY4 (Prop_carry4_S[2]_O[2])
                                                      0.111    -0.152 r  div/count_reg[16]_i_2/O[2]
                         net (fo=1, routed)           0.164     0.012    div/data0[15]
    SLICE_X112Y47        LUT2 (Prop_lut2_I1_O)        0.108     0.120 r  div/count[15]_i_1/O
                         net (fo=1, routed)           0.000     0.120    div/count_0[15]
    SLICE_X112Y47        FDCE                                         r  div/count_reg[15]/D
  -------------------------------------------------------------------    -------------------

                         (clock clk_out1_clk_wiz_0 rise edge)
                                                      0.000     0.000 r  
    Y9                                                0.000     0.000 r  clk (IN)
                         net (fo=0)                   0.000     0.000    pll/inst/clk_in1
    Y9                   IBUF (Prop_ibuf_I_O)         0.446     0.446 r  pll/inst/clkin1_ibufg/O
                         net (fo=1, routed)           0.481     0.927    pll/inst/clk_in1_clk_wiz_0
    PLLE2_ADV_X0Y0       PLLE2_ADV (Prop_plle2_adv_CLKIN1_CLKOUT0)
                                                     -2.700    -1.773 r  pll/inst/plle2_adv_inst/CLKOUT0
                         net (fo=1, routed)           0.580    -1.193    pll/inst/clk_out1_clk_wiz_0
    BUFGCTRL_X0Y0        BUFG (Prop_bufg_I_O)         0.029    -1.164 r  pll/inst/clkout1_buf/O
                         net (fo=24, routed)          0.912    -0.252    div/CLK
    SLICE_X112Y47        FDCE                                         r  div/count_reg[15]/C
                         clock pessimism             -0.234    -0.486    
    SLICE_X112Y47        FDCE (Hold_fdce_C_D)         0.121    -0.365    div/count_reg[15]
  -------------------------------------------------------------------
                         required time                          0.365    
                         arrival time                           0.120    
  -------------------------------------------------------------------
                         slack                                  0.485    

Slack (MET) :             0.499ns  (arrival time - required time)
  Source:                 div/count_reg[15]/C
                            (rising edge-triggered cell FDCE clocked by clk_out1_clk_wiz_0  {rise@0.000ns fall@62.500ns period=125.000ns})
  Destination:            div/count_reg[16]/D
                            (rising edge-triggered cell FDCE clocked by clk_out1_clk_wiz_0  {rise@0.000ns fall@62.500ns period=125.000ns})
  Path Group:             clk_out1_clk_wiz_0
  Path Type:              Hold (Min at Fast Process Corner)
  Requirement:            0.000ns  (clk_out1_clk_wiz_0 rise@0.000ns - clk_out1_clk_wiz_0 rise@0.000ns)
  Data Path Delay:        0.620ns  (logic 0.418ns (67.398%)  route 0.202ns (32.602%))
  Logic Levels:           2  (CARRY4=1 LUT2=1)
  Clock Path Skew:        0.000ns (DCD - SCD - CPR)
    Destination Clock Delay (DCD):    -0.252ns
    Source Clock Delay      (SCD):    -0.486ns
    Clock Pessimism Removal (CPR):    0.234ns

    Location             Delay type                Incr(ns)  Path(ns)    Netlist Resource(s)
  -------------------------------------------------------------------    -------------------
                         (clock clk_out1_clk_wiz_0 rise edge)
                                                      0.000     0.000 r  
    Y9                                                0.000     0.000 r  clk (IN)
                         net (fo=0)                   0.000     0.000    pll/inst/clk_in1
    Y9                   IBUF (Prop_ibuf_I_O)         0.258     0.258 r  pll/inst/clkin1_ibufg/O
                         net (fo=1, routed)           0.440     0.698    pll/inst/clk_in1_clk_wiz_0
    PLLE2_ADV_X0Y0       PLLE2_ADV (Prop_plle2_adv_CLKIN1_CLKOUT0)
                                                     -2.384    -1.685 r  pll/inst/plle2_adv_inst/CLKOUT0
                         net (fo=1, routed)           0.533    -1.152    pll/inst/clk_out1_clk_wiz_0
    BUFGCTRL_X0Y0        BUFG (Prop_bufg_I_O)         0.026    -1.126 r  pll/inst/clkout1_buf/O
                         net (fo=24, routed)          0.641    -0.486    div/CLK
    SLICE_X112Y47        FDCE                                         r  div/count_reg[15]/C
  -------------------------------------------------------------------    -------------------
    SLICE_X112Y47        FDCE (Prop_fdce_C_Q)         0.164    -0.322 r  div/count_reg[15]/Q
                         net (fo=2, routed)           0.059    -0.263    div/count[15]
    SLICE_X113Y47        CARRY4 (Prop_carry4_S[2]_O[3])
                                                      0.144    -0.119 r  div/count_reg[16]_i_2/O[3]
                         net (fo=1, routed)           0.143     0.025    div/data0[16]
    SLICE_X112Y47        LUT2 (Prop_lut2_I1_O)        0.110     0.135 r  div/count[16]_i_1/O
                         net (fo=1, routed)           0.000     0.135    div/count_0[16]
    SLICE_X112Y47        FDCE                                         r  div/count_reg[16]/D
  -------------------------------------------------------------------    -------------------

                         (clock clk_out1_clk_wiz_0 rise edge)
                                                      0.000     0.000 r  
    Y9                                                0.000     0.000 r  clk (IN)
                         net (fo=0)                   0.000     0.000    pll/inst/clk_in1
    Y9                   IBUF (Prop_ibuf_I_O)         0.446     0.446 r  pll/inst/clkin1_ibufg/O
                         net (fo=1, routed)           0.481     0.927    pll/inst/clk_in1_clk_wiz_0
    PLLE2_ADV_X0Y0       PLLE2_ADV (Prop_plle2_adv_CLKIN1_CLKOUT0)
                                                     -2.700    -1.773 r  pll/inst/plle2_adv_inst/CLKOUT0
                         net (fo=1, routed)           0.580    -1.193    pll/inst/clk_out1_clk_wiz_0
    BUFGCTRL_X0Y0        BUFG (Prop_bufg_I_O)         0.029    -1.164 r  pll/inst/clkout1_buf/O
                         net (fo=24, routed)          0.912    -0.252    div/CLK
    SLICE_X112Y47        FDCE                                         r  div/count_reg[16]/C
                         clock pessimism             -0.234    -0.486    
    SLICE_X112Y47        FDCE (Hold_fdce_C_D)         0.121    -0.365    div/count_reg[16]
  -------------------------------------------------------------------
                         required time                          0.365    
                         arrival time                           0.135    
  -------------------------------------------------------------------
                         slack                                  0.499    

Slack (MET) :             0.533ns  (arrival time - required time)
  Source:                 div/count_reg[11]/C
                            (rising edge-triggered cell FDCE clocked by clk_out1_clk_wiz_0  {rise@0.000ns fall@62.500ns period=125.000ns})
  Destination:            div/count_reg[11]/D
                            (rising edge-triggered cell FDCE clocked by clk_out1_clk_wiz_0  {rise@0.000ns fall@62.500ns period=125.000ns})
  Path Group:             clk_out1_clk_wiz_0
  Path Type:              Hold (Min at Fast Process Corner)
  Requirement:            0.000ns  (clk_out1_clk_wiz_0 rise@0.000ns - clk_out1_clk_wiz_0 rise@0.000ns)
  Data Path Delay:        0.654ns  (logic 0.383ns (58.536%)  route 0.271ns (41.464%))
  Logic Levels:           2  (CARRY4=1 LUT2=1)
  Clock Path Skew:        0.000ns (DCD - SCD - CPR)
    Destination Clock Delay (DCD):    -0.252ns
    Source Clock Delay      (SCD):    -0.486ns
    Clock Pessimism Removal (CPR):    0.234ns

    Location             Delay type                Incr(ns)  Path(ns)    Netlist Resource(s)
  -------------------------------------------------------------------    -------------------
                         (clock clk_out1_clk_wiz_0 rise edge)
                                                      0.000     0.000 r  
    Y9                                                0.000     0.000 r  clk (IN)
                         net (fo=0)                   0.000     0.000    pll/inst/clk_in1
    Y9                   IBUF (Prop_ibuf_I_O)         0.258     0.258 r  pll/inst/clkin1_ibufg/O
                         net (fo=1, routed)           0.440     0.698    pll/inst/clk_in1_clk_wiz_0
    PLLE2_ADV_X0Y0       PLLE2_ADV (Prop_plle2_adv_CLKIN1_CLKOUT0)
                                                     -2.384    -1.685 r  pll/inst/plle2_adv_inst/CLKOUT0
                         net (fo=1, routed)           0.533    -1.152    pll/inst/clk_out1_clk_wiz_0
    BUFGCTRL_X0Y0        BUFG (Prop_bufg_I_O)         0.026    -1.126 r  pll/inst/clkout1_buf/O
                         net (fo=24, routed)          0.641    -0.486    div/CLK
    SLICE_X112Y48        FDCE                                         r  div/count_reg[11]/C
  -------------------------------------------------------------------    -------------------
    SLICE_X112Y48        FDCE (Prop_fdce_C_Q)         0.164    -0.322 r  div/count_reg[11]/Q
                         net (fo=2, routed)           0.119    -0.202    div/count[11]
    SLICE_X113Y46        CARRY4 (Prop_carry4_S[2]_O[2])
                                                      0.111    -0.091 r  div/count_reg[12]_i_2/O[2]
                         net (fo=1, routed)           0.152     0.061    div/data0[11]
    SLICE_X112Y48        LUT2 (Prop_lut2_I1_O)        0.108     0.169 r  div/count[11]_i_1/O
                         net (fo=1, routed)           0.000     0.169    div/count_0[11]
    SLICE_X112Y48        FDCE                                         r  div/count_reg[11]/D
  -------------------------------------------------------------------    -------------------

                         (clock clk_out1_clk_wiz_0 rise edge)
                                                      0.000     0.000 r  
    Y9                                                0.000     0.000 r  clk (IN)
                         net (fo=0)                   0.000     0.000    pll/inst/clk_in1
    Y9                   IBUF (Prop_ibuf_I_O)         0.446     0.446 r  pll/inst/clkin1_ibufg/O
                         net (fo=1, routed)           0.481     0.927    pll/inst/clk_in1_clk_wiz_0
    PLLE2_ADV_X0Y0       PLLE2_ADV (Prop_plle2_adv_CLKIN1_CLKOUT0)
                                                     -2.700    -1.773 r  pll/inst/plle2_adv_inst/CLKOUT0
                         net (fo=1, routed)           0.580    -1.193    pll/inst/clk_out1_clk_wiz_0
    BUFGCTRL_X0Y0        BUFG (Prop_bufg_I_O)         0.029    -1.164 r  pll/inst/clkout1_buf/O
                         net (fo=24, routed)          0.912    -0.252    div/CLK
    SLICE_X112Y48        FDCE                                         r  div/count_reg[11]/C
                         clock pessimism             -0.234    -0.486    
    SLICE_X112Y48        FDCE (Hold_fdce_C_D)         0.121    -0.365    div/count_reg[11]
  -------------------------------------------------------------------
                         required time                          0.365    
                         arrival time                           0.169    
  -------------------------------------------------------------------
                         slack                                  0.533    

Slack (MET) :             0.545ns  (arrival time - required time)
  Source:                 div/count_reg[19]/C
                            (rising edge-triggered cell FDCE clocked by clk_out1_clk_wiz_0  {rise@0.000ns fall@62.500ns period=125.000ns})
  Destination:            div/count_reg[19]/D
                            (rising edge-triggered cell FDCE clocked by clk_out1_clk_wiz_0  {rise@0.000ns fall@62.500ns period=125.000ns})
  Path Group:             clk_out1_clk_wiz_0
  Path Type:              Hold (Min at Fast Process Corner)
  Requirement:            0.000ns  (clk_out1_clk_wiz_0 rise@0.000ns - clk_out1_clk_wiz_0 rise@0.000ns)
  Data Path Delay:        0.676ns  (logic 0.423ns (62.593%)  route 0.253ns (37.407%))
  Logic Levels:           2  (CARRY4=1 LUT2=1)
  Clock Path Skew:        0.000ns (DCD - SCD - CPR)
    Destination Clock Delay (DCD):    -0.252ns
    Source Clock Delay      (SCD):    -0.486ns
    Clock Pessimism Removal (CPR):    0.234ns

    Location             Delay type                Incr(ns)  Path(ns)    Netlist Resource(s)
  -------------------------------------------------------------------    -------------------
                         (clock clk_out1_clk_wiz_0 rise edge)
                                                      0.000     0.000 r  
    Y9                                                0.000     0.000 r  clk (IN)
                         net (fo=0)                   0.000     0.000    pll/inst/clk_in1
    Y9                   IBUF (Prop_ibuf_I_O)         0.258     0.258 r  pll/inst/clkin1_ibufg/O
                         net (fo=1, routed)           0.440     0.698    pll/inst/clk_in1_clk_wiz_0
    PLLE2_ADV_X0Y0       PLLE2_ADV (Prop_plle2_adv_CLKIN1_CLKOUT0)
                                                     -2.384    -1.685 r  pll/inst/plle2_adv_inst/CLKOUT0
                         net (fo=1, routed)           0.533    -1.152    pll/inst/clk_out1_clk_wiz_0
    BUFGCTRL_X0Y0        BUFG (Prop_bufg_I_O)         0.026    -1.126 r  pll/inst/clkout1_buf/O
                         net (fo=24, routed)          0.641    -0.486    div/CLK
    SLICE_X112Y47        FDCE                                         r  div/count_reg[19]/C
  -------------------------------------------------------------------    -------------------
    SLICE_X112Y47        FDCE (Prop_fdce_C_Q)         0.148    -0.338 r  div/count_reg[19]/Q
                         net (fo=2, routed)           0.111    -0.226    div/count[19]
    SLICE_X113Y48        CARRY4 (Prop_carry4_S[2]_O[2])
                                                      0.164    -0.062 r  div/count_reg[20]_i_2/O[2]
                         net (fo=1, routed)           0.142     0.079    div/data0[19]
    SLICE_X112Y47        LUT2 (Prop_lut2_I1_O)        0.111     0.190 r  div/count[19]_i_1/O
                         net (fo=1, routed)           0.000     0.190    div/count_0[19]
    SLICE_X112Y47        FDCE                                         r  div/count_reg[19]/D
  -------------------------------------------------------------------    -------------------

                         (clock clk_out1_clk_wiz_0 rise edge)
                                                      0.000     0.000 r  
    Y9                                                0.000     0.000 r  clk (IN)
                         net (fo=0)                   0.000     0.000    pll/inst/clk_in1
    Y9                   IBUF (Prop_ibuf_I_O)         0.446     0.446 r  pll/inst/clkin1_ibufg/O
                         net (fo=1, routed)           0.481     0.927    pll/inst/clk_in1_clk_wiz_0
    PLLE2_ADV_X0Y0       PLLE2_ADV (Prop_plle2_adv_CLKIN1_CLKOUT0)
                                                     -2.700    -1.773 r  pll/inst/plle2_adv_inst/CLKOUT0
                         net (fo=1, routed)           0.580    -1.193    pll/inst/clk_out1_clk_wiz_0
    BUFGCTRL_X0Y0        BUFG (Prop_bufg_I_O)         0.029    -1.164 r  pll/inst/clkout1_buf/O
                         net (fo=24, routed)          0.912    -0.252    div/CLK
    SLICE_X112Y47        FDCE                                         r  div/count_reg[19]/C
                         clock pessimism             -0.234    -0.486    
    SLICE_X112Y47        FDCE (Hold_fdce_C_D)         0.131    -0.355    div/count_reg[19]
  -------------------------------------------------------------------
                         required time                          0.355    
                         arrival time                           0.190    
  -------------------------------------------------------------------
                         slack                                  0.545    

Slack (MET) :             0.565ns  (arrival time - required time)
  Source:                 div/count_reg[18]/C
                            (rising edge-triggered cell FDCE clocked by clk_out1_clk_wiz_0  {rise@0.000ns fall@62.500ns period=125.000ns})
  Destination:            div/count_reg[18]/D
                            (rising edge-triggered cell FDCE clocked by clk_out1_clk_wiz_0  {rise@0.000ns fall@62.500ns period=125.000ns})
  Path Group:             clk_out1_clk_wiz_0
  Path Type:              Hold (Min at Fast Process Corner)
  Requirement:            0.000ns  (clk_out1_clk_wiz_0 rise@0.000ns - clk_out1_clk_wiz_0 rise@0.000ns)
  Data Path Delay:        0.696ns  (logic 0.416ns (59.774%)  route 0.280ns (40.226%))
  Logic Levels:           2  (CARRY4=1 LUT2=1)
  Clock Path Skew:        0.000ns (DCD - SCD - CPR)
    Destination Clock Delay (DCD):    -0.252ns
    Source Clock Delay      (SCD):    -0.486ns
    Clock Pessimism Removal (CPR):    0.234ns

    Location             Delay type                Incr(ns)  Path(ns)    Netlist Resource(s)
  -------------------------------------------------------------------    -------------------
                         (clock clk_out1_clk_wiz_0 rise edge)
                                                      0.000     0.000 r  
    Y9                                                0.000     0.000 r  clk (IN)
                         net (fo=0)                   0.000     0.000    pll/inst/clk_in1
    Y9                   IBUF (Prop_ibuf_I_O)         0.258     0.258 r  pll/inst/clkin1_ibufg/O
                         net (fo=1, routed)           0.440     0.698    pll/inst/clk_in1_clk_wiz_0
    PLLE2_ADV_X0Y0       PLLE2_ADV (Prop_plle2_adv_CLKIN1_CLKOUT0)
                                                     -2.384    -1.685 r  pll/inst/plle2_adv_inst/CLKOUT0
                         net (fo=1, routed)           0.533    -1.152    pll/inst/clk_out1_clk_wiz_0
    BUFGCTRL_X0Y0        BUFG (Prop_bufg_I_O)         0.026    -1.126 r  pll/inst/clkout1_buf/O
                         net (fo=24, routed)          0.641    -0.486    div/CLK
    SLICE_X112Y48        FDCE                                         r  div/count_reg[18]/C
  -------------------------------------------------------------------    -------------------
    SLICE_X112Y48        FDCE (Prop_fdce_C_Q)         0.148    -0.338 r  div/count_reg[18]/Q
                         net (fo=2, routed)           0.116    -0.221    div/count[18]
    SLICE_X113Y48        CARRY4 (Prop_carry4_S[1]_O[1])
                                                      0.163    -0.058 r  div/count_reg[20]_i_2/O[1]
                         net (fo=1, routed)           0.163     0.105    div/data0[18]
    SLICE_X112Y48        LUT2 (Prop_lut2_I1_O)        0.105     0.210 r  div/count[18]_i_1/O
                         net (fo=1, routed)           0.000     0.210    div/count_0[18]
    SLICE_X112Y48        FDCE                                         r  div/count_reg[18]/D
  -------------------------------------------------------------------    -------------------

                         (clock clk_out1_clk_wiz_0 rise edge)
                                                      0.000     0.000 r  
    Y9                                                0.000     0.000 r  clk (IN)
                         net (fo=0)                   0.000     0.000    pll/inst/clk_in1
    Y9                   IBUF (Prop_ibuf_I_O)         0.446     0.446 r  pll/inst/clkin1_ibufg/O
                         net (fo=1, routed)           0.481     0.927    pll/inst/clk_in1_clk_wiz_0
    PLLE2_ADV_X0Y0       PLLE2_ADV (Prop_plle2_adv_CLKIN1_CLKOUT0)
                                                     -2.700    -1.773 r  pll/inst/plle2_adv_inst/CLKOUT0
                         net (fo=1, routed)           0.580    -1.193    pll/inst/clk_out1_clk_wiz_0
    BUFGCTRL_X0Y0        BUFG (Prop_bufg_I_O)         0.029    -1.164 r  pll/inst/clkout1_buf/O
                         net (fo=24, routed)          0.912    -0.252    div/CLK
    SLICE_X112Y48        FDCE                                         r  div/count_reg[18]/C
                         clock pessimism             -0.234    -0.486    
    SLICE_X112Y48        FDCE (Hold_fdce_C_D)         0.131    -0.355    div/count_reg[18]
  -------------------------------------------------------------------
                         required time                          0.355    
                         arrival time                           0.210    
  -------------------------------------------------------------------
                         slack                                  0.565    

Slack (MET) :             0.571ns  (arrival time - required time)
  Source:                 div/count_reg[7]/C
                            (rising edge-triggered cell FDCE clocked by clk_out1_clk_wiz_0  {rise@0.000ns fall@62.500ns period=125.000ns})
  Destination:            div/count_reg[7]/D
                            (rising edge-triggered cell FDCE clocked by clk_out1_clk_wiz_0  {rise@0.000ns fall@62.500ns period=125.000ns})
  Path Group:             clk_out1_clk_wiz_0
  Path Type:              Hold (Min at Fast Process Corner)
  Requirement:            0.000ns  (clk_out1_clk_wiz_0 rise@0.000ns - clk_out1_clk_wiz_0 rise@0.000ns)
  Data Path Delay:        0.702ns  (logic 0.419ns (59.710%)  route 0.283ns (40.290%))
  Logic Levels:           2  (CARRY4=1 LUT2=1)
  Clock Path Skew:        0.000ns (DCD - SCD - CPR)
    Destination Clock Delay (DCD):    -0.253ns
    Source Clock Delay      (SCD):    -0.487ns
    Clock Pessimism Removal (CPR):    0.234ns

    Location             Delay type                Incr(ns)  Path(ns)    Netlist Resource(s)
  -------------------------------------------------------------------    -------------------
                         (clock clk_out1_clk_wiz_0 rise edge)
                                                      0.000     0.000 r  
    Y9                                                0.000     0.000 r  clk (IN)
                         net (fo=0)                   0.000     0.000    pll/inst/clk_in1
    Y9                   IBUF (Prop_ibuf_I_O)         0.258     0.258 r  pll/inst/clkin1_ibufg/O
                         net (fo=1, routed)           0.440     0.698    pll/inst/clk_in1_clk_wiz_0
    PLLE2_ADV_X0Y0       PLLE2_ADV (Prop_plle2_adv_CLKIN1_CLKOUT0)
                                                     -2.384    -1.685 r  pll/inst/plle2_adv_inst/CLKOUT0
                         net (fo=1, routed)           0.533    -1.152    pll/inst/clk_out1_clk_wiz_0
    BUFGCTRL_X0Y0        BUFG (Prop_bufg_I_O)         0.026    -1.126 r  pll/inst/clkout1_buf/O
                         net (fo=24, routed)          0.640    -0.487    div/CLK
    SLICE_X112Y45        FDCE                                         r  div/count_reg[7]/C
  -------------------------------------------------------------------    -------------------
    SLICE_X112Y45        FDCE (Prop_fdce_C_Q)         0.148    -0.339 r  div/count_reg[7]/Q
                         net (fo=2, routed)           0.119    -0.220    div/count[7]
    SLICE_X113Y45        CARRY4 (Prop_carry4_S[2]_O[2])
                                                      0.165    -0.055 r  div/count_reg[8]_i_2/O[2]
                         net (fo=1, routed)           0.164     0.109    div/data0[7]
    SLICE_X112Y45        LUT2 (Prop_lut2_I1_O)        0.106     0.215 r  div/count[7]_i_1/O
                         net (fo=1, routed)           0.000     0.215    div/count_0[7]
    SLICE_X112Y45        FDCE                                         r  div/count_reg[7]/D
  -------------------------------------------------------------------    -------------------

                         (clock clk_out1_clk_wiz_0 rise edge)
                                                      0.000     0.000 r  
    Y9                                                0.000     0.000 r  clk (IN)
                         net (fo=0)                   0.000     0.000    pll/inst/clk_in1
    Y9                   IBUF (Prop_ibuf_I_O)         0.446     0.446 r  pll/inst/clkin1_ibufg/O
                         net (fo=1, routed)           0.481     0.927    pll/inst/clk_in1_clk_wiz_0
    PLLE2_ADV_X0Y0       PLLE2_ADV (Prop_plle2_adv_CLKIN1_CLKOUT0)
                                                     -2.700    -1.773 r  pll/inst/plle2_adv_inst/CLKOUT0
                         net (fo=1, routed)           0.580    -1.193    pll/inst/clk_out1_clk_wiz_0
    BUFGCTRL_X0Y0        BUFG (Prop_bufg_I_O)         0.029    -1.164 r  pll/inst/clkout1_buf/O
                         net (fo=24, routed)          0.911    -0.253    div/CLK
    SLICE_X112Y45        FDCE                                         r  div/count_reg[7]/C
                         clock pessimism             -0.234    -0.487    
    SLICE_X112Y45        FDCE (Hold_fdce_C_D)         0.131    -0.356    div/count_reg[7]
  -------------------------------------------------------------------
                         required time                          0.356    
                         arrival time                           0.215    
  -------------------------------------------------------------------
                         slack                                  0.571    

Slack (MET) :             0.572ns  (arrival time - required time)
  Source:                 div/count_reg[3]/C
                            (rising edge-triggered cell FDCE clocked by clk_out1_clk_wiz_0  {rise@0.000ns fall@62.500ns period=125.000ns})
  Destination:            div/count_reg[3]/D
                            (rising edge-triggered cell FDCE clocked by clk_out1_clk_wiz_0  {rise@0.000ns fall@62.500ns period=125.000ns})
  Path Group:             clk_out1_clk_wiz_0
  Path Type:              Hold (Min at Fast Process Corner)
  Requirement:            0.000ns  (clk_out1_clk_wiz_0 rise@0.000ns - clk_out1_clk_wiz_0 rise@0.000ns)
  Data Path Delay:        0.703ns  (logic 0.418ns (59.455%)  route 0.285ns (40.545%))
  Logic Levels:           2  (CARRY4=1 LUT2=1)
  Clock Path Skew:        0.000ns (DCD - SCD - CPR)
    Destination Clock Delay (DCD):    -0.253ns
    Source Clock Delay      (SCD):    -0.487ns
    Clock Pessimism Removal (CPR):    0.234ns

    Location             Delay type                Incr(ns)  Path(ns)    Netlist Resource(s)
  -------------------------------------------------------------------    -------------------
                         (clock clk_out1_clk_wiz_0 rise edge)
                                                      0.000     0.000 r  
    Y9                                                0.000     0.000 r  clk (IN)
                         net (fo=0)                   0.000     0.000    pll/inst/clk_in1
    Y9                   IBUF (Prop_ibuf_I_O)         0.258     0.258 r  pll/inst/clkin1_ibufg/O
                         net (fo=1, routed)           0.440     0.698    pll/inst/clk_in1_clk_wiz_0
    PLLE2_ADV_X0Y0       PLLE2_ADV (Prop_plle2_adv_CLKIN1_CLKOUT0)
                                                     -2.384    -1.685 r  pll/inst/plle2_adv_inst/CLKOUT0
                         net (fo=1, routed)           0.533    -1.152    pll/inst/clk_out1_clk_wiz_0
    BUFGCTRL_X0Y0        BUFG (Prop_bufg_I_O)         0.026    -1.126 r  pll/inst/clkout1_buf/O
                         net (fo=24, routed)          0.640    -0.487    div/CLK
    SLICE_X112Y44        FDCE                                         r  div/count_reg[3]/C
  -------------------------------------------------------------------    -------------------
    SLICE_X112Y44        FDCE (Prop_fdce_C_Q)         0.148    -0.339 r  div/count_reg[3]/Q
                         net (fo=2, routed)           0.121    -0.218    div/count[3]
    SLICE_X113Y44        CARRY4 (Prop_carry4_S[2]_O[2])
                                                      0.164    -0.054 r  div/count_reg[4]_i_2/O[2]
                         net (fo=1, routed)           0.164     0.110    div/data0[3]
    SLICE_X112Y44        LUT2 (Prop_lut2_I1_O)        0.106     0.216 r  div/count[3]_i_1/O
                         net (fo=1, routed)           0.000     0.216    div/count_0[3]
    SLICE_X112Y44        FDCE                                         r  div/count_reg[3]/D
  -------------------------------------------------------------------    -------------------

                         (clock clk_out1_clk_wiz_0 rise edge)
                                                      0.000     0.000 r  
    Y9                                                0.000     0.000 r  clk (IN)
                         net (fo=0)                   0.000     0.000    pll/inst/clk_in1
    Y9                   IBUF (Prop_ibuf_I_O)         0.446     0.446 r  pll/inst/clkin1_ibufg/O
                         net (fo=1, routed)           0.481     0.927    pll/inst/clk_in1_clk_wiz_0
    PLLE2_ADV_X0Y0       PLLE2_ADV (Prop_plle2_adv_CLKIN1_CLKOUT0)
                                                     -2.700    -1.773 r  pll/inst/plle2_adv_inst/CLKOUT0
                         net (fo=1, routed)           0.580    -1.193    pll/inst/clk_out1_clk_wiz_0
    BUFGCTRL_X0Y0        BUFG (Prop_bufg_I_O)         0.029    -1.164 r  pll/inst/clkout1_buf/O
                         net (fo=24, routed)          0.911    -0.253    div/CLK
    SLICE_X112Y44        FDCE                                         r  div/count_reg[3]/C
                         clock pessimism             -0.234    -0.487    
    SLICE_X112Y44        FDCE (Hold_fdce_C_D)         0.131    -0.356    div/count_reg[3]
  -------------------------------------------------------------------
                         required time                          0.356    
                         arrival time                           0.216    
  -------------------------------------------------------------------
                         slack                                  0.572    

Slack (MET) :             0.598ns  (arrival time - required time)
  Source:                 div/count_reg[11]/C
                            (rising edge-triggered cell FDCE clocked by clk_out1_clk_wiz_0  {rise@0.000ns fall@62.500ns period=125.000ns})
  Destination:            div/count_reg[12]/D
                            (rising edge-triggered cell FDCE clocked by clk_out1_clk_wiz_0  {rise@0.000ns fall@62.500ns period=125.000ns})
  Path Group:             clk_out1_clk_wiz_0
  Path Type:              Hold (Min at Fast Process Corner)
  Requirement:            0.000ns  (clk_out1_clk_wiz_0 rise@0.000ns - clk_out1_clk_wiz_0 rise@0.000ns)
  Data Path Delay:        0.734ns  (logic 0.418ns (56.954%)  route 0.316ns (43.046%))
  Logic Levels:           2  (CARRY4=1 LUT2=1)
  Clock Path Skew:        0.016ns (DCD - SCD - CPR)
    Destination Clock Delay (DCD):    -0.252ns
    Source Clock Delay      (SCD):    -0.486ns
    Clock Pessimism Removal (CPR):    0.218ns

    Location             Delay type                Incr(ns)  Path(ns)    Netlist Resource(s)
  -------------------------------------------------------------------    -------------------
                         (clock clk_out1_clk_wiz_0 rise edge)
                                                      0.000     0.000 r  
    Y9                                                0.000     0.000 r  clk (IN)
                         net (fo=0)                   0.000     0.000    pll/inst/clk_in1
    Y9                   IBUF (Prop_ibuf_I_O)         0.258     0.258 r  pll/inst/clkin1_ibufg/O
                         net (fo=1, routed)           0.440     0.698    pll/inst/clk_in1_clk_wiz_0
    PLLE2_ADV_X0Y0       PLLE2_ADV (Prop_plle2_adv_CLKIN1_CLKOUT0)
                                                     -2.384    -1.685 r  pll/inst/plle2_adv_inst/CLKOUT0
                         net (fo=1, routed)           0.533    -1.152    pll/inst/clk_out1_clk_wiz_0
    BUFGCTRL_X0Y0        BUFG (Prop_bufg_I_O)         0.026    -1.126 r  pll/inst/clkout1_buf/O
                         net (fo=24, routed)          0.641    -0.486    div/CLK
    SLICE_X112Y48        FDCE                                         r  div/count_reg[11]/C
  -------------------------------------------------------------------    -------------------
    SLICE_X112Y48        FDCE (Prop_fdce_C_Q)         0.164    -0.322 r  div/count_reg[11]/Q
                         net (fo=2, routed)           0.119    -0.202    div/count[11]
    SLICE_X113Y46        CARRY4 (Prop_carry4_S[2]_O[3])
                                                      0.144    -0.058 r  div/count_reg[12]_i_2/O[3]
                         net (fo=1, routed)           0.196     0.138    div/data0[12]
    SLICE_X112Y47        LUT2 (Prop_lut2_I1_O)        0.110     0.248 r  div/count[12]_i_1/O
                         net (fo=1, routed)           0.000     0.248    div/count_0[12]
    SLICE_X112Y47        FDCE                                         r  div/count_reg[12]/D
  -------------------------------------------------------------------    -------------------

                         (clock clk_out1_clk_wiz_0 rise edge)
                                                      0.000     0.000 r  
    Y9                                                0.000     0.000 r  clk (IN)
                         net (fo=0)                   0.000     0.000    pll/inst/clk_in1
    Y9                   IBUF (Prop_ibuf_I_O)         0.446     0.446 r  pll/inst/clkin1_ibufg/O
                         net (fo=1, routed)           0.481     0.927    pll/inst/clk_in1_clk_wiz_0
    PLLE2_ADV_X0Y0       PLLE2_ADV (Prop_plle2_adv_CLKIN1_CLKOUT0)
                                                     -2.700    -1.773 r  pll/inst/plle2_adv_inst/CLKOUT0
                         net (fo=1, routed)           0.580    -1.193    pll/inst/clk_out1_clk_wiz_0
    BUFGCTRL_X0Y0        BUFG (Prop_bufg_I_O)         0.029    -1.164 r  pll/inst/clkout1_buf/O
                         net (fo=24, routed)          0.912    -0.252    div/CLK
    SLICE_X112Y47        FDCE                                         r  div/count_reg[12]/C
                         clock pessimism             -0.218    -0.470    
    SLICE_X112Y47        FDCE (Hold_fdce_C_D)         0.120    -0.350    div/count_reg[12]
  -------------------------------------------------------------------
                         required time                          0.350    
                         arrival time                           0.248    
  -------------------------------------------------------------------
                         slack                                  0.598    





Pulse Width Checks
--------------------------------------------------------------------------------------
Clock Name:         clk_out1_clk_wiz_0
Waveform(ns):       { 0.000 62.500 }
Period(ns):         125.000
Sources:            { pll/inst/plle2_adv_inst/CLKOUT0 }

Check Type        Corner  Lib Pin            Reference Pin  Required(ns)  Actual(ns)  Slack(ns)  Location        Pin
Min Period        n/a     BUFG/I             n/a            1.592         125.000     123.408    BUFGCTRL_X0Y0   pll/inst/clkout1_buf/I
Min Period        n/a     PLLE2_ADV/CLKOUT0  n/a            1.249         125.000     123.751    PLLE2_ADV_X0Y0  pll/inst/plle2_adv_inst/CLKOUT0
Min Period        n/a     FDCE/C             n/a            1.000         125.000     124.000    SLICE_X111Y46   div/clk_1Hz_reg/C
Min Period        n/a     FDCE/C             n/a            1.000         125.000     124.000    SLICE_X112Y46   div/count_reg[0]/C
Min Period        n/a     FDCE/C             n/a            1.000         125.000     124.000    SLICE_X112Y48   div/count_reg[10]/C
Min Period        n/a     FDCE/C             n/a            1.000         125.000     124.000    SLICE_X112Y48   div/count_reg[11]/C
Min Period        n/a     FDCE/C             n/a            1.000         125.000     124.000    SLICE_X112Y47   div/count_reg[12]/C
Min Period        n/a     FDCE/C             n/a            1.000         125.000     124.000    SLICE_X112Y48   div/count_reg[13]/C
Min Period        n/a     FDCE/C             n/a            1.000         125.000     124.000    SLICE_X112Y46   div/count_reg[14]/C
Min Period        n/a     FDCE/C             n/a            1.000         125.000     124.000    SLICE_X112Y47   div/count_reg[15]/C
Max Period        n/a     PLLE2_ADV/CLKOUT0  n/a            160.000       125.000     35.000     PLLE2_ADV_X0Y0  pll/inst/plle2_adv_inst/CLKOUT0
Low Pulse Width   Slow    FDCE/C             n/a            0.500         62.500      62.000     SLICE_X111Y46   div/clk_1Hz_reg/C
Low Pulse Width   Fast    FDCE/C             n/a            0.500         62.500      62.000     SLICE_X111Y46   div/clk_1Hz_reg/C
Low Pulse Width   Slow    FDCE/C             n/a            0.500         62.500      62.000     SLICE_X112Y46   div/count_reg[0]/C
Low Pulse Width   Fast    FDCE/C             n/a            0.500         62.500      62.000     SLICE_X112Y46   div/count_reg[0]/C
Low Pulse Width   Slow    FDCE/C             n/a            0.500         62.500      62.000     SLICE_X112Y48   div/count_reg[10]/C
Low Pulse Width   Slow    FDCE/C             n/a            0.500         62.500      62.000     SLICE_X112Y48   div/count_reg[11]/C
Low Pulse Width   Slow    FDCE/C             n/a            0.500         62.500      62.000     SLICE_X112Y47   div/count_reg[12]/C
Low Pulse Width   Slow    FDCE/C             n/a            0.500         62.500      62.000     SLICE_X112Y48   div/count_reg[13]/C
Low Pulse Width   Slow    FDCE/C             n/a            0.500         62.500      62.000     SLICE_X112Y46   div/count_reg[14]/C
Low Pulse Width   Fast    FDCE/C             n/a            0.500         62.500      62.000     SLICE_X112Y46   div/count_reg[14]/C
High Pulse Width  Slow    FDCE/C             n/a            0.500         62.500      62.000     SLICE_X111Y46   div/clk_1Hz_reg/C
High Pulse Width  Fast    FDCE/C             n/a            0.500         62.500      62.000     SLICE_X111Y46   div/clk_1Hz_reg/C
High Pulse Width  Slow    FDCE/C             n/a            0.500         62.500      62.000     SLICE_X112Y46   div/count_reg[0]/C
High Pulse Width  Fast    FDCE/C             n/a            0.500         62.500      62.000     SLICE_X112Y46   div/count_reg[0]/C
High Pulse Width  Slow    FDCE/C             n/a            0.500         62.500      62.000     SLICE_X112Y48   div/count_reg[10]/C
High Pulse Width  Fast    FDCE/C             n/a            0.500         62.500      62.000     SLICE_X112Y48   div/count_reg[10]/C
High Pulse Width  Slow    FDCE/C             n/a            0.500         62.500      62.000     SLICE_X112Y48   div/count_reg[11]/C
High Pulse Width  Fast    FDCE/C             n/a            0.500         62.500      62.000     SLICE_X112Y48   div/count_reg[11]/C
High Pulse Width  Slow    FDCE/C             n/a            0.500         62.500      62.000     SLICE_X112Y47   div/count_reg[12]/C
High Pulse Width  Fast    FDCE/C             n/a            0.500         62.500      62.000     SLICE_X112Y47   div/count_reg[12]/C



---------------------------------------------------------------------------------------------------
From Clock:  clkfbout_clk_wiz_0
  To Clock:  clkfbout_clk_wiz_0

Setup :           NA  Failing Endpoints,  Worst Slack           NA  ,  Total Violation           NA
Hold  :           NA  Failing Endpoints,  Worst Slack           NA  ,  Total Violation           NA
PW    :            0  Failing Endpoints,  Worst Slack        2.633ns,  Total Violation        0.000ns
---------------------------------------------------------------------------------------------------


Pulse Width Checks
--------------------------------------------------------------------------------------
Clock Name:         clkfbout_clk_wiz_0
Waveform(ns):       { 0.000 25.000 }
Period(ns):         50.000
Sources:            { pll/inst/plle2_adv_inst/CLKFBOUT }

Check Type  Corner  Lib Pin             Reference Pin  Required(ns)  Actual(ns)  Slack(ns)  Location        Pin
Min Period  n/a     BUFG/I              n/a            1.592         50.000      48.408     BUFGCTRL_X0Y1   pll/inst/clkf_buf/I
Min Period  n/a     PLLE2_ADV/CLKFBOUT  n/a            1.249         50.000      48.751     PLLE2_ADV_X0Y0  pll/inst/plle2_adv_inst/CLKFBOUT
Min Period  n/a     PLLE2_ADV/CLKFBIN   n/a            1.249         50.000      48.751     PLLE2_ADV_X0Y0  pll/inst/plle2_adv_inst/CLKFBIN
Max Period  n/a     PLLE2_ADV/CLKFBIN   n/a            52.633        50.000      2.633      PLLE2_ADV_X0Y0  pll/inst/plle2_adv_inst/CLKFBIN
Max Period  n/a     PLLE2_ADV/CLKFBOUT  n/a            160.000       50.000      110.000    PLLE2_ADV_X0Y0  pll/inst/plle2_adv_inst/CLKFBOUT



