$date
	Wed Jul 22 00:06:39 2026
$end
$version
	QuestaSim Version 2021.1
$end
$timescale
	1ps
$end

$scope module tb_top $end
$var parameter 32 ! WIDTH $end
$var parameter 32 " CLK_PERIOD $end
$var reg 1 # CLK $end
$var wire 1 $ tb_error_count [31] $end
$var wire 1 % tb_error_count [30] $end
$var wire 1 & tb_error_count [29] $end
$var wire 1 ' tb_error_count [28] $end
$var wire 1 ( tb_error_count [27] $end
$var wire 1 ) tb_error_count [26] $end
$var wire 1 * tb_error_count [25] $end
$var wire 1 + tb_error_count [24] $end
$var wire 1 , tb_error_count [23] $end
$var wire 1 - tb_error_count [22] $end
$var wire 1 . tb_error_count [21] $end
$var wire 1 / tb_error_count [20] $end
$var wire 1 0 tb_error_count [19] $end
$var wire 1 1 tb_error_count [18] $end
$var wire 1 2 tb_error_count [17] $end
$var wire 1 3 tb_error_count [16] $end
$var wire 1 4 tb_error_count [15] $end
$var wire 1 5 tb_error_count [14] $end
$var wire 1 6 tb_error_count [13] $end
$var wire 1 7 tb_error_count [12] $end
$var wire 1 8 tb_error_count [11] $end
$var wire 1 9 tb_error_count [10] $end
$var wire 1 : tb_error_count [9] $end
$var wire 1 ; tb_error_count [8] $end
$var wire 1 < tb_error_count [7] $end
$var wire 1 = tb_error_count [6] $end
$var wire 1 > tb_error_count [5] $end
$var wire 1 ? tb_error_count [4] $end
$var wire 1 @ tb_error_count [3] $end
$var wire 1 A tb_error_count [2] $end
$var wire 1 B tb_error_count [1] $end
$var wire 1 C tb_error_count [0] $end
$var wire 1 D tb_correct_count [31] $end
$var wire 1 E tb_correct_count [30] $end
$var wire 1 F tb_correct_count [29] $end
$var wire 1 G tb_correct_count [28] $end
$var wire 1 H tb_correct_count [27] $end
$var wire 1 I tb_correct_count [26] $end
$var wire 1 J tb_correct_count [25] $end
$var wire 1 K tb_correct_count [24] $end
$var wire 1 L tb_correct_count [23] $end
$var wire 1 M tb_correct_count [22] $end
$var wire 1 N tb_correct_count [21] $end
$var wire 1 O tb_correct_count [20] $end
$var wire 1 P tb_correct_count [19] $end
$var wire 1 Q tb_correct_count [18] $end
$var wire 1 R tb_correct_count [17] $end
$var wire 1 S tb_correct_count [16] $end
$var wire 1 T tb_correct_count [15] $end
$var wire 1 U tb_correct_count [14] $end
$var wire 1 V tb_correct_count [13] $end
$var wire 1 W tb_correct_count [12] $end
$var wire 1 X tb_correct_count [11] $end
$var wire 1 Y tb_correct_count [10] $end
$var wire 1 Z tb_correct_count [9] $end
$var wire 1 [ tb_correct_count [8] $end
$var wire 1 \ tb_correct_count [7] $end
$var wire 1 ] tb_correct_count [6] $end
$var wire 1 ^ tb_correct_count [5] $end
$var wire 1 _ tb_correct_count [4] $end
$var wire 1 ` tb_correct_count [3] $end
$var wire 1 a tb_correct_count [2] $end
$var wire 1 b tb_correct_count [1] $end
$var wire 1 c tb_correct_count [0] $end
$var wire 1 d tb_test_finished $end

$scope module dut $end
$var parameter 32 e WIDTH $end
$var wire 1 f A [3] $end
$var wire 1 g A [2] $end
$var wire 1 h A [1] $end
$var wire 1 i A [0] $end
$var wire 1 j B [3] $end
$var wire 1 k B [2] $end
$var wire 1 l B [1] $end
$var wire 1 m B [0] $end
$var wire 1 n OP [1] $end
$var wire 1 o OP [0] $end
$var wire 1 p CLK $end
$var wire 1 q RST $end
$var wire 1 r Zero_Flag $end
$var reg 1 s Arithm_FLag $end
$var reg 1 t Logic_Flag $end
$var reg 1 u Carry_Flag $end
$var reg 4 v Result [3:0] $end
$var reg 4 w Comp_Result [3:0] $end
$var reg 1 x Comp_Carry_Flag $end
$var reg 1 y Comp_Arithm_Flag $end
$var reg 1 z Comp_Logic_Flag $end
$upscope $end
$upscope $end
$enddefinitions $end
#0
$dumpvars
0#
xs
xt
xu
bx v
bx w
xx
xy
xz
b100 !
b1010 "
b100 e
0C
0B
0A
0@
0?
0>
0=
0<
0;
0:
09
08
07
06
05
04
03
02
01
00
0/
0.
0-
0,
0+
0*
0)
0(
0'
0&
0%
0$
0c
0b
0a
0`
0_
0^
0]
0\
0[
0Z
0Y
0X
0W
0V
0U
0T
0S
0R
0Q
0P
0O
0N
0M
0L
0K
0J
0I
0H
0G
0F
0E
0D
0d
xq
0p
xo
xn
xm
xl
xk
xj
xi
xh
xg
xf
xr
$end
#5000
1#
1p
#7000
0q
0o
0n
0m
0l
0k
0j
0i
0h
0g
0f
b0 w
0x
1y
0z
b0 v
0u
0s
0t
1r
#10000
0#
0p
#15000
1#
1p
#20000
0#
0p
#25000
1#
1p
#27000
1q
#30000
0#
0p
#35000
1#
1p
1s
#40000
0#
0p
#45000
1#
1p
#50000
0#
0p
#55000
1#
1p
#55001
1c
#57000
1o
#60000
0#
0p
#65000
1#
1p
#65001
0c
1b
#70000
0#
0p
#75000
1#
1p
#75001
1c
#77000
0o
1n
0y
1z
#80000
0#
0p
#85000
1#
1p
0s
1t
#85001
0c
0b
1a
#90000
0#
0p
#95000
1#
1p
#95001
1c
#97000
1o
#100000
0#
0p
#105000
1#
1p
#105001
0c
1b
#110000
0#
0p
#115000
1#
1p
#115001
1c
#117000
0o
0n
1m
1l
1k
1j
b1111 w
1y
0z
#120000
0#
0p
#125000
1#
1p
b1111 v
1s
0t
0r
#125001
0c
0b
0a
1`
#130000
0#
0p
#135000
1#
1p
#135001
1c
#137000
1o
b0 w
b1 w
1x
#140000
0#
0p
#145000
1#
1p
b1 v
1u
#145001
0c
1b
#150000
0#
0p
#155000
1#
1p
#155001
1c
#157000
0o
1n
b0 w
0x
0y
1z
#160000
0#
0p
#165000
1#
1p
b0 v
0u
0s
1t
1r
#165001
0c
0b
1a
#170000
0#
0p
#175000
1#
1p
#175001
1c
#177000
1o
b1111 w
#180000
0#
0p
#185000
1#
1p
b1111 v
0r
#185001
0c
1b
#190000
0#
0p
#195000
1#
1p
#195001
1c
#197000
0o
0n
0m
0l
0k
0j
1i
1h
1g
1f
b0 w
b1111 w
1y
0z
#200000
0#
0p
#205000
1#
1p
1s
0t
#205001
0c
0b
0a
0`
1_
#210000
0#
0p
#215000
1#
1p
#215001
1c
#217000
1o
b0 w
b1111 w
#220000
0#
0p
#225000
1#
1p
#225001
0c
1b
#230000
0#
0p
#235000
1#
1p
#235001
1c
#237000
0o
1n
b0 w
0y
1z
#240000
0#
0p
#245000
1#
1p
b0 v
0s
1t
1r
#245001
0c
0b
1a
#250000
0#
0p
#255000
1#
1p
#255001
1c
#257000
1o
b1111 w
#260000
0#
0p
#265000
1#
1p
b1111 v
0r
#265001
0c
1b
#270000
0#
0p
#275000
1#
1p
#275001
1c
#277000
0o
0n
1m
1l
1k
1j
b0 w
b1110 w
1x
1y
0z
#280000
0#
0p
#285000
1#
1p
b1110 v
1u
1s
0t
#285001
0c
0b
0a
1`
#290000
0#
0p
#295000
1#
1p
#295001
1c
#297000
1o
b0 w
0x
#300000
0#
0p
#305000
1#
1p
b0 v
0u
1r
#305001
0c
1b
#310000
0#
0p
#315000
1#
1p
#315001
1c
#317000
0o
1n
b1111 w
0y
1z
#320000
0#
0p
#325000
1#
1p
b1111 v
0s
1t
0r
#325001
0c
0b
1a
#330000
0#
0p
#335000
1#
1p
#335001
1c
#337000
1o
b0 w
b1111 w
#340000
0#
0p
#345000
1#
1p
#345001
0c
1b
#350000
0#
0p
#355000
1#
1p
#355001
1c
#357000
0o
0n
b0 w
b1110 w
1x
1y
0z
#360000
0#
0p
#365000
1#
1p
b1110 v
1u
1s
0t
#365001
0c
0b
0a
0`
0_
1^
#370000
0#
0p
#375000
1#
1p
#375001
1c
#377000
1o
b0 w
0x
#380000
0#
0p
#385000
1#
1p
b0 v
0u
1r
#385001
0c
1b
#390000
0#
0p
#395000
1#
1p
#395001
1c
#397000
0o
1n
b1111 w
0y
1z
#400000
0#
0p
#405000
1#
1p
b1111 v
0s
1t
0r
#405001
0c
0b
1a
#410000
0#
0p
#415000
1#
1p
#415001
1c
#417000
1o
b0 w
b1111 w
#420000
0#
0p
#425000
1#
1p
#425001
0c
1b
#430000
0#
0p
#435000
1#
1p
#435001
1c
#437000
0o
0n
0i
0h
0g
0f
b0 w
b1111 w
1y
0z
#440000
0#
0p
#445000
1#
1p
1s
0t
#445001
0c
0b
0a
1`
#450000
0#
0p
#455000
1#
1p
#455001
1c
#457000
1o
b0 w
b1 w
1x
#460000
0#
0p
#465000
1#
1p
b1 v
1u
#465001
0c
1b
#470000
0#
0p
#475000
1#
1p
#475001
1c
#477000
0o
1n
b0 w
0x
0y
1z
#480000
0#
0p
#485000
1#
1p
b0 v
0u
0s
1t
1r
#485001
0c
0b
1a
#490000
0#
0p
#495000
1#
1p
#495001
1c
#497000
1o
b1111 w
#500000
0#
0p
#505000
1#
1p
b1111 v
0r
#505001
0c
1b
#510000
0#
0p
#515000
1#
1p
#515001
1c
#517000
0o
0m
b0 w
#520000
0#
0p
#525000
1#
1p
b0 v
1r
#525001
0c
0b
0a
0`
1_
#530000
0#
0p
#535000
1#
1p
#535001
1c
#537000
1o
1m
1i
1h
1g
1f
b1111 w
#540000
0#
0p
#545000
1#
1p
b1111 v
0r
#545001
0c
1b
#550000
0#
0p
#555000
1#
1p
#555001
1c
#557000
0o
0n
0m
0j
0i
0g
0f
b0 w
b1000 w
1y
0z
#560000
0#
0p
#565000
1#
1p
b1000 v
1s
0t
#565001
0c
0b
1a
#570000
0#
0p
#575000
1#
1p
#575001
1c
#577000
1m
1j
0h
1g
b0 w
b11 w
1x
#580000
0#
0p
#585000
1#
1p
b11 v
1u
#585001
0c
1b
#590000
0#
0p
#595000
1#
1p
#595001
1c
#597000
1n
0m
0l
0k
0j
1h
1f
b0 w
0x
0y
1z
#600000
0#
0p
#605000
1#
1p
b0 v
0u
0s
1t
1r
#605001
0c
0b
0a
1`
#610000
0#
0p
#615000
1#
1p
#615001
1c
#617000
1o
0h
0g
0f
#620000
0#
0p
#625000
1#
1p
#625001
0c
1b
#630000
0#
0p
#635000
1#
1p
#635001
1c
#637000
0o
0n
1m
1l
1k
1j
b1111 w
1y
0z
#640000
0#
0p
#645000
1#
1p
b1111 v
1s
0t
0r
#645001
0c
0b
1a
#650000
0#
0p
#655000
1#
1p
#655001
1c
#657000
1o
1i
1h
b0 w
b100 w
1x
#660000
0#
0p
#665000
1#
1p
b100 v
1u
#665001
0c
1b
#670000
0#
0p
#675000
1#
1p
#675001
1c
#677000
1n
0k
0j
0h
1g
b0 w
b111 w
0x
0y
1z
#680000
0#
0p
#685000
1#
1p
b111 v
0u
0s
1t
#685001
0c
0b
0a
0`
0_
0^
1]
#690000
0#
0p
#695000
1#
1p
#695001
1c
#697000
0i
1f
b0 w
b1111 w
#700000
0#
0p
#705000
1#
1p
b1111 v
#705001
0c
1b
#710000
0#
0p
#715000
1#
1p
#715001
1c
#717000
0o
0n
1k
1j
0g
0f
b0 w
b1111 w
1y
0z
#720000
0#
0p
#725000
1#
1p
1s
0t
#725001
0c
0b
1a
#730000
0#
0p
#735000
1#
1p
#735001
1c
#737000
1o
1n
0m
0j
1i
1h
1g
b0 w
b111 w
0y
1z
#740000
0#
0p
#745000
1#
1p
b111 v
0s
1t
#745001
0c
1b
#750000
0#
0p
#755000
1#
1p
#755001
1c
#757000
0o
0l
0k
0i
0h
0g
1f
b0 w
#760000
0#
0p
#765000
1#
1p
b0 v
1r
#765001
0c
0b
0a
1`
#770000
0#
0p
#775000
1#
1p
#775001
1c
#777000
0n
1k
1j
0f
b1100 w
1y
0z
#780000
0#
0p
#785000
1#
1p
b1100 v
1s
0t
0r
#785001
0c
1b
#790000
0#
0p
#795000
1#
1p
#795001
1c
#797000
1o
0j
1i
1f
b0 w
b101 w
#800000
0#
0p
#805000
1#
1p
b101 v
#805001
0c
0b
1a
#810000
0#
0p
#815000
1#
1p
#815001
1c
#817000
1m
0k
1j
b0 w
#820000
0#
0p
#825000
1#
1p
b0 v
1r
#825001
0c
1b
#830000
0#
0p
#835000
1#
1p
#835001
1c
#837000
0o
1n
1l
1k
0i
1h
1g
b1110 w
0y
1z
#840000
0#
0p
#845000
1#
1p
b1110 v
0s
1t
0r
#845001
0c
0b
0a
0`
1_
#850000
0#
0p
#855000
1#
1p
#855001
1c
#857000
1o
0n
0k
0h
0g
0f
b0 w
b101 w
1x
1y
0z
#860000
0#
0p
#865000
1#
1p
b101 v
1u
1s
0t
#865001
0c
1b
#870000
0#
0p
#875000
1#
1p
#875001
1c
#877000
0m
0l
1k
0j
1g
1f
b0 w
b1000 w
0x
#880000
0#
0p
#885000
1#
1p
b1000 v
0u
#885001
0c
0b
1a
#890000
0#
0p
#895000
1#
1p
#895001
1c
#897000
0o
1n
0k
1j
1i
1h
0g
b0 w
b1000 w
0y
1z
#900000
0#
0p
#905000
1#
1p
0s
1t
#905001
0c
1b
#910000
0#
0p
#915000
1#
1p
#915001
1c
#917000
1k
0j
0h
1g
0f
b0 w
b100 w
#920000
0#
0p
#925000
1#
1p
b100 v
#925001
0c
0b
0a
1`
#930000
0#
0p
#935000
1#
1p
#935001
1c
#937000
1o
1l
1j
0i
0g
b0 w
b1110 w
#940000
0#
0p
#945000
1#
1p
b1110 v
#945001
0c
1b
#950000
0#
0p
#955000
1#
1p
#955001
1c
#957000
0o
0n
0l
0k
1i
1g
b0 w
b1101 w
1y
0z
#960000
0#
0p
#965000
1#
1p
b1101 v
1s
0t
#965001
0c
0b
1a
#970000
0#
0p
#975000
1#
1p
#975001
1c
#977000
1o
1n
1k
0j
0i
0g
1f
b0 w
b1100 w
0y
1z
#980000
0#
0p
#985000
1#
1p
b1100 v
0s
1t
#985001
0c
1b
#990000
0#
0p
#995000
1#
1p
#995001
1c
#997000
0n
0k
1h
1g
0f
b0 w
b110 w
1y
0z
#1000000
0#
0p
#1005000
1#
1p
b110 v
1s
0t
#1005001
0c
0b
0a
0`
0_
1^
#1010000
0#
0p
#1015000
1#
1p
#1015001
1c
#1017000
0g
b0 w
b10 w
#1020000
0#
0p
#1025000
1#
1p
b10 v
#1025001
0c
1b
#1030000
0#
0p
#1035000
1#
1p
#1035001
1c
#1037000
0o
1n
1k
0h
b0 w
0y
1z
#1040000
0#
0p
#1045000
1#
1p
b0 v
0s
1t
1r
#1045001
0c
0b
1a
#1050000
0#
0p
#1055000
1#
1p
#1055001
1c
#1057000
1o
1m
1l
0k
1j
1f
b1011 w
#1060000
0#
0p
#1065000
1#
1p
b1011 v
0r
#1065001
0c
1b
#1070000
0#
0p
#1075000
1#
1p
#1075001
1c
#1077000
0o
0n
0m
0l
0j
1i
1g
b0 w
b1101 w
1y
0z
#1080000
0#
0p
#1085000
1#
1p
b1101 v
1s
0t
#1085001
0c
0b
0a
1`
#1090000
0#
0p
#1095000
1#
1p
#1095001
1c
#1097000
1n
1k
0f
b0 w
b100 w
0y
1z
#1100000
0#
0p
#1105000
1#
1p
b100 v
0s
1t
#1105001
0c
1b
#1110000
0#
0p
#1115000
1#
1p
#1115001
1c
#1117000
1o
1l
0k
1j
0i
1h
0g
b0 w
b1010 w
#1120000
0#
0p
#1125000
1#
1p
b1010 v
#1125001
0c
0b
1a
#1130000
0#
0p
#1135000
1#
1p
#1135001
1c
#1137000
0l
1i
1g
1f
b0 w
b1111 w
#1140000
0#
0p
#1145000
1#
1p
b1111 v
#1145001
0c
1b
#1150000
0#
0p
#1155000
1#
1p
#1155001
1c
#1157000
0o
0n
1m
1l
1k
b0 w
b1110 w
1x
1y
0z
#1160000
0#
0p
#1165000
1#
1p
b1110 v
1u
1s
0t
#1165001
0c
0b
0a
0`
1_
#1170000
0#
0p
#1175000
1#
1p
#1175001
1c
#1177000
1o
b0 w
0x
#1180000
0#
0p
#1185000
1#
1p
b0 v
0u
1r
#1185001
0c
1b
#1190000
0#
0p
#1195000
1#
1p
#1195001
1c
#1197000
0o
1n
0i
0h
b1100 w
0y
1z
#1200000
0#
0p
#1205000
1#
1p
b1100 v
0s
1t
0r
#1205001
0c
0b
1a
#1210000
0#
0p
#1215000
1#
1p
#1215001
1c
#1217000
0m
1i
1h
0f
b0 w
b110 w
#1220000
0#
0p
#1225000
1#
1p
b110 v
#1225001
0c
1b
#1230000
0#
0p
#1235000
1#
1p
#1235001
1c
#1237000
1o
0l
0j
b0 w
b111 w
#1240000
0#
0p
#1245000
1#
1p
b111 v
#1245001
0c
0b
0a
1`
#1250000
0#
0p
#1255000
1#
1p
#1255001
1c
#1257000
1l
0i
0g
1f
b0 w
b1110 w
#1260000
0#
0p
#1265000
1#
1p
b1110 v
#1265001
0c
1b
#1270000
0#
0p
#1275000
1#
1p
#1275001
1c
#1277000
0o
1m
0k
1i
1g
b0 w
b11 w
#1280000
0#
0p
#1285000
1#
1p
b11 v
#1285001
0c
0b
1a
#1290000
0#
0p
#1295000
1#
1p
#1295001
1c
#1297000
0l
0i
0h
0g
0f
b0 w
#1300000
0#
0p
#1305000
1#
1p
b0 v
1r
#1305001
0c
1b
#1310000
0#
0p
#1315000
1#
1p
#1315001
1c
#1317000
1k
1i
1g
1f
b101 w
#1320000
0#
0p
#1325000
1#
1p
b101 v
0r
#1325001
0c
0b
0a
0`
0_
0^
0]
1\
#1330000
0#
0p
#1335000
1#
1p
#1335001
1c
#1337000
0n
0m
0k
1h
b0 w
b1111 w
1y
0z
#1340000
0#
0p
#1345000
1#
1p
b1111 v
1s
0t
#1345001
0c
1b
#1350000
0#
0p
#1355000
1#
1p
#1355001
1c
#1357000
1m
0i
0g
0f
b0 w
b11 w
#1360000
0#
0p
#1365000
1#
1p
b11 v
#1365001
0c
0b
1a
#1370000
0#
0p
#1375000
1#
1p
#1375001
1c
#1377000
1o
1l
0h
1f
b0 w
b101 w
#1380000
0#
0p
#1385000
1#
1p
b101 v
#1385001
0c
1b
#1390000
0#
0p
#1395000
1#
1p
#1395001
1c
#1397000
1n
0l
1k
1j
b0 w
b1101 w
0y
1z
#1400000
0#
0p
#1405000
1#
1p
b1101 v
0s
1t
#1405001
0c
0b
0a
1`
#1410000
0#
0p
#1415000
1#
1p
#1415001
1c
#1417000
0o
0n
0j
0f
b0 w
b101 w
1y
0z
#1420000
0#
0p
#1425000
1#
1p
b101 v
1s
0t
#1425001
0c
1b
#1430000
0#
0p
#1435000
1#
1p
#1435001
1c
#1437000
0m
1j
1f
b0 w
b100 w
1x
#1440000
0#
0p
#1445000
1#
1p
b100 v
1u
#1445001
0c
0b
1a
#1450000
0#
0p
#1455000
1#
1p
#1455001
1c
#1457000
0k
0j
0f
b0 w
0x
#1460000
0#
0p
#1465000
1#
1p
b0 v
0u
1r
#1465001
0c
1b
#1470000
0#
0p
#1475000
1#
1p
#1475001
1c
#1477000
1k
1j
b1100 w
#1480000
0#
0p
#1485000
1#
1p
b1100 v
0r
#1485001
0c
0b
0a
0`
1_
#1490000
0#
0p
#1495000
1#
1p
#1495001
1c
#1497000
1n
0k
0j
b0 w
0y
1z
#1500000
0#
0p
#1505000
1#
1p
b0 v
0s
1t
1r
#1505001
0c
1b
#1510000
0#
0p
#1515000
1#
1p
#1515001
1c
#1517000
1o
0n
1l
1g
b10 w
1y
0z
#1520000
0#
0p
#1525000
1#
1p
b10 v
1s
0t
0r
#1525001
0c
0b
1a
#1530000
0#
0p
#1535000
1#
1p
#1535001
1c
#1537000
1m
0l
1k
1i
1h
1f
b0 w
b1010 w
#1540000
0#
0p
#1545000
1#
1p
b1010 v
#1545001
0c
1b
#1550000
0#
0p
#1555000
1#
1p
#1555001
1c
#1557000
1n
0m
1l
0k
1j
0i
0h
0g
0f
b0 w
b1010 w
0y
1z
#1560000
0#
0p
#1565000
1#
1p
0s
1t
#1565001
0c
0b
0a
1`
#1570000
0#
0p
#1575000
1#
1p
#1575001
1c
#1577000
0o
1m
1i
1h
1g
1f
b0 w
b1011 w
#1580000
0#
0p
#1585000
1#
1p
b1011 v
#1585001
0c
1b
#1590000
0#
0p
#1595000
1#
1p
#1595001
1c
#1597000
1o
1k
0i
0f
b0 w
b1111 w
#1600000
0#
0p
#1605000
1#
1p
b1111 v
#1605001
0c
0b
1a
#1610000
0#
0p
#1615000
1#
1p
#1615001
1c
#1617000
0m
0l
0k
1i
1f
b0 w
b1111 w
#1620000
0#
0p
#1625000
1#
1p
#1625001
0c
1b
#1630000
0#
0p
#1635000
1#
1p
#1635001
1c
#1637000
0n
1m
1l
0j
b0 w
b1100 w
1y
0z
#1640000
0#
0p
#1645000
1#
1p
b1100 v
1s
0t
#1645001
0c
0b
0a
0`
0_
1^
#1650000
0#
0p
#1655000
1#
1p
#1655001
1c
#1657000
0o
1n
0m
0l
0h
0g
b0 w
0y
1z
#1660000
0#
0p
#1665000
1#
1p
b0 v
0s
1t
1r
#1665001
0c
1b
#1670000
0#
0p
#1675000
1#
1p
#1675001
1c
#1677000
1o
1m
1l
1j
0i
1g
b1111 w
#1680000
0#
0p
#1685000
1#
1p
b1111 v
0r
#1685001
0c
0b
1a
#1690000
0#
0p
#1695000
1#
1p
#1695001
1c
#1697000
0o
0n
1k
0j
0g
0f
b0 w
b111 w
1y
0z
#1700000
0#
0p
#1705000
1#
1p
b111 v
1s
0t
#1705001
0c
1b
#1710000
0#
0p
#1715000
1#
1p
#1715001
1c
#1717000
1j
1i
1h
1g
1f
b0 w
b1110 w
1x
#1720000
0#
0p
#1725000
1#
1p
b1110 v
1u
#1725001
0c
0b
0a
1`
#1730000
0#
0p
#1735000
1#
1p
#1735001
1c
#1737000
1o
1n
0j
0i
b0 w
b1111 w
0x
0y
1z
#1740000
0#
0p
#1745000
1#
1p
b1111 v
0u
0s
1t
#1745001
0c
1b
#1750000
0#
0p
#1755000
1#
1p
#1755001
1c
#1757000
0l
0g
b0 w
b1111 w
#1760000
0#
0p
#1765000
1#
1p
#1765001
0c
0b
1a
#1770000
0#
0p
#1775000
1#
1p
#1775001
1c
#1777000
0o
0n
1l
1j
1i
1g
b0 w
b1110 w
1x
1y
0z
#1780000
0#
0p
#1785000
1#
1p
b1110 v
1u
1s
0t
#1785001
0c
1b
#1790000
0#
0p
#1795000
1#
1p
#1795001
1c
#1797000
1n
0l
0k
0j
0i
0h
0g
b0 w
0x
0y
1z
#1800000
0#
0p
#1805000
1#
1p
b0 v
0u
0s
1t
1r
#1805001
0c
0b
0a
0`
1_
#1810000
0#
0p
#1815000
1#
1p
#1815001
1c
#1817000
1o
0n
1j
1i
1y
0z
#1820000
0#
0p
#1825000
1#
1p
1s
0t
#1825001
0c
1b
#1830000
0#
0p
#1835000
1#
1p
#1835001
1c
#1837000
0o
1n
0m
0i
0f
0y
1z
#1840000
0#
0p
#1845000
1#
1p
0s
1t
#1845001
0c
0b
1a
#1850000
0#
0p
#1855000
1#
1p
#1855001
1c
#1857000
1k
1i
1h
1g
b100 w
#1860000
0#
0p
#1865000
1#
1p
b100 v
0r
#1865001
0c
1b
#1870000
0#
0p
#1875000
1#
1p
#1875001
1c
#1877000
1o
0n
1m
1l
0j
b0 w
1y
0z
#1880000
0#
0p
#1885000
1#
1p
b0 v
1s
0t
1r
#1885001
0c
0b
0a
1`
#1890000
0#
0p
#1895000
1#
1p
#1895001
1c
#1897000
0o
0m
0l
1f
b11 w
1x
#1900000
0#
0p
#1905000
1#
1p
b11 v
1u
0r
#1905001
0c
1b
#1910000
0#
0p
#1915000
1#
1p
#1915001
1c
#1917000
1o
1n
1m
1l
0k
1j
0h
0f
b0 w
b1111 w
0x
0y
1z
#1920000
0#
0p
#1925000
1#
1p
b1111 v
0u
0s
1t
#1925001
0c
0b
1a
#1930000
0#
0p
#1935000
1#
1p
#1935001
1c
#1937000
1k
0i
0g
b0 w
b1111 w
#1940000
0#
0p
#1945000
1#
1p
#1945001
0c
1b
#1950000
0#
0p
#1955000
1#
1p
#1955001
1c
#1957000
0o
0m
0k
0j
1h
1g
1f
b0 w
b10 w
#1960000
0#
0p
#1965000
1#
1p
b10 v
#1965001
0c
0b
0a
0`
0_
0^
1]
#1970000
0#
0p
#1975000
1#
1p
#1975001
1c
#1977000
1o
0l
1i
0h
0g
0f
b0 w
b1 w
#1980000
0#
0p
#1985000
1#
1p
b1 v
#1985001
0c
1b
#1990000
0#
0p
#1995000
1#
1p
#1995001
1c
#1997000
1k
1j
b0 w
b1101 w
#2000000
0#
0p
#2005000
1#
1p
b1101 v
#2005001
0c
0b
1a
#2010000
0#
0p
#2015000
1#
1p
#2015001
1c
#2017000
0n
0i
1h
1f
b0 w
b1110 w
1x
1y
0z
#2020000
0#
0p
#2025000
1#
1p
b1110 v
1u
1s
0t
#2025001
0c
1b
#2030000
0#
0p
#2035000
1#
1p
#2035001
1c
#2037000
1l
0k
0j
0h
0f
b0 w
b1110 w
#2040000
0#
0p
#2045000
1#
1p
#2045001
0c
0b
0a
1`
#2050000
0#
0p
#2055000
1#
1p
#2055001
1c
#2057000
0o
1n
0l
b0 w
0x
0y
1z
#2060000
0#
0p
#2065000
1#
1p
b0 v
0u
0s
1t
1r
#2065001
0c
1b
#2070000
0#
0p
#2075000
1#
1p
#2075001
1c
#2077000
0n
1l
1k
b110 w
1y
0z
#2080000
0#
0p
#2085000
1#
1p
b110 v
1s
0t
0r
#2085001
0c
0b
1a
#2090000
0#
0p
#2095000
1#
1p
#2095001
1c
#2097000
1m
0l
1j
1i
1g
b0 w
b10 w
1x
#2100000
0#
0p
#2105000
1#
1p
b10 v
1u
#2105001
0c
1b
#2110000
0#
0p
#2115000
1#
1p
#2115001
1c
#2117000
1n
0m
0k
0j
1h
0g
1f
b0 w
0x
0y
1z
#2120000
0#
0p
#2125000
1#
1p
b0 v
0u
0s
1t
1r
#2125001
0c
0b
0a
0`
1_
#2130000
0#
0p
#2135000
1#
1p
#2135001
1c
#2137000
0n
1m
1l
1k
1j
0i
0h
0f
b1111 w
1y
0z
#2140000
0#
0p
#2145000
1#
1p
b1111 v
1s
0t
0r
#2145001
0c
1b
#2150000
0#
0p
#2155000
1#
1p
#2155001
1c
#2157000
1o
0m
0l
0j
1i
1g
1f
b0 w
b1001 w
#2160000
0#
0p
#2165000
1#
1p
b1001 v
#2165001
0c
0b
1a
#2170000
0#
0p
#2175000
1#
1p
#2175001
1c
#2177000
1m
1l
0k
1j
1h
0g
b0 w
#2180000
0#
0p
#2185000
1#
1p
b0 v
1r
#2185001
0c
1b
#2190000
0#
0p
#2195000
1#
1p
#2195001
1c
#2197000
0o
1n
0m
0l
0j
0i
0h
0f
0y
1z
#2200000
0#
0p
#2205000
1#
1p
0s
1t
#2205001
0c
0b
0a
1`
#2210000
0#
0p
#2215000
1#
1p
#2215001
1c
#2217000
0n
1m
1l
1k
1j
1i
1h
1g
b110 w
1x
1y
0z
#2220000
0#
0p
#2225000
1#
1p
b110 v
1u
1s
0t
0r
#2225001
0c
1b
#2230000
0#
0p
#2235000
1#
1p
#2235001
1c
#2237000
1o
0m
0l
0k
0j
0i
0h
0g
b0 w
0x
#2240000
0#
0p
#2245000
1#
1p
b0 v
0u
1r
#2245001
0c
0b
1a
#2250000
0#
0p
#2255000
1#
1p
#2255001
1c
#2257000
1l
1j
1i
1h
1g
b1101 w
1x
#2260000
0#
0p
#2265000
1#
1p
b1101 v
1u
0r
#2265001
0c
1b
#2270000
0#
0p
#2275000
1#
1p
#2275001
1c
#2277000
1n
1m
0l
1k
0g
1f
b0 w
b1111 w
0x
0y
1z
#2280000
0#
0p
#2285000
1#
1p
b1111 v
0u
0s
1t
#2285001
0c
0b
0a
0`
0_
1^
#2290000
0#
0p
#2295000
1#
1p
#2295001
1c
#2297000
0n
1l
0k
1g
0f
b0 w
b1100 w
1x
1y
0z
#2300000
0#
0p
#2305000
1#
1p
b1100 v
1u
1s
0t
#2305001
0c
1b
#2310000
0#
0p
#2315000
1#
1p
#2315001
1c
#2317000
1n
0m
0l
0j
0h
0g
b0 w
b1 w
0x
0y
1z
#2320000
0#
0p
#2325000
1#
1p
b1 v
0u
0s
1t
#2325001
0c
0b
1a
#2330000
0#
0p
#2335000
1#
1p
#2335001
1c
#2337000
0o
0i
b0 w
#2340000
0#
0p
#2345000
1#
1p
b0 v
1r
#2345001
0c
1b
#2350000
0#
0p
#2355000
1#
1p
#2355001
1c
#2357000
0n
1l
1k
1j
b1110 w
1y
0z
#2360000
0#
0p
#2365000
1#
1p
b1110 v
1s
0t
0r
#2365001
0c
0b
0a
1`
#2370000
0#
0p
#2375000
1#
1p
#2375001
1c
#2377000
1o
1m
1i
1h
1g
b0 w
b1000 w
1x
#2380000
0#
0p
#2385000
1#
1p
b1000 v
1u
#2385001
0c
1b
#2390000
0#
0p
#2395000
1#
1p
#2395001
1c
#2397000
0m
0l
0k
0j
0i
0h
0g
b0 w
0x
#2400000
0#
0p
#2405000
1#
1p
b0 v
0u
1r
#2405001
0c
0b
1a
#2410000
0#
0p
#2415000
1#
1p
#2415001
1c
#2417000
0o
1i
1h
b11 w
#2420000
0#
0p
#2425000
1#
1p
b11 v
0r
#2425001
0c
1b
#2430000
0#
0p
#2435000
1#
1p
#2435001
1c
#2437000
1n
1j
0i
0h
1f
b0 w
b1000 w
0y
1z
#2440000
0#
0p
#2445000
1#
1p
b1000 v
0s
1t
#2445001
0c
0b
0a
0`
1_
#2450000
0#
0p
#2455000
1#
1p
#2455001
1c
#2457000
0n
0j
1i
1h
1g
0f
b0 w
b111 w
1y
0z
#2460000
0#
0p
#2465000
1#
1p
b111 v
1s
0t
#2465001
0c
1b
#2470000
0#
0p
#2475000
1#
1p
#2475001
1c
#2477000
1l
1j
0i
0h
0g
b0 w
b1010 w
#2480000
0#
0p
#2485000
1#
1p
b1010 v
#2485001
0c
0b
1a
#2490000
0#
0p
#2495000
1#
1p
#2495001
1c
#2497000
1m
0l
1k
1g
1f
b0 w
b1001 w
1x
#2500000
0#
0p
#2505000
1#
1p
b1001 v
1u
#2505001
0c
1b
#2510000
0#
0p
#2515000
1#
1p
#2515001
1c
#2517000
0m
0k
0j
0g
0f
b0 w
0x
#2520000
0#
0p
#2525000
1#
1p
b0 v
0u
1r
#2525001
0c
0b
0a
1`
#2530000
0#
0p
#2535000
1#
1p
#2535001
1c
#2537000
1n
1m
1k
0y
1z
#2540000
0#
0p
#2545000
1#
1p
0s
1t
#2545001
0c
1b
#2550000
0#
0p
#2555000
1#
1p
#2555001
1c
#2557000
1o
0n
1l
0k
1g
b1 w
1y
0z
#2560000
0#
0p
#2565000
1#
1p
b1 v
1s
0t
0r
#2565001
0c
0b
1a
#2570000
0#
0p
#2575000
1#
1p
#2575001
1c
#2577000
1n
0l
1h
b0 w
b111 w
0y
1z
#2580000
0#
0p
#2585000
1#
1p
b111 v
0s
1t
#2585001
0c
1b
#2590000
0#
0p
#2595000
1#
1p
#2595001
1c
#2597000
0o
1l
1k
1j
1i
0h
1f
b0 w
b1101 w
#2600000
0#
0p
#2605000
1#
1p
b1101 v
#2605001
0c
0b
0a
0`
0_
0^
0]
0\
1[
#2610000
0#
0p
#2615000
1#
1p
#2615001
1c
#2617000
1o
0n
0m
0k
0j
1h
b0 w
b1101 w
1y
0z
#2620000
0#
0p
#2625000
1#
1p
1s
0t
#2625001
0c
1b
#2630000
0#
0p
#2635000
1#
1p
#2635001
1c
#2637000
1n
1m
1k
1j
b0 w
b1111 w
0y
1z
#2640000
0#
0p
#2645000
1#
1p
b1111 v
0s
1t
#2645001
0c
0b
1a
#2650000
0#
0p
#2655000
1#
1p
#2655001
1c
#2657000
0o
0i
b0 w
b1110 w
#2660000
0#
0p
#2665000
1#
1p
b1110 v
#2665001
0c
1b
#2670000
0#
0p
#2675000
1#
1p
#2675001
1c
#2677000
0m
0k
0j
b0 w
b10 w
#2680000
0#
0p
#2685000
1#
1p
b10 v
#2685001
0c
0b
0a
1`
#2690000
0#
0p
#2695000
1#
1p
#2695001
1c
#2697000
1m
0l
1j
1i
0h
0f
b0 w
b1 w
#2700000
0#
0p
#2705000
1#
1p
b1 v
#2705001
0c
1b
#2710000
0#
0p
#2715000
1#
1p
#2715001
1c
#2717000
1l
1k
0i
1h
b0 w
b110 w
#2720000
0#
0p
#2725000
1#
1p
b110 v
#2725001
0c
0b
1a
#2730000
0#
0p
#2735000
1#
1p
#2735001
1c
#2737000
0n
0m
0l
0g
1f
b0 w
b110 w
1x
1y
0z
#2740000
0#
0p
#2745000
1#
1p
1u
1s
0t
#2745001
0c
1b
#2750000
0#
0p
#2755000
1#
1p
#2755001
1c
#2757000
1o
1n
1m
1l
0h
0f
b0 w
b1111 w
0x
0y
1z
#2760000
0#
0p
#2765000
1#
1p
b1111 v
0u
0s
1t
#2765001
0c
0b
0a
0`
1_
#2770000
0#
0p
#2775000
1#
1p
#2775001
1c
#2777000
0o
0n
0m
0k
0j
b0 w
b10 w
1y
0z
#2780000
0#
0p
#2785000
1#
1p
b10 v
1s
0t
#2785001
0c
1b
#2790000
0#
0p
#2795000
1#
1p
#2795001
1c
#2797000
1n
1k
1i
1g
b0 w
b100 w
0y
1z
#2800000
0#
0p
#2805000
1#
1p
b100 v
0s
1t
#2805001
0c
0b
1a
#2810000
0#
0p
#2815000
1#
1p
#2815001
1c
#2817000
1o
0n
0l
0k
1h
1f
b0 w
b1111 w
1y
0z
#2820000
0#
0p
#2825000
1#
1p
b1111 v
1s
0t
#2825001
0c
1b
#2830000
0#
0p
#2835000
1#
1p
#2835001
1c
#2837000
1n
1m
1j
0h
b0 w
b1101 w
0y
1z
#2840000
0#
0p
#2845000
1#
1p
b1101 v
0s
1t
#2845001
0c
0b
0a
1`
#2850000
0#
0p
#2855000
1#
1p
#2855001
1c
#2857000
0n
1l
1k
0j
0g
0f
b0 w
b1010 w
1x
1y
0z
#2860000
0#
0p
#2865000
1#
1p
b1010 v
1u
1s
0t
#2865001
0c
1b
#2870000
0#
0p
#2875000
1#
1p
#2875001
1c
#2877000
1n
0m
0l
1g
b0 w
b101 w
0x
0y
1z
#2880000
0#
0p
#2885000
1#
1p
b101 v
0u
0s
1t
#2885001
0c
0b
1a
#2890000
0#
0p
#2895000
1#
1p
#2895001
1c
#2897000
0n
1m
0k
b0 w
b100 w
1y
0z
#2900000
0#
0p
#2905000
1#
1p
b100 v
1s
0t
#2905001
0c
1b
#2910000
0#
0p
#2915000
1#
1p
#2915001
1c
#2917000
1n
1l
0i
0g
b0 w
b11 w
0y
1z
#2920000
0#
0p
#2925000
1#
1p
b11 v
0s
1t
#2925001
0c
0b
0a
0`
0_
1^
#2930000
0#
0p
#2935000
1#
1p
#2935001
1c
#2937000
0o
1k
1j
1i
1g
b0 w
b101 w
#2940000
0#
0p
#2945000
1#
1p
b101 v
#2945001
0c
1b
#2950000
0#
0p
#2955000
1#
1p
#2955001
1c
#2957000
1o
0m
0l
0i
0g
b0 w
b1100 w
#2960000
0#
0p
#2965000
1#
1p
b1100 v
#2965001
0c
0b
1a
#2970000
0#
0p
#2975000
1#
1p
#2975001
1c
#2977000
0o
0n
1m
1l
0k
0j
1h
1g
b0 w
b1001 w
1y
0z
#2980000
0#
0p
#2985000
1#
1p
b1001 v
1s
0t
#2985001
0c
1b
#2990000
0#
0p
#2995000
1#
1p
#2995001
1c
#2997000
1o
0m
0l
1i
0h
1f
b0 w
b1101 w
#3000000
0#
0p
#3005000
1#
1p
b1101 v
#3005001
0c
0b
0a
1`
#3010000
0#
0p
#3015000
1#
1p
#3015001
1c
#3017000
0g
b0 w
b1001 w
#3020000
0#
0p
#3025000
1#
1p
b1001 v
#3025001
0c
1b
#3030000
0#
0p
#3035000
1#
1p
#3035001
1c
#3037000
1n
1l
0i
0f
b0 w
b10 w
0y
1z
#3040000
0#
0p
#3045000
1#
1p
b10 v
0s
1t
#3045001
0c
0b
1a
#3050000
0#
0p
#3055000
1#
1p
#3055001
1c
#3057000
1m
1k
b0 w
b111 w
#3060000
0#
0p
#3065000
1#
1p
b111 v
#3065001
0c
1b
#3070000
0#
0p
#3075000
1#
1p
#3075001
1c
#3077000
0o
0m
0l
1i
1g
1f
b0 w
b100 w
#3080000
0#
0p
#3085000
1#
1p
b100 v
#3085001
0c
0b
0a
0`
1_
#3090000
0#
0p
#3095000
1#
1p
#3095001
1c
#3097000
1o
0n
1j
1h
0g
0f
b0 w
b111 w
1x
1y
0z
#3100000
0#
0p
#3105000
1#
1p
b111 v
1u
1s
0t
#3105001
0c
1b
#3110000
0#
0p
#3115000
1#
1p
#3115001
1c
#3117000
0o
0k
0j
0i
1f
b0 w
b1010 w
0x
#3120000
0#
0p
#3125000
1#
1p
b1010 v
0u
#3125001
0c
0b
1a
#3130000
0#
0p
#3135000
1#
1p
#3135001
1c
#3137000
1o
1m
1k
1g
0f
b0 w
b1 w
#3140000
0#
0p
#3145000
1#
1p
b1 v
#3145001
0c
1b
#3150000
0#
0p
#3155000
1#
1p
#3155001
1c
#3157000
0o
1n
1l
1i
1f
b0 w
b111 w
0y
1z
#3160000
0#
0p
#3165000
1#
1p
b111 v
0s
1t
#3165001
0c
0b
0a
1`
#3170000
0#
0p
#3175000
1#
1p
#3175001
1c
#3177000
0n
1j
0i
0h
0f
b0 w
b11 w
1x
1y
0z
#3180000
0#
0p
#3185000
1#
1p
b11 v
1u
1s
0t
#3185001
0c
1b
#3190000
0#
0p
#3195000
1#
1p
#3195001
1c
#3197000
1o
1n
0m
0k
1i
1h
1f
b0 w
b1111 w
0x
0y
1z
#3200000
0#
0p
#3205000
1#
1p
b1111 v
0u
0s
1t
#3205001
0c
0b
1a
#3210000
0#
0p
#3215000
1#
1p
#3215001
1c
#3217000
0o
0n
1m
0l
1k
0i
0h
0g
0f
b0 w
b1101 w
1y
0z
#3220000
0#
0p
#3225000
1#
1p
b1101 v
1s
0t
#3225001
0c
1b
#3230000
0#
0p
#3235000
1#
1p
#3235001
1c
#3237000
1n
0m
0k
0j
b0 w
0y
1z
#3240000
0#
0p
#3245000
1#
1p
b0 v
0s
1t
1r
#3245001
0c
0b
0a
0`
0_
0^
1]
#3250000
0#
0p
#3255000
1#
1p
#3255001
1c
#3257000
0n
1m
1l
1k
1j
b1111 w
1y
0z
#3260000
0#
0p
#3265000
1#
1p
b1111 v
1s
0t
0r
#3265001
0c
1b
#3270000
0#
0p
#3275000
1#
1p
#3275001
1c
#3277000
1n
1i
1g
1f
b0 w
b1101 w
0y
1z
#3280000
0#
0p
#3285000
1#
1p
b1101 v
0s
1t
#3285001
0c
0b
1a
#3290000
0#
0p
#3295000
1#
1p
#3295001
1c
#3297000
0n
0j
b0 w
b100 w
1x
1y
0z
#3300000
0#
0p
#3305000
1#
1p
b100 v
1u
1s
0t
#3305001
0c
1b
#3310000
0#
0p
#3315000
1#
1p
#3315001
1c
#3317000
0k
1j
1h
b0 w
b1010 w
#3320000
0#
0p
#3325000
1#
1p
b1010 v
#3325001
0c
0b
0a
1`
#3330000
0#
0p
#3335000
1#
1p
#3335001
1c
#3337000
1o
1n
0m
1k
0j
b0 w
b1111 w
0x
0y
1z
#3340000
0#
0p
#3345000
1#
1p
b1111 v
0u
0s
1t
#3345001
0c
1b
#3350000
0#
0p
#3355000
1#
1p
#3355001
1c
#3357000
0l
0k
1j
0g
b0 w
b1011 w
#3360000
0#
0p
#3365000
1#
1p
b1011 v
#3365001
0c
0b
1a
#3370000
0#
0p
#3375000
1#
1p
#3375001
1c
#3377000
0o
1k
0j
1g
b0 w
b100 w
#3380000
0#
0p
#3385000
1#
1p
b100 v
#3385001
0c
1b
#3390000
0#
0p
#3395000
1#
1p
#3395001
1c
#3397000
0n
0k
0i
0h
0g
0f
b0 w
1y
0z
#3400000
0#
0p
#3405000
1#
1p
b0 v
1s
0t
1r
#3405001
0c
0b
0a
0`
1_
#3410000
0#
0p
#3415000
1#
1p
#3415001
1c
#3417000
1m
1j
1f
b1 w
1x
#3420000
0#
0p
#3425000
1#
1p
b1 v
1u
0r
#3425001
0c
1b
#3430000
0#
0p
#3435000
1#
1p
#3435001
1c
#3437000
1o
0m
1l
0j
0f
b0 w
b1110 w
#3440000
0#
0p
#3445000
1#
1p
b1110 v
#3445001
0c
0b
1a
#3450000
0#
0p
#3455000
1#
1p
#3455001
1c
#3457000
1n
1m
1k
1j
1i
1f
b0 w
b1111 w
0x
0y
1z
#3460000
0#
0p
#3465000
1#
1p
b1111 v
0u
0s
1t
#3465001
0c
1b
#3470000
0#
0p
#3475000
1#
1p
#3475001
1c
#3477000
0m
0k
0j
1h
1g
b0 w
b1111 w
#3480000
0#
0p
#3485000
1#
1p
#3485001
0c
0b
0a
1`
#3490000
0#
0p
#3495000
1#
1p
#3495001
1c
#3497000
0n
0l
0i
0h
0g
0f
b0 w
1y
0z
#3500000
0#
0p
#3505000
1#
1p
b0 v
1s
0t
1r
#3505001
0c
1b
#3510000
0#
0p
#3515000
1#
1p
#3515001
1c
#3517000
1n
1m
1l
1h
1g
b111 w
0y
1z
#3520000
0#
0p
#3525000
1#
1p
b111 v
0s
1t
0r
#3525001
0c
0b
1a
#3530000
0#
0p
#3535000
1#
1p
#3535001
1c
#3537000
0m
0l
1k
0h
1f
b0 w
b1100 w
#3540000
0#
0p
#3545000
1#
1p
b1100 v
#3545001
0c
1b
#3550000
0#
0p
#3555000
1#
1p
#3555001
1c
#3557000
0k
1h
0g
0f
b0 w
b10 w
#3560000
0#
0p
#3565000
1#
1p
b10 v
#3565001
0c
0b
0a
0`
0_
1^
#3570000
0#
0p
#3575000
1#
1p
#3575001
1c
#3577000
0o
0n
1l
1k
1j
1i
1g
1f
b0 w
b1101 w
1x
1y
0z
#3580000
0#
0p
#3585000
1#
1p
b1101 v
1u
1s
0t
#3585001
0c
1b
#3590000
0#
0p
#3595000
1#
1p
#3595001
1c
#3597000
1o
1n
1m
0l
0j
0i
0h
0g
0f
b0 w
b101 w
0x
0y
1z
#3600000
0#
0p
#3605000
1#
1p
b101 v
0u
0s
1t
#3605001
0c
0b
1a
#3610000
0#
0p
#3615000
1#
1p
#3615001
1c
#3617000
0n
0m
1l
b0 w
b1010 w
1x
1y
0z
#3620000
0#
0p
#3625000
1#
1p
b1010 v
1u
1s
0t
#3625001
0c
1b
#3630000
0#
0p
#3635000
1#
1p
#3635001
1c
#3637000
0o
0l
0k
1i
1f
b0 w
b1001 w
0x
#3640000
0#
0p
#3645000
1#
1p
b1001 v
0u
#3645001
0c
0b
0a
1`
#3650000
0#
0p
#3655000
1#
1p
#3655001
1c
#3657000
1o
1j
0i
0f
b0 w
b1000 w
1x
#3660000
0#
0p
#3665000
1#
1p
b1000 v
1u
#3665001
0c
1b
#3670000
0#
0p
#3675000
1#
1p
#3675001
1c
#3677000
1l
1i
1f
b0 w
b1111 w
#3680000
0#
0p
#3685000
1#
1p
b1111 v
#3685001
0c
0b
1a
#3690000
0#
0p
#3695000
1#
1p
#3695001
1c
#3697000
1m
1k
1h
1g
0f
b0 w
b1000 w
#3700000
0#
0p
#3705000
1#
1p
b1000 v
#3705001
0c
1b
#3710000
0#
0p
#3715000
1#
1p
#3715001
1c
#3717000
0o
1f
b0 w
b1110 w
#3720000
0#
0p
#3725000
1#
1p
b1110 v
#3725001
0c
0b
0a
0`
1_
#3730000
0#
0p
#3735000
1#
1p
#3735001
1c
#3737000
1n
0l
0i
0g
b0 w
b1000 w
0x
0y
1z
#3740000
0#
0p
#3745000
1#
1p
b1000 v
0u
0s
1t
#3745001
0c
1b
#3750000
0#
0p
#3755000
1#
1p
#3755001
1c
#3757000
1o
1i
0h
b0 w
b1101 w
#3760000
0#
0p
#3765000
1#
1p
b1101 v
#3765001
0c
0b
1a
#3770000
0#
0p
#3775000
1#
1p
#3775001
1c
#3777000
0o
1l
1h
1g
b0 w
b1111 w
#3780000
0#
0p
#3785000
1#
1p
b1111 v
#3785001
0c
1b
#3790000
0#
0p
#3795000
1#
1p
#3795001
1c
#3797000
0n
0l
0i
0h
0g
0f
b0 w
b1101 w
1y
0z
#3800000
0#
0p
#3805000
1#
1p
b1101 v
1s
0t
#3805001
0c
0b
0a
1`
#3810000
0#
0p
#3815000
1#
1p
#3815001
1c
#3817000
1o
1i
1h
1g
1f
b0 w
b10 w
#3820000
0#
0p
#3825000
1#
1p
b10 v
#3825001
0c
1b
#3830000
0#
0p
#3835000
1#
1p
#3835001
1c
#3837000
1n
1l
0j
b0 w
b1111 w
0y
1z
#3840000
0#
0p
#3845000
1#
1p
b1111 v
0s
1t
#3845001
0c
0b
1a
#3850000
0#
0p
#3855000
1#
1p
#3855001
1c
#3857000
0m
0l
0k
0h
0g
0f
b0 w
b1 w
#3860000
0#
0p
#3865000
1#
1p
b1 v
#3865001
0c
1b
#3870000
0#
0p
#3875000
1#
1p
#3875001
1c
#3877000
0n
1m
1l
1k
1j
0i
1h
1g
1f
b0 w
b1111 w
1x
1y
0z
#3880000
0#
0p
#3885000
1#
1p
b1111 v
1u
1s
0t
#3885001
0c
0b
0a
0`
0_
0^
0]
1\
#3890000
0#
0p
#3895000
1#
1p
#3895001
1c
#3897000
0o
1i
b0 w
b1110 w
#3900000
0#
0p
#3905000
1#
1p
b1110 v
#3905001
0c
1b
#3910000
0#
0p
#3915000
1#
1p
#3915001
1c
#3917000
1o
0k
0i
0h
0f
b0 w
b1001 w
#3920000
0#
0p
#3925000
1#
1p
b1001 v
#3925001
0c
0b
1a
#3930000
0#
0p
#3935000
1#
1p
#3935001
1c
#3937000
1n
0j
1h
0g
1f
b0 w
b1011 w
0x
0y
1z
#3940000
0#
0p
#3945000
1#
1p
b1011 v
0u
0s
1t
#3945001
0c
1b
#3950000
0#
0p
#3955000
1#
1p
#3955001
1c
#3957000
0l
1k
0h
b0 w
b1101 w
#3960000
0#
0p
#3965000
1#
1p
b1101 v
#3965001
0c
0b
0a
1`
#3970000
0#
0p
#3975000
1#
1p
#3975001
1c
#3977000
1l
1j
1g
b0 w
b1111 w
#3980000
0#
0p
#3985000
1#
1p
b1111 v
#3985001
0c
1b
#3990000
0#
0p
#3995000
1#
1p
#3995001
1c
#3997000
0o
0n
0g
0f
b0 w
b1111 w
1y
0z
#4000000
0#
0p
#4005000
1#
1p
1s
0t
#4005001
0c
0b
1a
#4010000
0#
0p
#4015000
1#
1p
#4015001
1c
#4017000
0j
1g
b0 w
b1011 w
#4020000
0#
0p
#4025000
1#
1p
b1011 v
#4025001
0c
1b
#4030000
0#
0p
#4035000
1#
1p
#4035001
1c
#4037000
1n
0m
0l
0g
b0 w
0y
1z
#4040000
0#
0p
#4045000
1#
1p
b0 v
0s
1t
1r
#4045001
0c
0b
0a
0`
1_
#4050000
0#
0p
#4055000
1#
1p
#4055001
1c
#4057000
1o
0n
1m
1l
0k
1j
b101 w
1x
1y
0z
#4060000
0#
0p
#4065000
1#
1p
b101 v
1u
1s
0t
0r
#4065001
0c
1b
#4070000
0#
0p
#4075000
1#
1p
#4075001
1c
#4077000
0o
1n
0l
1k
1i
1h
1g
1f
b0 w
b1101 w
0x
0y
1z
#4080000
0#
0p
#4085000
1#
1p
b1101 v
0u
0s
1t
#4085001
0c
0b
1a
#4090000
0#
0p
#4095000
1#
1p
#4095001
1c
#4097000
0n
0m
1l
0k
0g
b0 w
b101 w
1x
1y
0z
#4100000
0#
0p
#4105000
1#
1p
b101 v
1u
1s
0t
#4105001
0c
1b
#4110000
0#
0p
#4115000
1#
1p
#4115001
1c
#4117000
1o
1n
1k
0j
0i
1g
0f
b0 w
b110 w
0x
0y
1z
#4120000
0#
0p
#4125000
1#
1p
b110 v
0u
0s
1t
#4125001
0c
0b
0a
1`
#4130000
0#
0p
#4135000
1#
1p
#4135001
1c
#4137000
0n
1m
1j
0h
0g
1f
b0 w
b1001 w
1x
1y
0z
#4140000
0#
0p
#4145000
1#
1p
b1001 v
1u
1s
0t
#4145001
0c
1b
#4150000
0#
0p
#4155000
1#
1p
#4155001
1c
#4157000
1n
0l
0k
0j
0f
b0 w
b1 w
0x
0y
1z
#4160000
0#
0p
#4165000
1#
1p
b1 v
0u
0s
1t
#4165001
0c
0b
1a
#4170000
0#
0p
#4175000
1#
1p
#4175001
1c
#4177000
0m
1l
1k
1i
1g
b0 w
b111 w
#4180000
0#
0p
#4185000
1#
1p
b111 v
#4185001
0c
1b
#4190000
0#
0p
#4195000
1#
1p
#4195001
1c
#4197000
0o
0l
0k
0i
1h
0g
1f
b0 w
#4200000
0#
0p
#4205000
1#
1p
b0 v
1r
#4205001
0c
0b
0a
0`
0_
1^
#4210000
0#
0p
#4215000
1#
1p
#4215001
1c
#4217000
0n
1m
1k
1j
0h
1g
0f
b1 w
1x
1y
0z
#4220000
0#
0p
#4225000
1#
1p
b1 v
1u
1s
0t
0r
#4225001
0c
1b
#4230000
0#
0p
#4235000
1#
1p
#4235001
1c
#4237000
1o
0j
1i
1h
b0 w
b10 w
0x
#4240000
0#
0p
#4245000
1#
1p
b10 v
0u
#4245001
0c
0b
1a
#4250000
0#
0p
#4255000
1#
1p
#4255001
1c
#4257000
0o
1n
1l
1j
0i
0h
0g
b0 w
0y
1z
#4260000
0#
0p
#4265000
1#
1p
b0 v
0s
1t
1r
#4265001
0c
1b
#4270000
0#
0p
#4275000
1#
1p
#4275001
1c
#4280000
0#
0p
#4285000
1#
1p
#4285001
0c
0b
0a
1`
#4290000
0#
0p
#4295000
1#
1p
#4295001
1c
#4297000
1o
0n
0m
0j
1i
1h
b1101 w
1x
1y
0z
#4300000
0#
0p
#4305000
1#
1p
b1101 v
1u
1s
0t
0r
#4305001
0c
1b
#4310000
0#
0p
#4315000
1#
1p
#4315001
1c
#4317000
0o
1n
1m
0i
0h
b0 w
0x
0y
1z
#4320000
0#
0p
#4325000
1#
1p
b0 v
0u
0s
1t
1r
#4325001
0c
0b
1a
#4330000
0#
0p
#4335000
1#
1p
#4335001
1c
#4337000
1o
0n
0m
0l
0k
1h
1g
1f
b1110 w
1y
0z
#4340000
0#
0p
#4345000
1#
1p
b1110 v
1s
0t
0r
#4345001
0c
1b
#4350000
0#
0p
#4355000
1#
1p
#4355001
1c
#4357000
0o
1n
1m
1l
1k
1j
0h
0f
b0 w
b100 w
0y
1z
#4360000
0#
0p
#4365000
1#
1p
b100 v
0s
1t
#4365001
0c
0b
0a
0`
1_
#4370000
0#
0p
#4375000
1#
1p
#4375001
1c
#4377000
0m
0l
0k
0j
0g
b0 w
#4380000
0#
0p
#4385000
1#
1p
b0 v
1r
#4385001
0c
1b
#4390000
0#
0p
#4395000
1#
1p
#4395001
1c
#4397000
0n
1l
1j
b1010 w
1y
0z
#4400000
0#
0p
#4405000
1#
1p
b1010 v
1s
0t
0r
#4405001
0c
0b
1a
#4410000
0#
0p
#4415000
1#
1p
#4415001
1c
#4417000
1o
1n
1m
1g
b0 w
b1111 w
0y
1z
#4420000
0#
0p
#4425000
1#
1p
b1111 v
0s
1t
#4425001
0c
1b
#4430000
0#
0p
#4435000
1#
1p
#4435001
1c
#4437000
0o
0n
1k
1i
1h
0g
1f
b0 w
b1010 w
1x
1y
0z
#4440000
0#
0p
#4445000
1#
1p
b1010 v
1u
1s
0t
#4445001
0c
0b
0a
1`
#4450000
0#
0p
#4455000
1#
1p
#4455001
1c
#4457000
0m
0l
0k
0j
0i
0h
1g
0f
b0 w
b100 w
0x
#4460000
0#
0p
#4465000
1#
1p
b100 v
0u
#4465001
0c
1b
#4470000
0#
0p
#4475000
1#
1p
#4475001
1c
#4477000
1o
1n
1i
1h
1f
b0 w
b1111 w
0y
1z
#4480000
0#
0p
#4485000
1#
1p
b1111 v
0s
1t
#4485001
0c
0b
1a
#4490000
0#
0p
#4495000
1#
1p
#4495001
1c
#4497000
0i
0g
0f
b0 w
b10 w
#4500000
0#
0p
#4505000
1#
1p
b10 v
#4505001
0c
1b
#4510000
0#
0p
#4515000
1#
1p
#4515001
1c
#4517000
1m
1k
1j
1i
1f
b0 w
b1111 w
#4520000
0#
0p
#4525000
1#
1p
b1111 v
#4525001
0c
0b
0a
0`
0_
0^
1]
#4530000
0#
0p
#4535000
1#
1p
#4535001
1c
#4537000
0n
0m
0k
0j
0i
0h
0f
b0 w
1y
0z
#4540000
0#
0p
#4545000
1#
1p
b0 v
1s
0t
1r
#4545001
0c
1b
#4550000
0#
0p
#4555000
1#
1p
#4555001
1c
#4557000
1n
1i
1h
1g
1f
b1111 w
0y
1z
#4560000
0#
0p
#4565000
1#
1p
b1111 v
0s
1t
0r
#4565001
0c
0b
1a
#4570000
0#
0p
#4575000
1#
1p
#4575001
1c
#4577000
0n
0i
0h
0g
b0 w
b1000 w
1y
0z
#4580000
0#
0p
#4585000
1#
1p
b1000 v
1s
0t
#4585001
0c
1b
#4590000
0#
0p
#4595000
1#
1p
#4595001
1c
#4597000
1m
1l
1k
1j
0f
b0 w
b1 w
1x
#4600000
0#
0p
#4605000
1#
1p
b1 v
1u
#4605001
0c
0b
0a
1`
#4610000
0#
0p
#4615000
1#
1p
#4615001
1c
#4617000
0l
0j
b0 w
b1011 w
#4620000
0#
0p
#4625000
1#
1p
b1011 v
#4625001
0c
1b
#4630000
0#
0p
#4635000
1#
1p
#4635001
1c
#4637000
0o
1n
1l
1j
1i
1f
b0 w
b1001 w
0x
0y
1z
#4640000
0#
0p
#4645000
1#
1p
b1001 v
0u
0s
1t
#4645001
0c
0b
1a
#4650000
0#
0p
#4655000
1#
1p
#4655001
1c
#4657000
1o
0n
0m
1h
b0 w
b1101 w
1x
1y
0z
#4660000
0#
0p
#4665000
1#
1p
b1101 v
1u
1s
0t
#4665001
0c
1b
#4670000
0#
0p
#4675000
1#
1p
#4675001
1c
#4677000
1n
0l
0k
0i
0h
b0 w
b1000 w
0x
0y
1z
#4680000
0#
0p
#4685000
1#
1p
b1000 v
0u
0s
1t
#4685001
0c
0b
0a
0`
1_
#4690000
0#
0p
#4695000
1#
1p
#4695001
1c
#4697000
0o
0n
1m
0j
1i
b0 w
b1010 w
1y
0z
#4700000
0#
0p
#4705000
1#
1p
b1010 v
1s
0t
#4705001
0c
1b
#4710000
0#
0p
#4715000
1#
1p
#4715001
1c
#4717000
1o
1g
b0 w
b1100 w
#4720000
0#
0p
#4725000
1#
1p
b1100 v
#4725001
0c
0b
1a
#4730000
0#
0p
#4735000
1#
1p
#4735001
1c
#4737000
0o
1n
1l
1k
1h
0g
b0 w
b11 w
0y
1z
#4740000
0#
0p
#4745000
1#
1p
b11 v
0s
1t
#4745001
0c
1b
#4750000
0#
0p
#4755000
1#
1p
#4755001
1c
#4757000
0l
0k
0i
0h
0f
b0 w
#4760000
0#
0p
#4765000
1#
1p
b0 v
1r
#4765001
0c
0b
0a
1`
#4770000
0#
0p
#4775000
1#
1p
#4775001
1c
#4777000
1o
0m
1l
1j
b1010 w
#4780000
0#
0p
#4785000
1#
1p
b1010 v
0r
#4785001
0c
1b
#4790000
0#
0p
#4795000
1#
1p
#4795001
1c
#4797000
0n
1m
0l
1i
1f
b0 w
1y
0z
#4800000
0#
0p
#4805000
1#
1p
b0 v
1s
0t
1r
#4805001
0c
0b
1a
#4810000
0#
0p
#4815000
1#
1p
#4815001
1c
#4817000
1n
0m
0j
b1001 w
0y
1z
#4820000
0#
0p
#4825000
1#
1p
b1001 v
0s
1t
0r
#4825001
0c
1b
#4830000
0#
0p
#4835000
1#
1p
#4835001
1c
#4837000
0n
1k
1j
0i
1g
b0 w
1y
0z
#4840000
0#
0p
#4845000
1#
1p
b0 v
1s
0t
1r
#4845001
0c
0b
0a
0`
0_
1^
#4850000
0#
0p
#4855000
1#
1p
#4855001
1c
#4857000
0o
1n
1l
0j
b100 w
0y
1z
#4860000
0#
0p
#4865000
1#
1p
b100 v
0s
1t
0r
#4865001
0c
1b
#4870000
0#
0p
#4875000
1#
1p
#4875001
1c
#4877000
1o
0l
1i
1h
b0 w
b1111 w
#4880000
0#
0p
#4885000
1#
1p
b1111 v
#4885001
0c
0b
1a
#4890000
0#
0p
#4895000
1#
1p
#4895001
1c
#4897000
0o
0n
0k
1j
0i
b0 w
b110 w
1x
1y
0z
#4900000
0#
0p
#4905000
1#
1p
b110 v
1u
1s
0t
#4905001
0c
1b
#4910000
0#
0p
#4915000
1#
1p
#4915001
1c
#4917000
1o
1n
1m
1l
0j
0f
b0 w
b111 w
0x
0y
1z
#4920000
0#
0p
#4925000
1#
1p
b111 v
0u
0s
1t
#4925001
0c
0b
0a
1`
#4930000
0#
0p
#4935000
1#
1p
#4935001
1c
#4937000
1k
0h
b0 w
b111 w
#4940000
0#
0p
#4945000
1#
1p
#4945001
0c
1b
#4950000
0#
0p
#4955000
1#
1p
#4955001
1c
#4957000
0o
0m
1j
0g
b0 w
#4960000
0#
0p
#4965000
1#
1p
b0 v
1r
#4965001
0c
0b
1a
#4970000
0#
0p
#4975000
1#
1p
#4975001
1c
#4977000
1o
0n
0l
0k
0j
1f
b1000 w
1y
0z
#4980000
0#
0p
#4985000
1#
1p
b1000 v
1s
0t
0r
#4985001
0c
1b
#4990000
0#
0p
#4995000
1#
1p
#4995001
1c
#4997000
1n
1m
1l
1k
1j
0f
b0 w
b1111 w
0y
1z
#5000000
0#
0p
#5005000
1#
1p
b1111 v
0s
1t
#5005001
0c
0b
0a
0`
1_
#5010000
0#
0p
#5015000
1#
1p
#5015001
1c
#5017000
0o
0l
0j
1i
b0 w
b1 w
#5020000
0#
0p
#5025000
1#
1p
b1 v
#5025001
0c
1b
#5030000
0#
0p
#5035000
1#
1p
#5035001
1c
#5037000
0m
1l
0k
0i
1h
b0 w
b10 w
#5040000
0#
0p
#5045000
1#
1p
b10 v
#5045001
0c
0b
1a
#5050000
0#
0p
#5055000
1#
1p
#5055001
1c
#5057000
1m
0l
1j
0h
1g
b0 w
#5060000
0#
0p
#5065000
1#
1p
b0 v
1r
#5065001
0c
1b
#5070000
0#
0p
#5075000
1#
1p
#5075001
1c
#5077000
1o
1l
1k
0g
b1111 w
#5080000
0#
0p
#5085000
1#
1p
b1111 v
0r
#5085001
0c
0b
0a
1`
#5090000
0#
0p
#5095000
1#
1p
#5095001
1c
#5097000
0n
0m
0k
0j
b0 w
b1110 w
1x
1y
0z
#5100000
0#
0p
#5105000
1#
1p
b1110 v
1u
1s
0t
#5105001
0c
1b
#5110000
0#
0p
#5115000
1#
1p
#5115001
1c
#5117000
1n
1m
1k
1h
1g
1f
b0 w
b1111 w
0x
0y
1z
#5120000
0#
0p
#5125000
1#
1p
b1111 v
0u
0s
1t
#5125001
0c
0b
1a
#5130000
0#
0p
#5135000
1#
1p
#5135001
1c
#5137000
0n
1j
0h
0g
0f
b0 w
b1 w
1x
1y
0z
#5140000
0#
0p
#5145000
1#
1p
b1 v
1u
1s
0t
#5145001
0c
1b
#5150000
0#
0p
#5155000
1#
1p
#5155001
1c
#5157000
1n
0m
0j
1i
1h
1g
b0 w
b111 w
0x
0y
1z
#5160000
0#
0p
#5165000
1#
1p
b111 v
0u
0s
1t
#5165001
0c
0b
0a
0`
0_
0^
0]
0\
0[
1Z
#5170000
0#
0p
#5175000
1#
1p
#5175001
1c
#5177000
0n
1j
1f
b0 w
b1 w
1y
0z
#5180000
0#
0p
#5185000
1#
1p
b1 v
1s
0t
#5185001
0c
1b
#5190000
0#
0p
#5195000
1#
1p
#5195001
1c
#5197000
0o
1n
0k
0j
b0 w
b10 w
0y
1z
#5200000
0#
0p
#5205000
1#
1p
b10 v
0s
1t
#5205001
0c
0b
1a
#5210000
0#
0p
#5215000
1#
1p
#5215001
1c
#5217000
0n
1m
1k
1j
0h
0f
b0 w
b100 w
1x
1y
0z
#5220000
0#
0p
#5225000
1#
1p
b100 v
1u
1s
0t
#5225001
0c
1b
#5230000
0#
0p
#5235000
1#
1p
#5235001
1c
#5237000
1o
0m
0l
0k
0j
1h
0g
1f
b0 w
b1011 w
0x
#5240000
0#
0p
#5245000
1#
1p
b1011 v
0u
#5245001
0c
0b
0a
1`
#5250000
0#
0p
#5255000
1#
1p
#5255001
1c
#5257000
0o
1k
1j
1g
b0 w
b1011 w
1x
#5260000
0#
0p
#5265000
1#
1p
1u
#5265001
0c
1b
#5270000
0#
0p
#5275000
1#
1p
#5275001
1c
#5277000
1m
1l
0f
b0 w
b110 w
#5280000
0#
0p
#5285000
1#
1p
b110 v
#5285001
0c
0b
1a
#5290000
0#
0p
#5295000
1#
1p
#5295001
1c
#5297000
1o
0m
0l
0k
0j
1f
b0 w
b1111 w
0x
#5300000
0#
0p
#5305000
1#
1p
b1111 v
0u
#5305001
0c
1b
#5310000
0#
0p
#5315000
1#
1p
#5315001
1c
#5317000
1l
1k
1j
b0 w
b1 w
#5320000
0#
0p
#5325000
1#
1p
b1 v
#5325001
0c
0b
0a
0`
1_
#5330000
0#
0p
#5335000
1#
1p
#5335001
1c
#5337000
0o
1m
0l
0j
0i
0h
0g
0f
b0 w
b101 w
#5340000
0#
0p
#5345000
1#
1p
b101 v
#5345001
0c
1b
#5350000
0#
0p
#5355000
1#
1p
#5355001
1c
#5357000
1o
1n
0m
0k
b0 w
0y
1z
#5360000
0#
0p
#5365000
1#
1p
b0 v
0s
1t
1r
#5365001
0c
0b
1a
#5370000
0#
0p
#5375000
1#
1p
#5375001
1c
#5377000
0o
0n
1m
1l
1i
1h
1g
1f
b10 w
1x
1y
0z
#5380000
0#
0p
#5385000
1#
1p
b10 v
1u
1s
0t
0r
#5385001
0c
1b
#5390000
0#
0p
#5395000
1#
1p
#5395001
1c
#5397000
0m
0l
0i
0h
0g
0f
b0 w
0x
#5400000
0#
0p
#5405000
1#
1p
b0 v
0u
1r
#5405001
0c
0b
0a
1`
#5410000
0#
0p
#5415000
1#
1p
#5415001
1c
#5417000
1o
1m
b1111 w
1x
#5420000
0#
0p
#5425000
1#
1p
b1111 v
1u
0r
#5425001
0c
1b
#5430000
0#
0p
#5435000
1#
1p
#5435001
1c
#5437000
0o
1n
0m
1l
1k
1j
b0 w
0x
0y
1z
#5440000
0#
0p
#5445000
1#
1p
b0 v
0u
0s
1t
1r
#5445001
0c
0b
1a
#5450000
0#
0p
#5455000
1#
1p
#5455001
1c
#5457000
1o
0n
1m
1i
1h
1g
1f
1y
0z
#5460000
0#
0p
#5465000
1#
1p
1s
0t
#5465001
0c
1b
#5470000
0#
0p
#5475000
1#
1p
#5475001
1c
#5477000
0o
1n
0m
0l
b1100 w
0y
1z
#5480000
0#
0p
#5485000
1#
1p
b1100 v
0s
1t
0r
#5485001
0c
0b
0a
0`
0_
1^
#5490000
0#
0p
#5495000
1#
1p
#5495001
1c
#5497000
0n
1l
0k
0i
b0 w
b1000 w
1x
1y
0z
#5500000
0#
0p
#5505000
1#
1p
b1000 v
1u
1s
0t
#5505001
0c
1b
#5510000
0#
0p
#5515000
1#
1p
#5515001
1c
#5517000
1o
1k
0g
0f
b0 w
b100 w
#5520000
0#
0p
#5525000
1#
1p
b100 v
#5525001
0c
0b
1a
#5530000
0#
0p
#5535000
1#
1p
#5535001
1c
#5537000
0o
1m
1i
1g
1f
b0 w
b1110 w
#5540000
0#
0p
#5545000
1#
1p
b1110 v
#5545001
0c
1b
#5550000
0#
0p
#5555000
1#
1p
#5555001
1c
#5557000
0j
b0 w
b110 w
#5560000
0#
0p
#5565000
1#
1p
b110 v
#5565001
0c
0b
0a
1`
#5570000
0#
0p
#5575000
1#
1p
#5575001
1c
#5577000
1o
1n
0m
0l
0k
0i
0h
b0 w
b1100 w
0x
0y
1z
#5580000
0#
0p
#5585000
1#
1p
b1100 v
0u
0s
1t
#5585001
0c
1b
#5590000
0#
0p
#5595000
1#
1p
#5595001
1c
#5597000
0o
1m
1l
1k
1j
1i
1h
0g
0f
b0 w
b11 w
#5600000
0#
0p
#5605000
1#
1p
b11 v
#5605001
0c
0b
1a
#5610000
0#
0p
#5615000
1#
1p
#5615001
1c
#5617000
0n
0m
0l
0k
0h
b0 w
b1001 w
1y
0z
#5620000
0#
0p
#5625000
1#
1p
b1001 v
1s
0t
#5625001
0c
1b
#5630000
0#
0p
#5635000
1#
1p
#5635001
1c
#5637000
0j
1h
1g
1f
b0 w
b1111 w
#5640000
0#
0p
#5645000
1#
1p
b1111 v
#5645001
0c
0b
0a
0`
1_
#5650000
0#
0p
#5655000
1#
1p
#5655001
1c
#5657000
1m
1l
1k
1j
0i
0h
0g
b0 w
b111 w
1x
#5660000
0#
0p
#5665000
1#
1p
b111 v
1u
#5665001
0c
1b
#5670000
0#
0p
#5675000
1#
1p
#5675001
1c
#5677000
1i
0f
b0 w
#5680000
0#
0p
#5685000
1#
1p
b0 v
1r
#5685001
0c
0b
1a
#5690000
0#
0p
#5695000
1#
1p
#5695001
1c
#5697000
1o
0m
0j
0i
1h
1g
0x
#5700000
0#
0p
#5705000
1#
1p
0u
#5705001
0c
1b
#5710000
0#
0p
#5715000
1#
1p
#5715001
1c
#5717000
0o
1n
0l
0k
0h
0g
0y
1z
#5720000
0#
0p
#5725000
1#
1p
0s
1t
#5725001
0c
0b
0a
1`
#5730000
0#
0p
#5735000
1#
1p
#5735001
1c
#5737000
0n
1m
1l
1k
1j
b1111 w
1y
0z
#5740000
0#
0p
#5745000
1#
1p
b1111 v
1s
0t
0r
#5745001
0c
1b
#5750000
0#
0p
#5755000
1#
1p
#5755001
1c
#5757000
1o
1n
0m
0k
1i
b0 w
b1011 w
0y
1z
#5760000
0#
0p
#5765000
1#
1p
b1011 v
0s
1t
#5765001
0c
0b
1a
#5770000
0#
0p
#5775000
1#
1p
#5775001
1c
#5777000
0n
1m
0l
1k
1h
1g
1f
b0 w
b10 w
1y
0z
#5780000
0#
0p
#5785000
1#
1p
b10 v
1s
0t
#5785001
0c
1b
#5790000
0#
0p
#5795000
1#
1p
#5795001
1c
#5797000
0m
1l
0g
0f
b0 w
b101 w
1x
#5800000
0#
0p
#5805000
1#
1p
b101 v
1u
#5805001
0c
0b
0a
0`
0_
0^
1]
#5810000
0#
0p
#5815000
1#
1p
#5815001
1c
#5817000
0l
0k
0j
0h
b0 w
b1 w
0x
#5820000
0#
0p
#5825000
1#
1p
b1 v
0u
#5825001
0c
1b
#5830000
0#
0p
#5835000
1#
1p
#5835001
1c
#5837000
0o
1m
1j
0i
b0 w
b1001 w
#5840000
0#
0p
#5845000
1#
1p
b1001 v
#5845001
0c
0b
1a
#5850000
0#
0p
#5855000
1#
1p
#5855001
1c
#5857000
1o
1l
1k
b0 w
b1 w
1x
#5860000
0#
0p
#5865000
1#
1p
b1 v
1u
#5865001
0c
1b
#5870000
0#
0p
#5875000
1#
1p
#5875001
1c
#5877000
0o
1i
1h
1g
b0 w
b110 w
#5880000
0#
0p
#5885000
1#
1p
b110 v
#5885001
0c
0b
0a
1`
#5890000
0#
0p
#5895000
1#
1p
#5895001
1c
#5897000
1n
0l
0k
1f
b0 w
b1001 w
0x
0y
1z
#5900000
0#
0p
#5905000
1#
1p
b1001 v
0u
0s
1t
#5905001
0c
1b
#5910000
0#
0p
#5915000
1#
1p
#5915001
1c
#5917000
1l
1k
0j
0i
0h
b0 w
b100 w
#5920000
0#
0p
#5925000
1#
1p
b100 v
#5925001
0c
0b
1a
#5930000
0#
0p
#5935000
1#
1p
#5935001
1c
#5937000
0l
0g
0f
b0 w
#5940000
0#
0p
#5945000
1#
1p
b0 v
1r
#5945001
0c
1b
#5950000
0#
0p
#5955000
1#
1p
#5955001
1c
#5957000
1o
0m
1l
0k
1j
b1010 w
#5960000
0#
0p
#5965000
1#
1p
b1010 v
0r
#5965001
0c
0b
0a
0`
1_
#5970000
0#
0p
#5975000
1#
1p
#5975001
1c
#5977000
0n
1m
1k
1i
1f
b0 w
b1010 w
1x
1y
0z
#5980000
0#
0p
#5985000
1#
1p
1u
1s
0t
#5985001
0c
1b
#5990000
0#
0p
#5995000
1#
1p
#5995001
1c
#5997000
0o
1n
0l
0k
0j
0i
0f
b0 w
0x
0y
1z
#6000000
0#
0p
#6005000
1#
1p
b0 v
0u
0s
1t
1r
#6005001
0c
0b
1a
#6010000
0#
0p
#6015000
1#
1p
#6015001
1c
#6017000
0m
1i
1h
1g
1f
#6020000
0#
0p
#6025000
1#
1p
#6025001
0c
1b
#6030000
0#
0p
#6035000
1#
1p
#6035001
1c
#6037000
0n
1k
0i
0h
0g
0f
b100 w
1y
0z
#6040000
0#
0p
#6045000
1#
1p
b100 v
1s
0t
0r
#6045001
0c
0b
0a
1`
#6050000
0#
0p
#6055000
1#
1p
#6055001
1c
#6057000
1n
0k
1i
1h
1g
b0 w
0y
1z
#6060000
0#
0p
#6065000
1#
1p
b0 v
0s
1t
1r
#6065001
0c
1b
#6070000
0#
0p
#6075000
1#
1p
#6075001
1c
#6077000
1o
1m
1l
1k
0g
b111 w
#6080000
0#
0p
#6085000
1#
1p
b111 v
0r
#6085001
0c
0b
1a
#6090000
0#
0p
#6095000
1#
1p
#6095001
1c
#6097000
0o
0m
0l
0i
0h
1f
b0 w
#6100000
0#
0p
#6105000
1#
1p
b0 v
1r
#6105001
0c
1b
#6110000
0#
0p
#6115000
1#
1p
#6115001
1c
#6117000
1o
0n
1m
1j
0f
b11 w
1x
1y
0z
#6120000
0#
0p
#6125000
1#
1p
b11 v
1u
1s
0t
0r
#6125001
0c
0b
0a
0`
0_
1^
#6130000
0#
0p
#6135000
1#
1p
#6135001
1c
#6137000
0o
0m
1l
0k
1h
1g
1f
b0 w
b1000 w
#6140000
0#
0p
#6145000
1#
1p
b1000 v
#6145001
0c
1b
#6150000
0#
0p
#6155000
1#
1p
#6155001
1c
#6157000
1o
1n
1m
1k
1i
0h
0f
b0 w
b1111 w
0x
0y
1z
#6160000
0#
0p
#6165000
1#
1p
b1111 v
0u
0s
1t
#6165001
0c
0b
1a
#6170000
0#
0p
#6175000
1#
1p
#6175001
1c
#6177000
0m
0l
0k
0j
0i
1h
0g
b0 w
b10 w
#6180000
0#
0p
#6185000
1#
1p
b10 v
#6185001
0c
1b
#6190000
0#
0p
#6195000
1#
1p
#6195001
1c
#6197000
1m
1l
1k
1j
0h
1f
b0 w
b1111 w
#6200000
0#
0p
#6205000
1#
1p
b1111 v
#6205001
0c
0b
0a
1`
#6210000
0#
0p
#6215000
1#
1p
#6215001
1c
#6217000
0n
0m
0k
1g
b0 w
b10 w
1y
0z
#6220000
0#
0p
#6225000
1#
1p
b10 v
1s
0t
#6225001
0c
1b
#6230000
0#
0p
#6235000
1#
1p
#6235001
1c
#6237000
0o
1n
1m
0l
0j
0f
b0 w
0y
1z
#6240000
0#
0p
#6245000
1#
1p
b0 v
0s
1t
1r
#6245001
0c
0b
1a
#6250000
0#
0p
#6255000
1#
1p
#6255001
1c
#6257000
1o
0m
1k
1i
1h
b111 w
#6260000
0#
0p
#6265000
1#
1p
b111 v
0r
#6265001
0c
1b
#6270000
0#
0p
#6275000
1#
1p
#6275001
1c
#6277000
0n
1l
0k
1j
0h
1f
b0 w
b11 w
1y
0z
#6280000
0#
0p
#6285000
1#
1p
b11 v
1s
0t
#6285001
0c
0b
0a
0`
1_
#6290000
0#
0p
#6295000
1#
1p
#6295001
1c
#6297000
0l
0j
0i
1h
b0 w
b1110 w
#6300000
0#
0p
#6305000
1#
1p
b1110 v
#6305001
0c
1b
#6310000
0#
0p
#6315000
1#
1p
#6315001
1c
#6317000
1m
1l
1k
1j
0f
b0 w
b111 w
1x
#6320000
0#
0p
#6325000
1#
1p
b111 v
1u
#6325001
0c
0b
1a
#6330000
0#
0p
#6335000
1#
1p
#6335001
1c
#6337000
0k
1i
0g
b0 w
b1000 w
#6340000
0#
0p
#6345000
1#
1p
b1000 v
#6345001
0c
1b
#6350000
0#
0p
#6355000
1#
1p
#6355001
1c
#6357000
0o
1n
1k
0j
0i
1g
1f
b0 w
b110 w
0x
0y
1z
#6360000
0#
0p
#6365000
1#
1p
b110 v
0u
0s
1t
#6365001
0c
0b
0a
1`
#6370000
0#
0p
#6375000
1#
1p
#6375001
1c
#6377000
1o
0n
1j
1i
0h
0g
b0 w
b1010 w
1x
1y
0z
#6380000
0#
0p
#6385000
1#
1p
b1010 v
1u
1s
0t
#6385001
0c
1b
#6390000
0#
0p
#6395000
1#
1p
#6395001
1c
#6397000
0o
0l
1h
1g
b0 w
b1100 w
#6400000
0#
0p
#6405000
1#
1p
b1100 v
#6405001
0c
0b
1a
#6410000
0#
0p
#6415000
1#
1p
#6415001
1c
#6417000
0m
0k
0j
0h
0f
b0 w
b101 w
0x
#6420000
0#
0p
#6425000
1#
1p
b101 v
0u
#6425001
0c
1b
#6430000
0#
0p
#6435000
1#
1p
#6435001
1c
#6437000
1o
1l
1j
0i
0g
b0 w
b110 w
1x
#6440000
0#
0p
#6445000
1#
1p
b110 v
1u
#6445001
0c
0b
0a
0`
0_
0^
0]
1\
#6450000
0#
0p
#6455000
1#
1p
#6455001
1c
#6457000
1n
1m
1k
1i
1h
1f
b0 w
b1111 w
0x
0y
1z
#6460000
0#
0p
#6465000
1#
1p
b1111 v
0u
0s
1t
#6465001
0c
1b
#6470000
0#
0p
#6475000
1#
1p
#6475001
1c
#6477000
0n
0m
0l
0k
0j
0h
b0 w
b1001 w
1y
0z
#6480000
0#
0p
#6485000
1#
1p
b1001 v
1s
0t
#6485001
0c
0b
1a
#6490000
0#
0p
#6495000
1#
1p
#6495001
1c
#6497000
0o
1k
1j
0i
1g
0f
b0 w
1x
#6500000
0#
0p
#6505000
1#
1p
b0 v
1u
1r
#6505001
0c
1b
#6510000
0#
0p
#6515000
1#
1p
#6515001
1c
#6517000
1l
0k
1i
0g
b1011 w
0x
#6520000
0#
0p
#6525000
1#
1p
b1011 v
0u
0r
#6525001
0c
0b
0a
1`
#6530000
0#
0p
#6535000
1#
1p
#6535001
1c
#6537000
0l
0j
1g
b0 w
b101 w
#6540000
0#
0p
#6545000
1#
1p
b101 v
#6545001
0c
1b
#6550000
0#
0p
#6555000
1#
1p
#6555001
1c
#6557000
1o
1n
1l
1j
0i
0g
1f
b0 w
b1010 w
0y
1z
#6560000
0#
0p
#6565000
1#
1p
b1010 v
0s
1t
#6565001
0c
0b
1a
#6570000
0#
0p
#6575000
1#
1p
#6575001
1c
#6577000
0n
1m
0l
1k
0j
1i
1g
b0 w
b1000 w
1y
0z
#6580000
0#
0p
#6585000
1#
1p
b1000 v
1s
0t
#6585001
0c
1b
#6590000
0#
0p
#6595000
1#
1p
#6595001
1c
#6597000
0o
1n
0m
0k
1j
0i
0g
0f
b0 w
0y
1z
#6600000
0#
0p
#6605000
1#
1p
b0 v
0s
1t
1r
#6605001
0c
0b
0a
0`
1_
#6610000
0#
0p
#6615000
1#
1p
#6615001
1c
#6617000
1o
0j
1i
1g
b101 w
#6620000
0#
0p
#6625000
1#
1p
b101 v
0r
#6625001
0c
1b
#6630000
0#
0p
#6635000
1#
1p
#6635001
1c
#6637000
0o
0n
1m
1l
1k
0i
0g
b0 w
b111 w
1y
0z
#6640000
0#
0p
#6645000
1#
1p
b111 v
1s
0t
#6645001
0c
0b
1a
#6650000
0#
0p
#6655000
1#
1p
#6655001
1c
#6657000
1n
0m
0k
1i
1h
1g
1f
b0 w
b10 w
0y
1z
#6660000
0#
0p
#6665000
1#
1p
b10 v
0s
1t
#6665001
0c
1b
#6670000
0#
0p
#6675000
1#
1p
#6675001
1c
#6677000
1o
0n
1m
1k
1j
b0 w
1y
0z
#6680000
0#
0p
#6685000
1#
1p
b0 v
1s
0t
1r
#6685001
0c
0b
0a
1`
#6690000
0#
0p
#6695000
1#
1p
#6695001
1c
#6697000
0l
0k
0j
0i
0h
0g
0f
b1111 w
1x
#6700000
0#
0p
#6705000
1#
1p
b1111 v
1u
0r
#6705001
0c
1b
#6710000
0#
0p
#6715000
1#
1p
#6715001
1c
#6717000
0o
1l
1j
1i
1h
1g
1f
b0 w
b1010 w
#6720000
0#
0p
#6725000
1#
1p
b1010 v
#6725001
0c
0b
1a
#6730000
0#
0p
#6735000
1#
1p
#6735001
1c
#6737000
1n
0m
1k
0i
0h
0g
b0 w
b1000 w
0x
0y
1z
#6740000
0#
0p
#6745000
1#
1p
b1000 v
0u
0s
1t
#6745001
0c
1b
#6750000
0#
0p
#6755000
1#
1p
#6755001
1c
#6757000
0k
0j
1i
1h
0f
b0 w
b10 w
#6760000
0#
0p
#6765000
1#
1p
b10 v
#6765001
0c
0b
0a
0`
0_
1^
#6770000
0#
0p
#6775000
1#
1p
#6775001
1c
#6777000
1o
1m
0l
1j
0i
1g
1f
b0 w
b1111 w
#6780000
0#
0p
#6785000
1#
1p
b1111 v
#6785001
0c
1b
#6790000
0#
0p
#6795000
1#
1p
#6795001
1c
#6797000
0o
0m
1l
0j
0h
0f
b0 w
#6800000
0#
0p
#6805000
1#
1p
b0 v
1r
#6805001
0c
0b
1a
#6810000
0#
0p
#6815000
1#
1p
#6815001
1c
#6817000
0n
1m
b111 w
1y
0z
#6820000
0#
0p
#6825000
1#
1p
b111 v
1s
0t
0r
#6825001
0c
1b
#6830000
0#
0p
#6835000
1#
1p
#6835001
1c
#6837000
1o
1n
1j
1f
b0 w
b1111 w
0y
1z
#6840000
0#
0p
#6845000
1#
1p
b1111 v
0s
1t
#6845001
0c
0b
0a
1`
#6850000
0#
0p
#6855000
1#
1p
#6855001
1c
#6857000
0n
0l
1i
0g
b0 w
1y
0z
#6860000
0#
0p
#6865000
1#
1p
b0 v
1s
0t
1r
#6865001
0c
1b
#6870000
0#
0p
#6875000
1#
1p
#6875001
1c
#6877000
1n
1l
1k
0i
1g
b1111 w
0y
1z
#6880000
0#
0p
#6885000
1#
1p
b1111 v
0s
1t
0r
#6885001
0c
0b
1a
#6890000
0#
0p
#6895000
1#
1p
#6895001
1c
#6897000
0n
0m
0k
0j
1h
0g
b0 w
b1000 w
1y
0z
#6900000
0#
0p
#6905000
1#
1p
b1000 v
1s
0t
#6905001
0c
1b
#6910000
0#
0p
#6915000
1#
1p
#6915001
1c
#6917000
1i
0h
0f
b0 w
b1111 w
1x
#6920000
0#
0p
#6925000
1#
1p
b1111 v
1u
#6925001
0c
0b
0a
0`
1_
#6930000
0#
0p
#6935000
1#
1p
#6935001
1c
#6937000
0o
0l
1j
1h
1g
1f
b0 w
b111 w
#6940000
0#
0p
#6945000
1#
1p
b111 v
#6945001
0c
1b
#6950000
0#
0p
#6955000
1#
1p
#6955001
1c
#6957000
1m
0i
0h
0g
0f
b0 w
b1001 w
0x
#6960000
0#
0p
#6965000
1#
1p
b1001 v
0u
#6965001
0c
0b
1a
#6970000
0#
0p
#6975000
1#
1p
#6975001
1c
#6977000
1o
1l
0j
1i
b0 w
b1110 w
1x
#6980000
0#
0p
#6985000
1#
1p
b1110 v
1u
#6985001
0c
1b
#6990000
0#
0p
#6995000
1#
1p
#6995001
1c
#6997000
1n
0m
0l
1h
b0 w
b11 w
0x
0y
1z
#7000000
0#
0p
#7005000
1#
1p
b11 v
0u
0s
1t
#7005001
0c
0b
0a
1`
#7010000
0#
0p
#7015000
1#
1p
#7015001
1c
#7017000
0o
1m
1f
b0 w
b1 w
#7020000
0#
0p
#7025000
1#
1p
b1 v
#7025001
0c
1b
#7030000
0#
0p
#7035000
1#
1p
#7035001
1c
#7037000
1o
1l
1k
1j
1g
b0 w
b1111 w
#7040000
0#
0p
#7045000
1#
1p
b1111 v
#7045001
0c
0b
1a
#7050000
0#
0p
#7055000
1#
1p
#7055001
1c
#7057000
0o
0n
0l
0k
0i
0f
b0 w
b1111 w
1y
0z
#7060000
0#
0p
#7065000
1#
1p
1s
0t
#7065001
0c
1b
#7070000
0#
0p
#7075000
1#
1p
#7075001
1c
#7077000
1l
1k
1i
0h
1f
b0 w
b1100 w
1x
#7080000
0#
0p
#7085000
1#
1p
b1100 v
1u
#7085001
0c
0b
0a
0`
0_
0^
1]
#7090000
0#
0p
#7095000
1#
1p
#7095001
1c
#7097000
1o
1n
0m
0l
0k
1h
0f
b0 w
b1111 w
0x
0y
1z
#7100000
0#
0p
#7105000
1#
1p
b1111 v
0u
0s
1t
#7105001
0c
1b
#7110000
0#
0p
#7115000
1#
1p
#7115001
1c
#7117000
1m
1l
1k
0j
1f
b0 w
b1111 w
#7120000
0#
0p
#7125000
1#
1p
#7125001
0c
0b
1a
#7130000
0#
0p
#7135000
1#
1p
#7135001
1c
#7137000
0o
0l
0k
0h
0g
0f
b0 w
b1 w
#7140000
0#
0p
#7145000
1#
1p
b1 v
#7145001
0c
1b
#7150000
0#
0p
#7155000
1#
1p
#7155001
1c
#7157000
1o
0n
0m
0i
1h
1g
b0 w
b110 w
1y
0z
#7160000
0#
0p
#7165000
1#
1p
b110 v
1s
0t
#7165001
0c
0b
0a
1`
#7170000
0#
0p
#7175000
1#
1p
#7175001
1c
#7177000
1l
1k
1j
0h
b0 w
b110 w
1x
#7180000
0#
0p
#7185000
1#
1p
1u
#7185001
0c
1b
#7190000
0#
0p
#7195000
1#
1p
#7195001
1c
#7197000
1n
0l
0j
1i
0g
1f
b0 w
b1101 w
0x
0y
1z
#7200000
0#
0p
#7205000
1#
1p
b1101 v
0u
0s
1t
#7205001
0c
0b
1a
#7210000
0#
0p
#7215000
1#
1p
#7215001
1c
#7217000
1l
0k
1j
1g
0f
b0 w
b1111 w
#7220000
0#
0p
#7225000
1#
1p
b1111 v
#7225001
0c
1b
#7230000
0#
0p
#7235000
1#
1p
#7235001
1c
#7237000
0n
1m
1k
1f
b0 w
b1110 w
1x
1y
0z
#7240000
0#
0p
#7245000
1#
1p
b1110 v
1u
1s
0t
#7245001
0c
0b
0a
0`
1_
#7250000
0#
0p
#7255000
1#
1p
#7255001
1c
#7257000
1n
0l
0j
0i
0f
b0 w
b101 w
0x
0y
1z
#7260000
0#
0p
#7265000
1#
1p
b101 v
0u
0s
1t
#7265001
0c
1b
#7270000
0#
0p
#7275000
1#
1p
#7275001
1c
#7277000
0o
0n
1l
1j
1i
1h
1f
b0 w
b1110 w
1x
1y
0z
#7280000
0#
0p
#7285000
1#
1p
b1110 v
1u
1s
0t
#7285001
0c
0b
1a
#7290000
0#
0p
#7295000
1#
1p
#7295001
1c
#7297000
1n
0m
0l
0j
0h
0g
b0 w
0x
0y
1z
#7300000
0#
0p
#7305000
1#
1p
b0 v
0u
0s
1t
1r
#7305001
0c
1b
#7310000
0#
0p
#7315000
1#
1p
#7315001
1c
#7317000
1o
1m
1j
0i
0f
b1101 w
#7320000
0#
0p
#7325000
1#
1p
b1101 v
0r
#7325001
0c
0b
0a
1`
#7330000
0#
0p
#7335000
1#
1p
#7335001
1c
#7337000
0o
0n
0m
0k
0j
1i
1h
b0 w
b11 w
1y
0z
#7340000
0#
0p
#7345000
1#
1p
b11 v
1s
0t
#7345001
0c
1b
#7350000
0#
0p
#7355000
1#
1p
#7355001
1c
#7357000
1o
1n
1k
0h
1f
b0 w
b1101 w
0y
1z
#7360000
0#
0p
#7365000
1#
1p
b1101 v
0s
1t
#7365001
0c
0b
1a
#7370000
0#
0p
#7375000
1#
1p
#7375001
1c
#7377000
1l
1j
1h
0f
b0 w
b1111 w
#7380000
0#
0p
#7385000
1#
1p
b1111 v
#7385001
0c
1b
#7390000
0#
0p
#7395000
1#
1p
#7395001
1c
#7397000
0k
0j
0h
1f
b0 w
b1011 w
#7400000
0#
0p
#7405000
1#
1p
b1011 v
#7405001
0c
0b
0a
0`
0_
1^
#7410000
0#
0p
#7415000
1#
1p
#7415001
1c
#7417000
0n
1k
0i
1h
0f
b0 w
b1100 w
1x
1y
0z
#7420000
0#
0p
#7425000
1#
1p
b1100 v
1u
1s
0t
#7425001
0c
1b
#7430000
0#
0p
#7435000
1#
1p
#7435001
1c
#7437000
1j
0h
b0 w
b10 w
#7440000
0#
0p
#7445000
1#
1p
b10 v
#7445001
0c
0b
1a
#7450000
0#
0p
#7455000
1#
1p
#7455001
1c
#7457000
0o
1m
1h
1g
b0 w
b101 w
#7460000
0#
0p
#7465000
1#
1p
b101 v
#7465001
0c
1b
#7470000
0#
0p
#7475000
1#
1p
#7475001
1c
#7477000
1n
0g
1f
b0 w
b1010 w
0x
0y
1z
#7480000
0#
0p
#7485000
1#
1p
b1010 v
0u
0s
1t
#7485001
0c
0b
0a
1`
#7490000
0#
0p
#7495000
1#
1p
#7495001
1c
#7497000
0n
0l
0j
0h
0f
b0 w
b101 w
1y
0z
#7500000
0#
0p
#7505000
1#
1p
b101 v
1s
0t
#7505001
0c
1b
#7510000
0#
0p
#7515000
1#
1p
#7515001
1c
#7517000
1l
1j
b0 w
b1111 w
#7520000
0#
0p
#7525000
1#
1p
b1111 v
#7525001
0c
0b
1a
#7530000
0#
0p
#7535000
1#
1p
#7535001
1c
#7537000
1o
1n
0m
0k
0j
1i
b0 w
b11 w
0y
1z
#7540000
0#
0p
#7545000
1#
1p
b11 v
0s
1t
#7545001
0c
1b
#7550000
0#
0p
#7555000
1#
1p
#7555001
1c
#7557000
0n
1m
1k
1j
0i
1h
1f
b0 w
b1011 w
1x
1y
0z
#7560000
0#
0p
#7565000
1#
1p
b1011 v
1u
1s
0t
#7565001
0c
0b
0a
0`
1_
#7570000
0#
0p
#7575000
1#
1p
#7575001
1c
#7577000
1n
0m
0l
0k
0j
0h
0f
b0 w
0x
0y
1z
#7580000
0#
0p
#7585000
1#
1p
b0 v
0u
0s
1t
1r
#7585001
0c
1b
#7590000
0#
0p
#7595000
1#
1p
#7595001
1c
#7597000
0n
1m
1k
1i
1h
b1110 w
1x
1y
0z
#7600000
0#
0p
#7605000
1#
1p
b1110 v
1u
1s
0t
0r
#7605001
0c
0b
1a
#7610000
0#
0p
#7615000
1#
1p
#7615001
1c
#7617000
0m
0k
0i
0h
1g
b0 w
b100 w
0x
#7620000
0#
0p
#7625000
1#
1p
b100 v
0u
#7625001
0c
1b
#7630000
0#
0p
#7635000
1#
1p
#7635001
1c
#7637000
0o
1m
1l
1k
1j
1i
0g
b0 w
1x
#7640000
0#
0p
#7645000
1#
1p
b0 v
1u
1r
#7645001
0c
0b
0a
1`
#7650000
0#
0p
#7655000
1#
1p
#7655001
1c
#7657000
1o
1n
0m
0l
0k
0j
1g
b101 w
0x
0y
1z
#7660000
0#
0p
#7665000
1#
1p
b101 v
0u
0s
1t
0r
#7665001
0c
1b
#7670000
0#
0p
#7675000
1#
1p
#7675001
1c
#7677000
1m
1l
0g
1f
b0 w
b1011 w
#7680000
0#
0p
#7685000
1#
1p
b1011 v
#7685001
0c
0b
1a
#7690000
0#
0p
#7695000
1#
1p
#7695001
1c
#7697000
0m
0l
1g
0f
b0 w
b101 w
#7700000
0#
0p
#7705000
1#
1p
b101 v
#7705001
0c
1b
#7710000
0#
0p
#7715000
1#
1p
#7715001
1c
#7717000
0i
0g
b0 w
#7720000
0#
0p
#7725000
1#
1p
b0 v
1r
#7725001
0c
0b
0a
0`
0_
0^
0]
0\
1[
#7730000
0#
0p
#7735000
1#
1p
#7735001
1c
#7737000
0o
1j
1i
1h
1g
1f
b1000 w
#7740000
0#
0p
#7745000
1#
1p
b1000 v
0r
#7745001
0c
1b
#7750000
0#
0p
#7755000
1#
1p
#7755001
1c
#7757000
1o
b0 w
b1111 w
#7760000
0#
0p
#7765000
1#
1p
b1111 v
#7765001
0c
0b
1a
#7770000
0#
0p
#7775000
1#
1p
#7775001
1c
#7777000
1m
1k
0h
b0 w
b1101 w
#7780000
0#
0p
#7785000
1#
1p
b1101 v
#7785001
0c
1b
#7790000
0#
0p
#7795000
1#
1p
#7795001
1c
#7797000
0o
0n
0k
0i
1h
0g
b0 w
b11 w
1x
1y
0z
#7800000
0#
0p
#7805000
1#
1p
b11 v
1u
1s
0t
#7805001
0c
0b
0a
1`
#7810000
0#
0p
#7815000
1#
1p
#7815001
1c
#7817000
1o
1l
1k
1i
1g
b0 w
0x
#7820000
0#
0p
#7825000
1#
1p
b0 v
0u
1r
#7825001
0c
1b
#7830000
0#
0p
#7835000
1#
1p
#7835001
1c
#7837000
0o
1n
0m
0l
0k
0g
0f
0y
1z
#7840000
0#
0p
#7845000
1#
1p
0s
1t
#7845001
0c
0b
1a
#7850000
0#
0p
#7855000
1#
1p
#7855001
1c
#7857000
1o
0n
1m
0i
0h
b111 w
1x
1y
0z
#7860000
0#
0p
#7865000
1#
1p
b111 v
1u
1s
0t
0r
#7865001
0c
1b
#7870000
0#
0p
#7875000
1#
1p
#7875001
1c
#7877000
0o
1l
1k
1h
1g
1f
b0 w
b1101 w
#7880000
0#
0p
#7885000
1#
1p
b1101 v
#7885001
0c
0b
0a
0`
1_
#7890000
0#
0p
#7895000
1#
1p
#7895001
1c
#7897000
0l
0f
b0 w
b11 w
#7900000
0#
0p
#7905000
1#
1p
b11 v
#7905001
0c
1b
#7910000
0#
0p
#7915000
1#
1p
#7915001
1c
#7917000
1n
0m
1l
1i
0h
0g
b0 w
0x
0y
1z
#7920000
0#
0p
#7925000
1#
1p
b0 v
0u
0s
1t
1r
#7925001
0c
0b
1a
#7930000
0#
0p
#7935000
1#
1p
#7935001
1c
#7937000
1o
0n
1m
0k
0i
1h
1f
b1111 w
1x
1y
0z
#7940000
0#
0p
#7945000
1#
1p
b1111 v
1u
1s
0t
0r
#7945001
0c
1b
#7950000
0#
0p
#7955000
1#
1p
#7955001
1c
#7957000
0o
0m
0l
1i
0h
0f
b0 w
b1001 w
0x
#7960000
0#
0p
#7965000
1#
1p
b1001 v
0u
#7965001
0c
0b
0a
1`
#7970000
0#
0p
#7975000
1#
1p
#7975001
1c
#7977000
0j
0i
b0 w
#7980000
0#
0p
#7985000
1#
1p
b0 v
1r
#7985001
0c
1b
#7990000
0#
0p
#7995000
1#
1p
#7995001
1c
#7997000
1o
1n
1m
1l
1k
1j
1i
1f
b1111 w
0y
1z
#8000000
0#
0p
#8005000
1#
1p
b1111 v
0s
1t
0r
#8005001
0c
0b
1a
#8010000
0#
0p
#8015000
1#
1p
#8015001
1c
#8017000
0n
0f
b0 w
b10 w
1x
1y
0z
#8020000
0#
0p
#8025000
1#
1p
b10 v
1u
1s
0t
#8025001
0c
1b
#8030000
0#
0p
#8035000
1#
1p
#8035001
1c
#8037000
0k
0i
1g
b0 w
b1001 w
#8040000
0#
0p
#8045000
1#
1p
b1001 v
#8045001
0c
0b
0a
0`
0_
1^
#8050000
0#
0p
#8055000
1#
1p
#8055001
1c
#8057000
0o
0m
0l
0j
1i
1h
1f
b0 w
b1111 w
0x
#8060000
0#
0p
#8065000
1#
1p
b1111 v
0u
#8065001
0c
1b
#8070000
0#
0p
#8075000
1#
1p
#8075001
1c
#8077000
1o
1m
1l
1k
1j
0h
0f
b0 w
b110 w
1x
#8080000
0#
0p
#8085000
1#
1p
b110 v
1u
#8085001
0c
0b
1a
#8090000
0#
0p
#8095000
1#
1p
#8095001
1c
#8097000
0o
0j
0i
b0 w
b1011 w
0x
#8100000
0#
0p
#8105000
1#
1p
b1011 v
0u
#8105001
0c
1b
#8110000
0#
0p
#8115000
1#
1p
#8115001
1c
#8117000
1o
1h
b0 w
b1111 w
1x
#8120000
0#
0p
#8125000
1#
1p
b1111 v
1u
#8125001
0c
0b
0a
1`
#8130000
0#
0p
#8135000
1#
1p
#8135001
1c
#8137000
1n
0m
0l
0k
1i
1f
b0 w
b1111 w
0x
0y
1z
#8140000
0#
0p
#8145000
1#
1p
0u
0s
1t
#8145001
0c
1b
#8150000
0#
0p
#8155000
1#
1p
#8155001
1c
#8157000
1m
1k
0i
0h
0g
0f
b0 w
b101 w
#8160000
0#
0p
#8165000
1#
1p
b101 v
#8165001
0c
0b
1a
#8170000
0#
0p
#8175000
1#
1p
#8175001
1c
#8177000
0o
0m
1l
0k
1j
1i
1h
1g
1f
b0 w
b1010 w
#8180000
0#
0p
#8185000
1#
1p
b1010 v
#8185001
0c
1b
#8190000
0#
0p
#8195000
1#
1p
#8195001
1c
#8197000
1o
0n
1m
1k
0j
0h
b0 w
b110 w
1y
0z
#8200000
0#
0p
#8205000
1#
1p
b110 v
1s
0t
#8205001
0c
0b
0a
0`
1_
#8210000
0#
0p
#8215000
1#
1p
#8215001
1c
#8217000
1n
0m
0l
0k
1j
1h
b0 w
b1111 w
0y
1z
#8220000
0#
0p
#8225000
1#
1p
b1111 v
0s
1t
#8225001
0c
1b
#8230000
0#
0p
#8235000
1#
1p
#8235001
1c
#8237000
0n
1m
1k
0i
0g
0f
b0 w
b101 w
1x
1y
0z
#8240000
0#
0p
#8245000
1#
1p
b101 v
1u
1s
0t
#8245001
0c
0b
1a
#8250000
0#
0p
#8255000
1#
1p
#8255001
1c
#8257000
0o
1n
1l
0k
0j
b0 w
b10 w
0x
0y
1z
#8260000
0#
0p
#8265000
1#
1p
b10 v
0u
0s
1t
#8265001
0c
1b
#8270000
0#
0p
#8275000
1#
1p
#8275001
1c
#8277000
1o
1j
b0 w
b1011 w
#8280000
0#
0p
#8285000
1#
1p
b1011 v
#8285001
0c
0b
0a
1`
#8290000
0#
0p
#8295000
1#
1p
#8295001
1c
#8297000
0n
0m
0l
0h
1g
1f
b0 w
b100 w
1y
0z
#8300000
0#
0p
#8305000
1#
1p
b100 v
1s
0t
#8305001
0c
1b
#8310000
0#
0p
#8315000
1#
1p
#8315001
1c
#8317000
0o
1m
1l
1k
0g
b0 w
b111 w
1x
#8320000
0#
0p
#8325000
1#
1p
b111 v
1u
#8325001
0c
0b
1a
#8330000
0#
0p
#8335000
1#
1p
#8335001
1c
#8337000
1o
1n
1h
1g
0f
b0 w
b1111 w
0x
0y
1z
#8340000
0#
0p
#8345000
1#
1p
b1111 v
0u
0s
1t
#8345001
0c
1b
#8350000
0#
0p
#8355000
1#
1p
#8355001
1c
#8357000
0o
0n
0m
0l
0k
0j
0h
0g
b0 w
1y
0z
#8360000
0#
0p
#8365000
1#
1p
b0 v
1s
0t
1r
#8365001
0c
0b
0a
0`
0_
0^
1]
#8370000
0#
0p
#8375000
1#
1p
#8375001
1c
#8377000
1o
1m
1l
1i
1h
1g
1f
b1100 w
#8380000
0#
0p
#8385000
1#
1p
b1100 v
0r
#8385001
0c
1b
#8390000
0#
0p
#8395000
1#
1p
#8395001
1c
#8397000
0o
0m
0l
0i
0h
0g
0f
b0 w
#8400000
0#
0p
#8405000
1#
1p
b0 v
1r
#8405001
0c
0b
1a
#8410000
0#
0p
#8415000
1#
1p
#8415001
1c
#8417000
1i
1g
1f
b1101 w
#8420000
0#
0p
#8425000
1#
1p
b1101 v
0r
#8425001
0c
1b
#8430000
0#
0p
#8435000
1#
1p
#8435001
1c
#8437000
1o
1n
1m
1l
1k
1j
1h
b0 w
b1111 w
0y
1z
#8440000
0#
0p
#8445000
1#
1p
b1111 v
0s
1t
#8445001
0c
0b
0a
1`
#8450000
0#
0p
#8455000
1#
1p
#8455001
1c
#8457000
0i
0f
b0 w
b1111 w
#8460000
0#
0p
#8465000
1#
1p
#8465001
0c
1b
#8470000
0#
0p
#8475000
1#
1p
#8475001
1c
#8477000
0o
0n
0k
0j
1i
1f
b0 w
b10 w
1x
1y
0z
#8480000
0#
0p
#8485000
1#
1p
b10 v
1u
1s
0t
#8485001
0c
0b
1a
#8490000
0#
0p
#8495000
1#
1p
#8495001
1c
#8497000
1o
1k
1j
b0 w
0x
#8500000
0#
0p
#8505000
1#
1p
b0 v
0u
1r
#8505001
0c
1b
#8510000
0#
0p
#8515000
1#
1p
#8515001
1c
#8517000
0o
0m
0j
0i
0g
1x
#8520000
0#
0p
#8525000
1#
1p
1u
#8525001
0c
0b
0a
0`
1_
#8530000
0#
0p
#8535000
1#
1p
#8535001
1c
#8537000
1o
1n
1m
1j
0h
b1111 w
0x
0y
1z
#8540000
0#
0p
#8545000
1#
1p
b1111 v
0u
0s
1t
0r
#8545001
0c
1b
#8550000
0#
0p
#8555000
1#
1p
#8555001
1c
#8557000
0o
0m
0l
0j
0f
b0 w
#8560000
0#
0p
#8565000
1#
1p
b0 v
1r
#8565001
0c
0b
1a
#8570000
0#
0p
#8575000
1#
1p
#8575001
1c
#8577000
1o
1i
1h
1g
1f
b1111 w
#8580000
0#
0p
#8585000
1#
1p
b1111 v
0r
#8585001
0c
1b
#8590000
0#
0p
#8595000
1#
1p
#8595001
1c
#8597000
0n
1m
0k
0i
0h
0g
0f
b0 w
b1111 w
1x
1y
0z
#8600000
0#
0p
#8605000
1#
1p
1u
1s
0t
#8605001
0c
0b
0a
1`
#8610000
0#
0p
#8615000
1#
1p
#8615001
1c
#8617000
0o
1l
1k
1j
1h
1f
b0 w
b1001 w
#8620000
0#
0p
#8625000
1#
1p
b1001 v
#8625001
0c
1b
#8630000
0#
0p
#8635000
1#
1p
#8635001
1c
#8637000
0m
0j
1i
1g
b0 w
b101 w
#8640000
0#
0p
#8645000
1#
1p
b101 v
#8645001
0c
0b
1a
#8650000
0#
0p
#8655000
1#
1p
#8655001
1c
#8657000
1o
1n
1m
0h
b0 w
b1111 w
0x
0y
1z
#8660000
0#
0p
#8665000
1#
1p
b1111 v
0u
0s
1t
#8665001
0c
1b
#8670000
0#
0p
#8675000
1#
1p
#8675001
1c
#8677000
0o
0m
0l
0g
b0 w
#8680000
0#
0p
#8685000
1#
1p
b0 v
1r
#8685001
0c
0b
0a
0`
0_
1^
#8690000
0#
0p
#8695000
1#
1p
#8695001
1c
#8697000
0n
1m
1l
1j
0i
0f
b1111 w
1y
0z
#8700000
0#
0p
#8705000
1#
1p
b1111 v
1s
0t
0r
#8705001
0c
1b
#8710000
0#
0p
#8715000
1#
1p
#8715001
1c
#8717000
1o
1n
0l
0k
0j
1i
b0 w
b1 w
0y
1z
#8720000
0#
0p
#8725000
1#
1p
b1 v
0s
1t
#8725001
0c
0b
1a
#8730000
0#
0p
#8735000
1#
1p
#8735001
1c
#8737000
0o
0n
0m
1l
0i
1g
b0 w
b110 w
1y
0z
#8740000
0#
0p
#8745000
1#
1p
b110 v
1s
0t
#8745001
0c
1b
#8750000
0#
0p
#8755000
1#
1p
#8755001
1c
#8757000
1o
1n
0l
1k
1h
0g
1f
b0 w
b1110 w
0y
1z
#8760000
0#
0p
#8765000
1#
1p
b1110 v
0s
1t
#8765001
0c
0b
0a
1`
#8770000
0#
0p
#8775000
1#
1p
#8775001
1c
#8777000
0n
1m
1l
1j
1i
1g
b0 w
1y
0z
#8780000
0#
0p
#8785000
1#
1p
b0 v
1s
0t
1r
#8785001
0c
1b
#8790000
0#
0p
#8795000
1#
1p
#8795001
1c
#8797000
1n
0m
0l
0k
b1111 w
0y
1z
#8800000
0#
0p
#8805000
1#
1p
b1111 v
0s
1t
0r
#8805001
0c
0b
1a
#8810000
0#
0p
#8815000
1#
1p
#8815001
1c
#8817000
0o
1k
0j
0f
b0 w
b100 w
#8820000
0#
0p
#8825000
1#
1p
b100 v
#8825001
0c
1b
#8830000
0#
0p
#8835000
1#
1p
#8835001
1c
#8837000
0n
1m
1j
0h
1f
b0 w
b1010 w
1x
1y
0z
#8840000
0#
0p
#8845000
1#
1p
b1010 v
1u
1s
0t
#8845001
0c
0b
0a
0`
1_
#8850000
0#
0p
#8855000
1#
1p
#8855001
1c
#8857000
1o
1n
0k
1h
b0 w
b1111 w
0x
0y
1z
#8860000
0#
0p
#8865000
1#
1p
b1111 v
0u
0s
1t
#8865001
0c
1b
#8870000
0#
0p
#8875000
1#
1p
#8875001
1c
#8877000
0o
1l
1k
0h
b0 w
b1101 w
#8880000
0#
0p
#8885000
1#
1p
b1101 v
#8885001
0c
0b
1a
#8890000
0#
0p
#8895000
1#
1p
#8895001
1c
#8897000
1o
0n
0k
0j
0i
0g
b0 w
b101 w
1y
0z
#8900000
0#
0p
#8905000
1#
1p
b101 v
1s
0t
#8905001
0c
1b
#8910000
0#
0p
#8915000
1#
1p
#8915001
1c
#8917000
1n
1k
1j
1i
1g
0f
b0 w
b1111 w
0y
1z
#8920000
0#
0p
#8925000
1#
1p
b1111 v
0s
1t
#8925001
0c
0b
0a
1`
#8930000
0#
0p
#8935000
1#
1p
#8935001
1c
#8937000
0m
0j
0i
0g
1f
b0 w
b1110 w
#8940000
0#
0p
#8945000
1#
1p
b1110 v
#8945001
0c
1b
#8950000
0#
0p
#8955000
1#
1p
#8955001
1c
#8957000
0o
0l
0k
1j
0f
b0 w
#8960000
0#
0p
#8965000
1#
1p
b0 v
1r
#8965001
0c
0b
1a
#8970000
0#
0p
#8975000
1#
1p
#8975001
1c
#8977000
1m
1i
1h
1g
1f
b1001 w
#8980000
0#
0p
#8985000
1#
1p
b1001 v
0r
#8985001
0c
1b
#8990000
0#
0p
#8995000
1#
1p
#8995001
1c
#8997000
1o
0n
0m
0j
0i
0h
0g
0f
b0 w
1y
0z
#9000000
0#
0p
#9005000
1#
1p
b0 v
1s
0t
1r
#9005001
0c
0b
0a
0`
0_
0^
0]
1\
#9010000
0#
0p
#9015000
1#
1p
#9015001
1c
#9017000
1n
1k
1j
1g
1f
b1100 w
0y
1z
#9020000
0#
0p
#9025000
1#
1p
b1100 v
0s
1t
0r
#9025001
0c
1b
#9030000
0#
0p
#9035000
1#
1p
#9035001
1c
#9037000
0o
0n
0k
1i
b0 w
b101 w
1x
1y
0z
#9040000
0#
0p
#9045000
1#
1p
b101 v
1u
1s
0t
#9045001
0c
0b
1a
#9050000
0#
0p
#9055000
1#
1p
#9055001
1c
#9057000
1o
0j
0i
0g
0f
b0 w
0x
#9060000
0#
0p
#9065000
1#
1p
b0 v
0u
1r
#9065001
0c
1b
#9070000
0#
0p
#9075000
1#
1p
#9075001
1c
#9077000
0o
1n
1m
1k
0y
1z
#9080000
0#
0p
#9085000
1#
1p
0s
1t
#9085001
0c
0b
0a
1`
#9090000
0#
0p
#9095000
1#
1p
#9095001
1c
#9097000
1o
0n
0m
1l
1i
1h
1g
b1 w
1y
0z
#9100000
0#
0p
#9105000
1#
1p
b1 v
1s
0t
0r
#9105001
0c
1b
#9110000
0#
0p
#9115000
1#
1p
#9115001
1c
#9117000
0o
0l
1j
0h
0g
b0 w
b1101 w
#9120000
0#
0p
#9125000
1#
1p
b1101 v
#9125001
0c
0b
1a
#9130000
0#
0p
#9135000
1#
1p
#9135001
1c
#9137000
1m
1l
0j
0i
1h
b0 w
b1001 w
#9140000
0#
0p
#9145000
1#
1p
b1001 v
#9145001
0c
1b
#9150000
0#
0p
#9155000
1#
1p
#9155001
1c
#9157000
1i
0h
1g
1f
b0 w
b100 w
1x
#9160000
0#
0p
#9165000
1#
1p
b100 v
1u
#9165001
0c
0b
0a
0`
1_
#9170000
0#
0p
#9175000
1#
1p
#9175001
1c
#9177000
1j
0i
1h
0f
b0 w
b101 w
#9180000
0#
0p
#9185000
1#
1p
b101 v
#9185001
0c
1b
#9190000
0#
0p
#9195000
1#
1p
#9195001
1c
#9197000
0k
1i
1f
b0 w
b1010 w
#9200000
0#
0p
#9205000
1#
1p
b1010 v
#9205001
0c
0b
1a
#9210000
0#
0p
#9215000
1#
1p
#9215001
1c
#9217000
1o
0m
0j
0h
0g
b0 w
b111 w
0x
#9220000
0#
0p
#9225000
1#
1p
b111 v
0u
#9225001
0c
1b
#9230000
0#
0p
#9235000
1#
1p
#9235001
1c
#9237000
1n
1m
1j
1g
0f
b0 w
b1111 w
0y
1z
#9240000
0#
0p
#9245000
1#
1p
b1111 v
0s
1t
#9245001
0c
0b
0a
1`
#9250000
0#
0p
#9255000
1#
1p
#9255001
1c
#9257000
0o
0n
0m
0l
0j
0i
1h
1f
b0 w
b1110 w
1y
0z
#9260000
0#
0p
#9265000
1#
1p
b1110 v
1s
0t
#9265001
0c
1b
#9270000
0#
0p
#9275000
1#
1p
#9275001
1c
#9277000
1n
1i
b0 w
0y
1z
#9280000
0#
0p
#9285000
1#
1p
b0 v
0s
1t
1r
#9285001
0c
0b
1a
#9290000
0#
0p
#9295000
1#
1p
#9295001
1c
#9297000
1o
0n
1l
1k
1j
b1 w
1y
0z
#9300000
0#
0p
#9305000
1#
1p
b1 v
1s
0t
0r
#9305001
0c
1b
#9310000
0#
0p
#9315000
1#
1p
#9315001
1c
#9317000
0l
0j
0h
0g
0f
b0 w
b1101 w
1x
#9320000
0#
0p
#9325000
1#
1p
b1101 v
1u
#9325001
0c
0b
0a
0`
0_
1^
#9330000
0#
0p
#9335000
1#
1p
#9335001
1c
#9337000
1m
1l
1j
1g
b0 w
b110 w
#9340000
0#
0p
#9345000
1#
1p
b110 v
#9345001
0c
1b
#9350000
0#
0p
#9355000
1#
1p
#9355001
1c
#9357000
0o
0m
0l
0k
0g
b0 w
b1001 w
0x
#9360000
0#
0p
#9365000
1#
1p
b1001 v
0u
#9365001
0c
0b
1a
#9370000
0#
0p
#9375000
1#
1p
#9375001
1c
#9377000
1o
1m
1l
0j
0i
1g
b0 w
b1 w
#9380000
0#
0p
#9385000
1#
1p
b1 v
#9385001
0c
1b
#9390000
0#
0p
#9395000
1#
1p
#9395001
1c
#9397000
1n
0m
1k
1i
1f
b0 w
b1111 w
0y
1z
#9400000
0#
0p
#9405000
1#
1p
b1111 v
0s
1t
#9405001
0c
0b
0a
1`
#9410000
0#
0p
#9415000
1#
1p
#9415001
1c
#9417000
0n
1m
1j
1h
0f
b0 w
b1000 w
1x
1y
0z
#9420000
0#
0p
#9425000
1#
1p
b1000 v
1u
1s
0t
#9425001
0c
1b
#9430000
0#
0p
#9435000
1#
1p
#9435001
1c
#9437000
0o
1n
0l
0k
0j
0i
0h
0g
b0 w
0x
0y
1z
#9440000
0#
0p
#9445000
1#
1p
b0 v
0u
0s
1t
1r
#9445001
0c
0b
1a
#9450000
0#
0p
#9455000
1#
1p
#9455001
1c
#9457000
1o
0n
1l
1j
1i
1h
1g
1f
b100 w
1y
0z
#9460000
0#
0p
#9465000
1#
1p
b100 v
1s
0t
0r
#9465001
0c
1b
#9470000
0#
0p
#9475000
1#
1p
#9475001
1c
#9477000
0o
0m
1k
0j
0i
0h
0g
0f
b0 w
b110 w
#9480000
0#
0p
#9485000
1#
1p
b110 v
#9485001
0c
0b
0a
0`
1_
#9490000
0#
0p
#9495000
1#
1p
#9495001
1c
#9497000
1o
1n
1m
1j
1g
1f
b0 w
b1111 w
0y
1z
#9500000
0#
0p
#9505000
1#
1p
b1111 v
0s
1t
#9505001
0c
1b
#9510000
0#
0p
#9515000
1#
1p
#9515001
1c
#9517000
0n
0l
0k
0j
0g
0f
b0 w
b1111 w
1x
1y
0z
#9520000
0#
0p
#9525000
1#
1p
1u
1s
0t
#9525001
0c
0b
1a
#9530000
0#
0p
#9535000
1#
1p
#9535001
1c
#9537000
0o
1n
0m
1l
1k
1j
1i
1h
1f
b0 w
b1010 w
0x
0y
1z
#9540000
0#
0p
#9545000
1#
1p
b1010 v
0u
0s
1t
#9545001
0c
1b
#9550000
0#
0p
#9555000
1#
1p
#9555001
1c
#9557000
1o
0n
0l
0k
0j
1g
b0 w
b1111 w
1y
0z
#9560000
0#
0p
#9565000
1#
1p
b1111 v
1s
0t
#9565001
0c
0b
0a
1`
#9570000
0#
0p
#9575000
1#
1p
#9575001
1c
#9577000
0i
0f
b0 w
b110 w
#9580000
0#
0p
#9585000
1#
1p
b110 v
#9585001
0c
1b
#9590000
0#
0p
#9595000
1#
1p
#9595001
1c
#9597000
0o
1m
1l
1k
1j
0g
b0 w
b1 w
1x
#9600000
0#
0p
#9605000
1#
1p
b1 v
1u
#9605001
0c
0b
1a
#9610000
0#
0p
#9615000
1#
1p
#9615001
1c
#9617000
0m
0l
0j
1g
b0 w
b1010 w
0x
#9620000
0#
0p
#9625000
1#
1p
b1010 v
0u
#9625001
0c
1b
#9630000
0#
0p
#9635000
1#
1p
#9635001
1c
#9637000
1n
0k
1i
0h
0g
b0 w
0y
1z
#9640000
0#
0p
#9645000
1#
1p
b0 v
0s
1t
1r
#9645001
0c
0b
0a
0`
0_
0^
1]
#9650000
0#
0p
#9655000
1#
1p
#9655001
1c
#9657000
1l
1j
0i
1h
b10 w
#9660000
0#
0p
#9665000
1#
1p
b10 v
0r
#9665001
0c
1b
#9670000
0#
0p
#9675000
1#
1p
#9675001
1c
#9677000
0n
0l
1k
1i
b0 w
b1111 w
1y
0z
#9680000
0#
0p
#9685000
1#
1p
b1111 v
1s
0t
#9685001
0c
0b
1a
#9690000
0#
0p
#9695000
1#
1p
#9695001
1c
#9697000
1o
1n
1m
1l
0k
0i
1g
b0 w
b1111 w
0y
1z
#9700000
0#
0p
#9705000
1#
1p
0s
1t
#9705001
0c
1b
#9710000
0#
0p
#9715000
1#
1p
#9715001
1c
#9717000
0n
0m
0l
0j
1i
1f
b0 w
b1111 w
1y
0z
#9720000
0#
0p
#9725000
1#
1p
1s
0t
#9725001
0c
0b
0a
1`
#9730000
0#
0p
#9735000
1#
1p
#9735001
1c
#9737000
0o
0i
0h
0g
0f
b0 w
#9740000
0#
0p
#9745000
1#
1p
b0 v
1r
#9745001
0c
1b
#9750000
0#
0p
#9755000
1#
1p
#9755001
1c
#9757000
1n
1m
1l
1k
1j
1i
1h
1g
1f
b1111 w
0y
1z
#9760000
0#
0p
#9765000
1#
1p
b1111 v
0s
1t
0r
#9765001
0c
0b
1a
#9770000
0#
0p
#9775000
1#
1p
#9775001
1c
#9777000
0n
0m
0k
0j
0h
0g
b0 w
b1011 w
1y
0z
#9780000
0#
0p
#9785000
1#
1p
b1011 v
1s
0t
#9785001
0c
1b
#9790000
0#
0p
#9795000
1#
1p
#9795001
1c
#9797000
1m
0l
1k
0i
1h
1g
0f
b0 w
b1011 w
#9800000
0#
0p
#9805000
1#
1p
#9805001
0c
0b
0a
0`
1_
#9810000
0#
0p
#9815000
1#
1p
#9815001
1c
#9817000
1l
1j
1i
0h
b0 w
b100 w
1x
#9820000
0#
0p
#9825000
1#
1p
b100 v
1u
#9825001
0c
1b
#9830000
0#
0p
#9835000
1#
1p
#9835001
1c
#9837000
0m
0k
0j
0i
0g
1f
b0 w
b1010 w
0x
#9840000
0#
0p
#9845000
1#
1p
b1010 v
0u
#9845001
0c
0b
1a
#9850000
0#
0p
#9855000
1#
1p
#9855001
1c
#9857000
1o
1m
0l
0f
b0 w
b1111 w
1x
#9860000
0#
0p
#9865000
1#
1p
b1111 v
1u
#9865001
0c
1b
#9870000
0#
0p
#9875000
1#
1p
#9875001
1c
#9877000
0m
1l
1k
b0 w
b1010 w
#9880000
0#
0p
#9885000
1#
1p
b1010 v
#9885001
0c
0b
0a
1`
#9890000
0#
0p
#9895000
1#
1p
#9895001
1c
#9897000
0o
0k
1j
1i
1h
1g
1f
b0 w
b1001 w
#9900000
0#
0p
#9905000
1#
1p
b1001 v
#9905001
0c
1b
#9910000
0#
0p
#9915000
1#
1p
#9915001
1c
#9917000
0l
1k
0j
0i
0f
b0 w
b1010 w
0x
#9920000
0#
0p
#9925000
1#
1p
b1010 v
0u
#9925001
0c
0b
1a
#9930000
0#
0p
#9935000
1#
1p
#9935001
1c
#9937000
1o
0h
0g
b0 w
b1100 w
1x
#9940000
0#
0p
#9945000
1#
1p
b1100 v
1u
#9945001
0c
1b
#9950000
0#
0p
#9955000
1#
1p
#9955001
1c
#9957000
0o
1n
1m
0k
1j
1i
1h
1f
b0 w
b1001 w
0x
0y
1z
#9960000
0#
0p
#9965000
1#
1p
b1001 v
0u
0s
1t
#9965001
0c
0b
0a
0`
0_
1^
#9970000
0#
0p
#9975000
1#
1p
#9975001
1c
#9977000
1l
1k
0i
1g
0f
b0 w
b110 w
#9980000
0#
0p
#9985000
1#
1p
b110 v
#9985001
0c
1b
#9990000
0#
0p
#9995000
1#
1p
#9995001
1c
#9997000
1o
0l
0j
1i
0g
b0 w
b111 w
#10000000
0#
0p
#10005000
1#
1p
b111 v
#10005001
0c
0b
1a
#10010000
0#
0p
#10015000
1#
1p
#10015001
1c
#10017000
0o
0n
1l
0k
0i
b0 w
b101 w
1y
0z
#10020000
0#
0p
#10025000
1#
1p
b101 v
1s
0t
#10025001
0c
1b
#10030000
0#
0p
#10035000
1#
1p
#10035001
1c
#10037000
1o
0m
0l
1k
1g
1f
b0 w
b1010 w
#10040000
0#
0p
#10045000
1#
1p
b1010 v
#10045001
0c
0b
0a
1`
#10050000
0#
0p
#10055000
1#
1p
#10055001
1c
#10057000
0o
1m
0k
1j
1i
b0 w
b1000 w
1x
#10060000
0#
0p
#10065000
1#
1p
b1000 v
1u
#10065001
0c
1b
#10070000
0#
0p
#10075000
1#
1p
#10075001
1c
#10077000
1l
1k
b0 w
b1110 w
#10080000
0#
0p
#10085000
1#
1p
b1110 v
#10085001
0c
0b
1a
#10090000
0#
0p
#10095000
1#
1p
#10095001
1c
#10097000
1o
1n
0m
0k
0j
0i
0g
0f
b0 w
b10 w
0x
0y
1z
#10100000
0#
0p
#10105000
1#
1p
b10 v
0u
0s
1t
#10105001
0c
1b
#10110000
0#
0p
#10115000
1#
1p
#10115001
1c
#10117000
0o
0n
0l
1i
1g
1f
b0 w
b1111 w
1y
0z
#10120000
0#
0p
#10125000
1#
1p
b1111 v
1s
0t
#10125001
0c
0b
0a
0`
1_
#10130000
0#
0p
#10135000
1#
1p
#10135001
1c
#10137000
1o
1n
1m
1l
1k
1j
0i
0h
0g
0f
b0 w
b1111 w
0y
1z
#10140000
0#
0p
#10145000
1#
1p
0s
1t
#10145001
0c
1b
#10150000
0#
0p
#10155000
1#
1p
#10155001
1c
#10157000
0o
0m
0l
0k
0j
1i
1g
b0 w
#10160000
0#
0p
#10165000
1#
1p
b0 v
1r
#10165001
0c
0b
1a
#10170000
0#
0p
#10175000
1#
1p
#10175001
1c
#10177000
1m
1k
0i
0g
#10180000
0#
0p
#10185000
1#
1p
#10185001
0c
1b
#10190000
0#
0p
#10195000
1#
1p
#10195001
1c
#10197000
1l
1i
1h
1g
1f
b111 w
#10200000
0#
0p
#10205000
1#
1p
b111 v
0r
#10205001
0c
0b
0a
1`
#10210000
0#
0p
#10215000
1#
1p
#10215001
1c
#10217000
0n
1j
0h
b0 w
b1100 w
1x
1y
0z
#10220000
0#
0p
#10225000
1#
1p
b1100 v
1u
1s
0t
#10225001
0c
1b
#10230000
0#
0p
#10235000
1#
1p
#10235001
1c
#10237000
0l
0k
0j
0i
1h
0g
0f
b0 w
b11 w
0x
#10240000
0#
0p
#10245000
1#
1p
b11 v
0u
#10245001
0c
0b
1a
#10250000
0#
0p
#10255000
1#
1p
#10255001
1c
#10257000
1n
1j
1i
0h
1g
b0 w
b1 w
0y
1z
#10260000
0#
0p
#10265000
1#
1p
b1 v
0s
1t
#10265001
0c
1b
#10270000
0#
0p
#10275000
1#
1p
#10275001
1c
#10277000
1o
1k
0i
1h
0g
b0 w
b1111 w
#10280000
0#
0p
#10285000
1#
1p
b1111 v
#10285001
0c
0b
0a
0`
0_
0^
0]
0\
0[
0Z
1Y
#10290000
0#
0p
#10295000
1#
1p
#10295001
1c
#10297000
0o
0k
1i
0h
b0 w
b1 w
#10300000
0#
0p
#10305000
1#
1p
b1 v
#10305001
0c
1b
#10310000
0#
0p
#10315000
1#
1p
#10315001
1c
#10317000
0n
1l
1k
1f
b0 w
b1000 w
1x
1y
0z
#10320000
0#
0p
#10325000
1#
1p
b1000 v
1u
1s
0t
#10325001
0c
0b
1a
#10330000
0#
0p
#10335000
1#
1p
#10335001
1c
#10337000
1o
0k
0i
1g
0f
b0 w
b1001 w
#10340000
0#
0p
#10345000
1#
1p
b1001 v
#10345001
0c
1b
#10350000
0#
0p
#10355000
1#
1p
#10355001
1c
#10357000
0m
0l
0j
1i
1h
0g
1f
b0 w
b1011 w
0x
#10360000
0#
0p
#10365000
1#
1p
b1011 v
0u
#10365001
0c
0b
0a
1`
#10370000
0#
0p
#10375000
1#
1p
#10375001
1c
#10377000
1m
1j
0i
1g
0f
b0 w
b1101 w
1x
#10380000
0#
0p
#10385000
1#
1p
b1101 v
1u
#10385001
0c
1b
#10390000
0#
0p
#10395000
1#
1p
#10395001
1c
#10397000
0m
1l
0h
0g
b0 w
b110 w
#10400000
0#
0p
#10405000
1#
1p
b110 v
#10405001
0c
0b
1a
#10410000
0#
0p
#10415000
1#
1p
#10415001
1c
#10417000
0o
1n
0l
0j
1h
1g
1f
b0 w
0x
0y
1z
#10420000
0#
0p
#10425000
1#
1p
b0 v
0u
0s
1t
1r
#10425001
0c
1b
#10430000
0#
0p
#10435000
1#
1p
#10435001
1c
#10437000
0h
0g
0f
#10440000
0#
0p
#10445000
1#
1p
#10445001
0c
0b
0a
0`
1_
#10450000
0#
0p
#10455000
1#
1p
#10455001
1c
#10457000
0n
1m
1k
1j
1i
1g
b10 w
1x
1y
0z
#10460000
0#
0p
#10465000
1#
1p
b10 v
1u
1s
0t
0r
#10465001
0c
1b
#10470000
0#
0p
#10475000
1#
1p
#10475001
1c
#10477000
1o
1l
0j
1h
1f
b0 w
b1000 w
0x
#10480000
0#
0p
#10485000
1#
1p
b1000 v
0u
#10485001
0c
0b
1a
#10490000
0#
0p
#10495000
1#
1p
#10495001
1c
#10497000
0o
1n
1j
0h
0g
0f
b0 w
b1 w
0y
1z
#10500000
0#
0p
#10505000
1#
1p
b1 v
0s
1t
#10505001
0c
1b
#10510000
0#
0p
#10515000
1#
1p
#10515001
1c
#10517000
0m
0j
1f
b0 w
#10520000
0#
0p
#10525000
1#
1p
b0 v
1r
#10525001
0c
0b
0a
1`
#10530000
0#
0p
#10535000
1#
1p
#10535001
1c
#10537000
0n
1m
0l
0k
1j
1h
1g
0f
1x
1y
0z
#10540000
0#
0p
#10545000
1#
1p
1u
1s
0t
#10545001
0c
1b
#10550000
0#
0p
#10555000
1#
1p
#10555001
1c
#10557000
1o
0m
1l
0j
1f
b1101 w
0x
#10560000
0#
0p
#10565000
1#
1p
b1101 v
0u
0r
#10565001
0c
0b
1a
#10570000
0#
0p
#10575000
1#
1p
#10575001
1c
#10577000
1n
0l
b0 w
b1111 w
0y
1z
#10580000
0#
0p
#10585000
1#
1p
b1111 v
0s
1t
#10585001
0c
1b
#10590000
0#
0p
#10595000
1#
1p
#10595001
1c
#10597000
0o
b0 w
#10600000
0#
0p
#10605000
1#
1p
b0 v
1r
#10605001
0c
0b
0a
0`
0_
1^
#10610000
0#
0p
#10615000
1#
1p
#10615001
1c
#10617000
0n
1m
1l
1k
1j
0i
0h
0g
b111 w
1x
1y
0z
#10620000
0#
0p
#10625000
1#
1p
b111 v
1u
1s
0t
0r
#10625001
0c
1b
#10630000
0#
0p
#10635000
1#
1p
#10635001
1c
#10637000
0f
b0 w
b1111 w
0x
#10640000
0#
0p
#10645000
1#
1p
b1111 v
0u
#10645001
0c
0b
1a
#10650000
0#
0p
#10655000
1#
1p
#10655001
1c
#10657000
1o
0l
0k
1i
1g
b0 w
b1100 w
1x
#10660000
0#
0p
#10665000
1#
1p
b1100 v
1u
#10665001
0c
1b
#10670000
0#
0p
#10675000
1#
1p
#10675001
1c
#10677000
0o
0m
0j
0i
1f
b0 w
b1100 w
0x
#10680000
0#
0p
#10685000
1#
1p
0u
#10685001
0c
0b
0a
1`
#10690000
0#
0p
#10695000
1#
1p
#10695001
1c
#10697000
1o
1n
1m
1l
1k
1j
1i
1h
b0 w
b1111 w
0y
1z
#10700000
0#
0p
#10705000
1#
1p
b1111 v
0s
1t
#10705001
0c
1b
#10710000
0#
0p
#10715000
1#
1p
#10715001
1c
#10717000
0o
0l
b0 w
b1101 w
#10720000
0#
0p
#10725000
1#
1p
b1101 v
#10725001
0c
0b
1a
#10730000
0#
0p
#10735000
1#
1p
#10735001
1c
#10737000
1o
1l
b0 w
b1111 w
#10740000
0#
0p
#10745000
1#
1p
b1111 v
#10745001
0c
1b
#10750000
0#
0p
#10755000
1#
1p
#10755001
1c
#10757000
0o
0n
b0 w
b1110 w
1x
1y
0z
#10760000
0#
0p
#10765000
1#
1p
b1110 v
1u
1s
0t
#10765001
0c
0b
0a
0`
1_
#10770000
0#
0p
#10775000
1#
1p
#10775001
1c
#10777000
1o
0m
0l
0i
0h
0g
0f
b0 w
b100 w
#10780000
0#
0p
#10785000
1#
1p
b100 v
#10785001
0c
1b
#10790000
0#
0p
#10795000
1#
1p
#10795001
1c
#10797000
0o
1m
0k
0j
1f
b0 w
b1001 w
0x
#10800000
0#
0p
#10805000
1#
1p
b1001 v
0u
#10805001
0c
0b
1a
#10810000
0#
0p
#10815000
1#
1p
#10815001
1c
#10817000
1l
1k
1j
0f
b0 w
b1111 w
#10820000
0#
0p
#10825000
1#
1p
b1111 v
#10825001
0c
1b
#10830000
0#
0p
#10835000
1#
1p
#10835001
1c
#10837000
0l
0k
1g
1f
b0 w
b101 w
1x
#10840000
0#
0p
#10845000
1#
1p
b101 v
1u
#10845001
0c
0b
0a
1`
#10850000
0#
0p
#10855000
1#
1p
#10855001
1c
#10857000
1l
1k
0j
0g
0f
b0 w
b111 w
0x
#10860000
0#
0p
#10865000
1#
1p
b111 v
0u
#10865001
0c
1b
#10870000
0#
0p
#10875000
1#
1p
#10875001
1c
#10877000
1n
0l
0k
1i
1h
1f
b0 w
b1 w
0y
1z
#10880000
0#
0p
#10885000
1#
1p
b1 v
0s
1t
#10885001
0c
0b
1a
#10890000
0#
0p
#10895000
1#
1p
#10895001
1c
#10897000
1o
0n
0m
1g
0f
b0 w
b111 w
1y
0z
#10900000
0#
0p
#10905000
1#
1p
b111 v
1s
0t
#10905001
0c
1b
#10910000
0#
0p
#10915000
1#
1p
#10915001
1c
#10917000
0o
1n
0i
b0 w
0y
1z
#10920000
0#
0p
#10925000
1#
1p
b0 v
0s
1t
1r
#10925001
0c
0b
0a
0`
0_
0^
1]
#10930000
0#
0p
#10935000
1#
1p
#10935001
1c
#10937000
1m
1l
1k
1j
0h
0g
#10940000
0#
0p
#10945000
1#
1p
#10945001
0c
1b
#10950000
0#
0p
#10955000
1#
1p
#10955001
1c
#10957000
1h
1g
1f
b1110 w
#10960000
0#
0p
#10965000
1#
1p
b1110 v
0r
#10965001
0c
0b
1a
#10970000
0#
0p
#10975000
1#
1p
#10975001
1c
#10977000
1o
0n
0h
0f
b0 w
b101 w
1x
1y
0z
#10980000
0#
0p
#10985000
1#
1p
b101 v
1u
1s
0t
#10985001
0c
1b
#10990000
0#
0p
#10995000
1#
1p
#10995001
1c
#10997000
0m
0l
0k
0j
1i
1h
1f
b0 w
b1111 w
0x
#11000000
0#
0p
#11005000
1#
1p
b1111 v
0u
#11005001
0c
0b
0a
1`
#11010000
0#
0p
#11015000
1#
1p
#11015001
1c
#11017000
0o
1m
1l
1k
1j
0i
0h
b0 w
b1011 w
1x
#11020000
0#
0p
#11025000
1#
1p
b1011 v
1u
#11025001
0c
1b
#11030000
0#
0p
#11035000
1#
1p
#11035001
1c
#11037000
0m
0l
0k
0j
1i
1h
b0 w
b1111 w
0x
#11040000
0#
0p
#11045000
1#
1p
b1111 v
0u
#11045001
0c
0b
1a
#11050000
0#
0p
#11055000
1#
1p
#11055001
1c
#11057000
1l
1k
1j
b0 w
b1101 w
1x
#11060000
0#
0p
#11065000
1#
1p
b1101 v
1u
#11065001
0c
1b
#11070000
0#
0p
#11075000
1#
1p
#11075001
1c
#11077000
1m
0l
0j
0f
b0 w
b1100 w
0x
#11080000
0#
0p
#11085000
1#
1p
b1100 v
0u
#11085001
0c
0b
0a
0`
1_
#11090000
0#
0p
#11095000
1#
1p
#11095001
1c
#11097000
1o
1n
1l
0k
1j
0h
0g
1f
b0 w
b1011 w
0y
1z
#11100000
0#
0p
#11105000
1#
1p
b1011 v
0s
1t
#11105001
0c
1b
#11110000
0#
0p
#11115000
1#
1p
#11115001
1c
#11117000
0o
0n
0m
0l
1h
1g
b0 w
b111 w
1x
1y
0z
#11120000
0#
0p
#11125000
1#
1p
b111 v
1u
1s
0t
#11125001
0c
0b
1a
#11130000
0#
0p
#11135000
1#
1p
#11135001
1c
#11137000
1m
1l
1k
0j
0i
0h
0g
0f
b0 w
b111 w
0x
#11140000
0#
0p
#11145000
1#
1p
0u
#11145001
0c
1b
#11150000
0#
0p
#11155000
1#
1p
#11155001
1c
#11157000
1n
0m
0l
1j
1h
1f
b0 w
b1000 w
0y
1z
#11160000
0#
0p
#11165000
1#
1p
b1000 v
0s
1t
#11165001
0c
0b
0a
1`
#11170000
0#
0p
#11175000
1#
1p
#11175001
1c
#11177000
1m
1l
0k
0j
1g
b0 w
b10 w
#11180000
0#
0p
#11185000
1#
1p
b10 v
#11185001
0c
1b
#11190000
0#
0p
#11195000
1#
1p
#11195001
1c
#11197000
0l
1j
0h
b0 w
b1000 w
#11200000
0#
0p
#11205000
1#
1p
b1000 v
#11205001
0c
0b
1a
#11210000
0#
0p
#11215000
1#
1p
#11215001
1c
#11217000
1o
0j
1i
1h
b0 w
b1111 w
#11220000
0#
0p
#11225000
1#
1p
b1111 v
#11225001
0c
1b
#11230000
0#
0p
#11235000
1#
1p
#11235001
1c
#11237000
0o
0m
1l
0i
0g
0f
b0 w
b10 w
#11240000
0#
0p
#11245000
1#
1p
b10 v
#11245001
0c
0b
0a
0`
0_
1^
#11250000
0#
0p
#11255000
1#
1p
#11255001
1c
#11257000
1o
0l
1i
0h
1f
b0 w
b1001 w
#11260000
0#
0p
#11265000
1#
1p
b1001 v
#11265001
0c
1b
#11270000
0#
0p
#11275000
1#
1p
#11275001
1c
#11277000
0o
1l
1j
0i
1h
0f
b0 w
b10 w
#11280000
0#
0p
#11285000
1#
1p
b10 v
#11285001
0c
0b
1a
#11290000
0#
0p
#11295000
1#
1p
#11295001
1c
#11297000
1o
0l
0j
0h
1g
b0 w
b100 w
#11300000
0#
0p
#11305000
1#
1p
b100 v
#11305001
0c
1b
#11310000
0#
0p
#11315000
1#
1p
#11315001
1c
#11317000
1i
0g
b0 w
b1 w
#11320000
0#
0p
#11325000
1#
1p
b1 v
#11325001
0c
0b
0a
1`
#11330000
0#
0p
#11335000
1#
1p
#11335001
1c
#11337000
0o
0n
1m
1j
1h
1g
1f
b0 w
b1000 w
1x
1y
0z
#11340000
0#
0p
#11345000
1#
1p
b1000 v
1u
1s
0t
#11345001
0c
1b
#11350000
0#
0p
#11355000
1#
1p
#11355001
1c
#11357000
1n
0m
1k
0j
b0 w
b100 w
0x
0y
1z
#11360000
0#
0p
#11365000
1#
1p
b100 v
0u
0s
1t
#11365001
0c
0b
1a
#11370000
0#
0p
#11375000
1#
1p
#11375001
1c
#11377000
1o
1l
0k
1j
0i
0h
0g
0f
b0 w
b1010 w
#11380000
0#
0p
#11385000
1#
1p
b1010 v
#11385001
0c
1b
#11390000
0#
0p
#11395000
1#
1p
#11395001
1c
#11397000
0o
1k
1i
1h
1g
1f
b0 w
b1110 w
#11400000
0#
0p
#11405000
1#
1p
b1110 v
#11405001
0c
0b
0a
0`
1_
#11410000
0#
0p
#11415000
1#
1p
#11415001
1c
#11417000
1o
0k
0j
0f
b0 w
b111 w
#11420000
0#
0p
#11425000
1#
1p
b111 v
#11425001
0c
1b
#11430000
0#
0p
#11435000
1#
1p
#11435001
1c
#11437000
0o
1m
1k
1j
1f
b0 w
b1111 w
#11440000
0#
0p
#11445000
1#
1p
b1111 v
#11445001
0c
0b
1a
#11450000
0#
0p
#11455000
1#
1p
#11455001
1c
#11457000
0i
0h
0g
0f
b0 w
#11460000
0#
0p
#11465000
1#
1p
b0 v
1r
#11465001
0c
1b
#11470000
0#
0p
#11475000
1#
1p
#11475001
1c
#11477000
1o
0m
0j
b110 w
#11480000
0#
0p
#11485000
1#
1p
b110 v
0r
#11485001
0c
0b
0a
1`
#11490000
0#
0p
#11495000
1#
1p
#11495001
1c
#11497000
0o
0n
1m
0l
0k
1j
1g
b0 w
b1101 w
1y
0z
#11500000
0#
0p
#11505000
1#
1p
b1101 v
1s
0t
#11505001
0c
1b
#11510000
0#
0p
#11515000
1#
1p
#11515001
1c
#11517000
0j
1i
b0 w
b110 w
#11520000
0#
0p
#11525000
1#
1p
b110 v
#11525001
0c
0b
1a
#11530000
0#
0p
#11535000
1#
1p
#11535001
1c
#11537000
1o
1n
1k
1j
1f
b0 w
b1101 w
0y
1z
#11540000
0#
0p
#11545000
1#
1p
b1101 v
0s
1t
#11545001
0c
1b
#11550000
0#
0p
#11555000
1#
1p
#11555001
1c
#11557000
0o
0n
0m
1l
0k
0i
0g
0f
b0 w
b1010 w
1y
0z
#11560000
0#
0p
#11565000
1#
1p
b1010 v
1s
0t
#11565001
0c
0b
0a
0`
0_
0^
0]
1\
#11570000
0#
0p
#11575000
1#
1p
#11575001
1c
#11577000
1o
1n
1m
1k
1g
1f
b0 w
b1111 w
0y
1z
#11580000
0#
0p
#11585000
1#
1p
b1111 v
0s
1t
#11585001
0c
1b
#11590000
0#
0p
#11595000
1#
1p
#11595001
1c
#11597000
0n
1i
1h
b0 w
1y
0z
#11600000
0#
0p
#11605000
1#
1p
b0 v
1s
0t
1r
#11605001
0c
0b
1a
#11610000
0#
0p
#11615000
1#
1p
#11615001
1c
#11617000
1n
0m
0l
0k
0j
0i
0h
0f
b100 w
0y
1z
#11620000
0#
0p
#11625000
1#
1p
b100 v
0s
1t
0r
#11625001
0c
1b
#11630000
0#
0p
#11635000
1#
1p
#11635001
1c
#11637000
0o
0n
1m
1l
1k
1j
1i
1h
0g
1f
b0 w
b1010 w
1x
1y
0z
#11640000
0#
0p
#11645000
1#
1p
b1010 v
1u
1s
0t
#11645001
0c
0b
0a
1`
#11650000
0#
0p
#11655000
1#
1p
#11655001
1c
#11657000
1o
1n
0m
0l
0k
0j
1g
b0 w
b1111 w
0x
0y
1z
#11660000
0#
0p
#11665000
1#
1p
b1111 v
0u
0s
1t
#11665001
0c
1b
#11670000
0#
0p
#11675000
1#
1p
#11675001
1c
#11677000
1k
0h
0g
b0 w
b1101 w
#11680000
0#
0p
#11685000
1#
1p
b1101 v
#11685001
0c
0b
1a
#11690000
0#
0p
#11695000
1#
1p
#11695001
1c
#11697000
0n
1l
0k
0f
b0 w
b1111 w
1x
1y
0z
#11700000
0#
0p
#11705000
1#
1p
b1111 v
1u
1s
0t
#11705001
0c
1b
#11710000
0#
0p
#11715000
1#
1p
#11715001
1c
#11717000
1n
1m
0l
1j
1h
1g
1f
b0 w
b1111 w
0x
0y
1z
#11720000
0#
0p
#11725000
1#
1p
0u
0s
1t
#11725001
0c
0b
0a
0`
1_
#11730000
0#
0p
#11735000
1#
1p
#11735001
1c
#11737000
0n
0m
1l
1k
0j
0i
0h
0g
0f
b0 w
b1010 w
1x
1y
0z
#11740000
0#
0p
#11745000
1#
1p
b1010 v
1u
1s
0t
#11745001
0c
1b
#11750000
0#
0p
#11755000
1#
1p
#11755001
1c
#11757000
1m
0l
0k
1j
1i
1h
1g
1f
b0 w
b110 w
0x
#11760000
0#
0p
#11765000
1#
1p
b110 v
0u
#11765001
0c
0b
1a
#11770000
0#
0p
#11775000
1#
1p
#11775001
1c
#11777000
1l
1k
0j
b0 w
b1000 w
#11780000
0#
0p
#11785000
1#
1p
b1000 v
#11785001
0c
1b
#11790000
0#
0p
#11795000
1#
1p
#11795001
1c
#11797000
1n
0m
0f
b0 w
b111 w
0y
1z
#11800000
0#
0p
#11805000
1#
1p
b111 v
0s
1t
#11805001
0c
0b
0a
1`
#11810000
0#
0p
#11815000
1#
1p
#11815001
1c
#11817000
0o
0l
0k
1j
0i
1f
b0 w
b1000 w
#11820000
0#
0p
#11825000
1#
1p
b1000 v
#11825001
0c
1b
#11830000
0#
0p
#11835000
1#
1p
#11835001
1c
#11837000
0n
1m
1l
1k
0h
0f
b0 w
b11 w
1x
1y
0z
#11840000
0#
0p
#11845000
1#
1p
b11 v
1u
1s
0t
#11845001
0c
0b
1a
#11850000
0#
0p
#11855000
1#
1p
#11855001
1c
#11857000
1o
1i
1h
b0 w
b1000 w
#11860000
0#
0p
#11865000
1#
1p
b1000 v
#11865001
0c
1b
#11870000
0#
0p
#11875000
1#
1p
#11875001
1c
#11877000
0m
1f
b0 w
b1 w
0x
#11880000
0#
0p
#11885000
1#
1p
b1 v
0u
#11885001
0c
0b
0a
0`
0_
1^
#11890000
0#
0p
#11895000
1#
1p
#11895001
1c
#11897000
1n
0l
0k
0j
b0 w
b1111 w
0y
1z
#11900000
0#
0p
#11905000
1#
1p
b1111 v
0s
1t
#11905001
0c
1b
#11910000
0#
0p
#11915000
1#
1p
#11915001
1c
#11917000
1l
1j
0i
0h
b0 w
b1110 w
#11920000
0#
0p
#11925000
1#
1p
b1110 v
#11925001
0c
0b
1a
#11930000
0#
0p
#11935000
1#
1p
#11935001
1c
#11937000
0g
0f
b0 w
b1010 w
#11940000
0#
0p
#11945000
1#
1p
b1010 v
#11945001
0c
1b
#11950000
0#
0p
#11955000
1#
1p
#11955001
1c
#11957000
0o
1m
1k
1h
b0 w
b10 w
#11960000
0#
0p
#11965000
1#
1p
b10 v
#11965001
0c
0b
0a
1`
#11970000
0#
0p
#11975000
1#
1p
#11975001
1c
#11977000
1o
0n
0m
0l
1i
1g
1f
b0 w
b11 w
1y
0z
#11980000
0#
0p
#11985000
1#
1p
b11 v
1s
0t
#11985001
0c
1b
#11990000
0#
0p
#11995000
1#
1p
#11995001
1c
#11997000
0k
0j
0i
0f
b0 w
b110 w
#12000000
0#
0p
#12005000
1#
1p
b110 v
#12005001
0c
0b
1a
#12010000
0#
0p
#12015000
1#
1p
#12015001
1c
#12017000
1m
1k
1j
1i
0g
1f
b0 w
b1110 w
1x
#12020000
0#
0p
#12025000
1#
1p
b1110 v
1u
#12025001
0c
1b
#12030000
0#
0p
#12035000
1#
1p
#12035001
1c
#12037000
0j
1g
b0 w
b1010 w
0x
#12040000
0#
0p
#12045000
1#
1p
b1010 v
0u
#12045001
0c
0b
0a
0`
1_
#12050000
0#
0p
#12055000
1#
1p
#12055001
1c
#12057000
0k
0i
0h
0g
0f
b0 w
b1111 w
1x
#12060000
0#
0p
#12065000
1#
1p
b1111 v
1u
#12065001
0c
1b
#12070000
0#
0p
#12075000
1#
1p
#12075001
1c
#12077000
1l
1j
1g
b0 w
b1001 w
#12080000
0#
0p
#12085000
1#
1p
b1001 v
#12085001
0c
0b
1a
#12090000
0#
0p
#12095000
1#
1p
#12095001
1c
#12097000
0o
0m
0l
0j
1i
1h
1f
b0 w
b1111 w
0x
#12100000
0#
0p
#12105000
1#
1p
b1111 v
0u
#12105001
0c
1b
#12110000
0#
0p
#12115000
1#
1p
#12115001
1c
#12117000
1o
1m
1j
0i
b0 w
b101 w
#12120000
0#
0p
#12125000
1#
1p
b101 v
#12125001
0c
0b
0a
1`
#12130000
0#
0p
#12135000
1#
1p
#12135001
1c
#12137000
1n
0m
1k
0j
1i
0f
b0 w
b111 w
0y
1z
#12140000
0#
0p
#12145000
1#
1p
b111 v
0s
1t
#12145001
0c
1b
#12150000
0#
0p
#12155000
1#
1p
#12155001
1c
#12157000
0o
1m
1l
0i
0h
0g
b0 w
#12160000
0#
0p
#12165000
1#
1p
b0 v
1r
#12165001
0c
0b
1a
#12170000
0#
0p
#12175000
1#
1p
#12175001
1c
#12177000
0n
1j
1i
1f
b1000 w
1x
1y
0z
#12180000
0#
0p
#12185000
1#
1p
b1000 v
1u
1s
0t
0r
#12185001
0c
1b
#12190000
0#
0p
#12195000
1#
1p
#12195001
1c
#12197000
1n
0m
0l
0k
0j
1h
1g
b0 w
0x
0y
1z
#12200000
0#
0p
#12205000
1#
1p
b0 v
0u
0s
1t
1r
#12205001
0c
0b
0a
0`
0_
0^
1]
#12210000
0#
0p
#12215000
1#
1p
#12215001
1c
#12217000
1l
0i
0g
0f
b10 w
#12220000
0#
0p
#12225000
1#
1p
b10 v
0r
#12225001
0c
1b
#12230000
0#
0p
#12235000
1#
1p
#12235001
1c
#12237000
1o
0n
1k
1i
1g
1f
b0 w
b1001 w
1y
0z
#12240000
0#
0p
#12245000
1#
1p
b1001 v
1s
0t
#12245001
0c
0b
1a
#12250000
0#
0p
#12255000
1#
1p
#12255001
1c
#12257000
0o
1n
1m
1j
0h
0g
0f
b0 w
b1 w
0y
1z
#12260000
0#
0p
#12265000
1#
1p
b1 v
0s
1t
#12265001
0c
1b
#12270000
0#
0p
#12275000
1#
1p
#12275001
1c
#12277000
1o
0n
0i
b0 w
b1 w
1x
1y
0z
#12280000
0#
0p
#12285000
1#
1p
1u
1s
0t
#12285001
0c
0b
0a
1`
#12290000
0#
0p
#12295000
1#
1p
#12295001
1c
#12297000
0o
1i
1g
1f
b0 w
b1100 w
#12300000
0#
0p
#12305000
1#
1p
b1100 v
#12305001
0c
1b
#12310000
0#
0p
#12315000
1#
1p
#12315001
1c
#12317000
0k
1h
0f
b0 w
b10 w
#12320000
0#
0p
#12325000
1#
1p
b10 v
#12325001
0c
0b
1a
#12330000
0#
0p
#12335000
1#
1p
#12335001
1c
#12337000
1o
0h
1f
b0 w
b10 w
0x
#12340000
0#
0p
#12345000
1#
1p
0u
#12345001
0c
1b
#12350000
0#
0p
#12355000
1#
1p
#12355001
1c
#12357000
0o
1n
0m
0l
1k
1h
b0 w
b1100 w
0y
1z
#12360000
0#
0p
#12365000
1#
1p
b1100 v
0s
1t
#12365001
0c
0b
0a
0`
1_
#12370000
0#
0p
#12375000
1#
1p
#12375001
1c
#12377000
0k
0j
0i
0g
0f
b0 w
#12380000
0#
0p
#12385000
1#
1p
b0 v
1r
#12385001
0c
1b
#12390000
0#
0p
#12395000
1#
1p
#12395001
1c
#12397000
0h
#12400000
0#
0p
#12405000
1#
1p
#12405001
0c
0b
1a
#12410000
0#
0p
#12415000
1#
1p
#12415001
1c
#12417000
0n
1y
0z
#12420000
0#
0p
#12425000
1#
1p
1s
0t
#12425001
0c
1b
#12430000
0#
0p
#12435000
1#
1p
#12435001
1c
#12437000
1o
1n
1m
1l
1i
1h
1g
1f
b1111 w
0y
1z
#12440000
0#
0p
#12445000
1#
1p
b1111 v
0s
1t
0r
#12445001
0c
0b
0a
1`
#12450000
0#
0p
#12455000
1#
1p
#12455001
1c
#12457000
0o
0n
1j
0i
0g
0f
b0 w
b1101 w
1y
0z
#12460000
0#
0p
#12465000
1#
1p
b1101 v
1s
0t
#12465001
0c
1b
#12470000
0#
0p
#12475000
1#
1p
#12475001
1c
#12477000
1o
1n
0m
0l
0j
0h
b0 w
0y
1z
#12480000
0#
0p
#12485000
1#
1p
b0 v
0s
1t
1r
#12485001
0c
0b
1a
#12490000
0#
0p
#12495000
1#
1p
#12495001
1c
#12497000
1h
1g
b110 w
#12500000
0#
0p
#12505000
1#
1p
b110 v
0r
#12505001
0c
1b
#12510000
0#
0p
#12515000
1#
1p
#12515001
1c
#12517000
0o
1i
0h
0g
1f
b0 w
#12520000
0#
0p
#12525000
1#
1p
b0 v
1r
#12525001
0c
0b
0a
0`
0_
1^
#12530000
0#
0p
#12535000
1#
1p
#12535001
1c
#12537000
1o
1j
1h
1g
b1111 w
#12540000
0#
0p
#12545000
1#
1p
b1111 v
0r
#12545001
0c
1b
#12550000
0#
0p
#12555000
1#
1p
#12555001
1c
#12557000
0n
1m
1k
0h
0g
0f
b0 w
b100 w
1x
1y
0z
#12560000
0#
0p
#12565000
1#
1p
b100 v
1u
1s
0t
#12565001
0c
0b
1a
#12570000
0#
0p
#12575000
1#
1p
#12575001
1c
#12577000
1l
0k
0j
1h
1g
b0 w
b100 w
0x
#12580000
0#
0p
#12585000
1#
1p
0u
#12585001
0c
1b
#12590000
0#
0p
#12595000
1#
1p
#12595001
1c
#12597000
0m
0l
1f
b0 w
b1111 w
#12600000
0#
0p
#12605000
1#
1p
b1111 v
#12605001
0c
0b
0a
1`
#12610000
0#
0p
#12615000
1#
1p
#12615001
1c
#12617000
1n
b0 w
b1111 w
0y
1z
#12620000
0#
0p
#12625000
1#
1p
0s
1t
#12625001
0c
1b
#12630000
0#
0p
#12635000
1#
1p
#12635001
1c
#12637000
0o
1m
0i
0h
0g
0f
b0 w
#12640000
0#
0p
#12645000
1#
1p
b0 v
1r
#12645001
0c
0b
1a
#12650000
0#
0p
#12655000
1#
1p
#12655001
1c
#12657000
1o
0n
0m
1y
0z
#12660000
0#
0p
#12665000
1#
1p
1s
0t
#12665001
0c
1b
#12670000
0#
0p
#12675000
1#
1p
#12675001
1c
#12677000
1n
1k
1j
1h
1g
b1110 w
0y
1z
#12680000
0#
0p
#12685000
1#
1p
b1110 v
0s
1t
0r
#12685001
0c
0b
0a
0`
1_
#12690000
0#
0p
#12695000
1#
1p
#12695001
1c
#12697000
0n
1l
0h
0g
b0 w
b10 w
1x
1y
0z
#12700000
0#
0p
#12705000
1#
1p
b10 v
1u
1s
0t
#12705001
0c
1b
#12710000
0#
0p
#12715000
1#
1p
#12715001
1c
#12717000
1n
0l
0k
1g
b0 w
b1100 w
0x
0y
1z
#12720000
0#
0p
#12725000
1#
1p
b1100 v
0u
0s
1t
#12725001
0c
0b
1a
#12730000
0#
0p
#12735000
1#
1p
#12735001
1c
#12737000
0o
1m
1l
1k
0g
b0 w
#12740000
0#
0p
#12745000
1#
1p
b0 v
1r
#12745001
0c
1b
#12750000
0#
0p
#12755000
1#
1p
#12755001
1c
#12757000
0m
0l
0k
0j
#12760000
0#
0p
#12765000
1#
1p
#12765001
0c
0b
0a
1`
#12770000
0#
0p
#12775000
1#
1p
#12775001
1c
#12777000
1o
1k
1i
1h
1g
1f
b1111 w
#12780000
0#
0p
#12785000
1#
1p
b1111 v
0r
#12785001
0c
1b
#12790000
0#
0p
#12795000
1#
1p
#12795001
1c
#12797000
0n
1m
1l
0k
1j
b0 w
b100 w
1y
0z
#12800000
0#
0p
#12805000
1#
1p
b100 v
1s
0t
#12805001
0c
0b
1a
#12810000
0#
0p
#12815000
1#
1p
#12815001
1c
#12817000
0o
1n
0l
1k
0i
0h
0g
0f
b0 w
0y
1z
#12820000
0#
0p
#12825000
1#
1p
b0 v
0s
1t
1r
#12825001
0c
1b
#12830000
0#
0p
#12835000
1#
1p
#12835001
1c
#12837000
0n
1l
1g
b11 w
1x
1y
0z
#12840000
0#
0p
#12845000
1#
1p
b11 v
1u
1s
0t
0r
#12845001
0c
0b
0a
0`
0_
0^
0]
0\
1[
#12850000
0#
0p
#12855000
1#
1p
#12855001
1c
#12857000
1o
1n
0m
0g
1f
b0 w
b1110 w
0x
0y
1z
#12860000
0#
0p
#12865000
1#
1p
b1110 v
0u
0s
1t
#12865001
0c
1b
#12870000
0#
0p
#12875000
1#
1p
#12875001
1c
#12877000
0o
0n
1m
0l
0j
1i
1h
1g
0f
b0 w
b1100 w
1y
0z
#12880000
0#
0p
#12885000
1#
1p
b1100 v
1s
0t
#12885001
0c
0b
1a
#12890000
0#
0p
#12895000
1#
1p
#12895001
1c
#12897000
1o
1n
0m
0k
0i
b0 w
b110 w
0y
1z
#12900000
0#
0p
#12905000
1#
1p
b110 v
0s
1t
#12905001
0c
1b
#12910000
0#
0p
#12915000
1#
1p
#12915001
1c
#12917000
0o
0g
1f
b0 w
#12920000
0#
0p
#12925000
1#
1p
b0 v
1r
#12925001
0c
0b
0a
1`
#12930000
0#
0p
#12935000
1#
1p
#12935001
1c
#12937000
0n
1m
1l
1k
1j
1i
1g
b1110 w
1x
1y
0z
#12940000
0#
0p
#12945000
1#
1p
b1110 v
1u
1s
0t
0r
#12945001
0c
1b
#12950000
0#
0p
#12955000
1#
1p
#12955001
1c
#12957000
1o
1n
0l
0i
0f
b0 w
b1111 w
0x
0y
1z
#12960000
0#
0p
#12965000
1#
1p
b1111 v
0u
0s
1t
#12965001
0c
0b
1a
#12970000
0#
0p
#12975000
1#
1p
#12975001
1c
#12977000
0o
0m
0k
0j
1i
1f
b0 w
#12980000
0#
0p
#12985000
1#
1p
b0 v
1r
#12985001
0c
1b
#12990000
0#
0p
#12995000
1#
1p
#12995001
1c
#12997000
1o
0n
1l
1k
1j
0i
0h
0g
0f
b10 w
1x
1y
0z
#13000000
0#
0p
#13005000
1#
1p
b10 v
1u
1s
0t
0r
#13005001
0c
0b
0a
0`
1_
#13010000
0#
0p
#13015000
1#
1p
#13015001
1c
#13017000
0o
1m
0l
1i
1h
b0 w
#13020000
0#
0p
#13025000
1#
1p
b0 v
1r
#13025001
0c
1b
#13030000
0#
0p
#13035000
1#
1p
#13035001
1c
#13037000
1l
0i
1g
b101 w
#13040000
0#
0p
#13045000
1#
1p
b101 v
0r
#13045001
0c
0b
1a
#13050000
0#
0p
#13055000
1#
1p
#13055001
1c
#13057000
0m
0l
0k
0h
0g
b0 w
b1000 w
0x
#13060000
0#
0p
#13065000
1#
1p
b1000 v
0u
#13065001
0c
1b
#13070000
0#
0p
#13075000
1#
1p
#13075001
1c
#13077000
1o
1k
1i
1f
b0 w
b1101 w
1x
#13080000
0#
0p
#13085000
1#
1p
b1101 v
1u
#13085001
0c
0b
0a
1`
#13090000
0#
0p
#13095000
1#
1p
#13095001
1c
#13097000
0o
1n
0j
1h
1g
b0 w
b100 w
0x
0y
1z
#13100000
0#
0p
#13105000
1#
1p
b100 v
0u
0s
1t
#13105001
0c
1b
#13110000
0#
0p
#13115000
1#
1p
#13115001
1c
#13117000
1m
1l
1j
0h
b0 w
b1101 w
#13120000
0#
0p
#13125000
1#
1p
b1101 v
#13125001
0c
0b
1a
#13130000
0#
0p
#13135000
1#
1p
#13135001
1c
#13137000
0k
0j
0i
b0 w
#13140000
0#
0p
#13145000
1#
1p
b0 v
1r
#13145001
0c
1b
#13150000
0#
0p
#13155000
1#
1p
#13155001
1c
#13157000
0n
1i
1h
0g
b1110 w
1y
0z
#13160000
0#
0p
#13165000
1#
1p
b1110 v
1s
0t
0r
#13165001
0c
0b
0a
0`
0_
1^
#13170000
0#
0p
#13175000
1#
1p
#13175001
1c
#13177000
0m
0l
1g
b0 w
b1111 w
#13180000
0#
0p
#13185000
1#
1p
b1111 v
#13185001
0c
1b
#13190000
0#
0p
#13195000
1#
1p
#13195001
1c
#13197000
1n
1m
1j
0i
0h
0f
b0 w
0y
1z
#13200000
0#
0p
#13205000
1#
1p
b0 v
0s
1t
1r
#13205001
0c
0b
1a
#13210000
0#
0p
#13215000
1#
1p
#13215001
1c
#13217000
0n
0m
1l
1k
1i
1h
0g
b1 w
1x
1y
0z
#13220000
0#
0p
#13225000
1#
1p
b1 v
1u
1s
0t
0r
#13225001
0c
1b
#13230000
0#
0p
#13235000
1#
1p
#13235001
1c
#13237000
1n
1m
0l
0k
0h
1f
b0 w
b1001 w
0x
0y
1z
#13240000
0#
0p
#13245000
1#
1p
b1001 v
0u
0s
1t
#13245001
0c
0b
0a
1`
#13250000
0#
0p
#13255000
1#
1p
#13255001
1c
#13257000
1l
1k
1h
1g
b0 w
b1111 w
#13260000
0#
0p
#13265000
1#
1p
b1111 v
#13265001
0c
1b
#13270000
0#
0p
#13275000
1#
1p
#13275001
1c
#13277000
1o
0n
0m
0l
0k
0j
0i
0h
0g
0f
b0 w
1y
0z
#13280000
0#
0p
#13285000
1#
1p
b0 v
1s
0t
1r
#13285001
0c
0b
1a
#13290000
0#
0p
#13295000
1#
1p
#13295001
1c
#13297000
0o
1n
1m
0y
1z
#13300000
0#
0p
#13305000
1#
1p
0s
1t
#13305001
0c
1b
#13310000
0#
0p
#13315000
1#
1p
#13315001
1c
#13317000
1o
0m
1l
1i
1f
b1011 w
#13320000
0#
0p
#13325000
1#
1p
b1011 v
0r
#13325001
0c
0b
0a
0`
1_
#13330000
0#
0p
#13335000
1#
1p
#13335001
1c
#13337000
1m
1k
1j
0i
1g
0f
b0 w
b1111 w
#13340000
0#
0p
#13345000
1#
1p
b1111 v
#13345001
0c
1b
#13350000
0#
0p
#13355000
1#
1p
#13355001
1c
#13357000
0m
0l
0k
0j
1i
1h
b0 w
b111 w
#13360000
0#
0p
#13365000
1#
1p
b111 v
#13365001
0c
0b
1a
#13370000
0#
0p
#13375000
1#
1p
#13375001
1c
#13377000
0o
0n
1l
1j
b0 w
b1 w
1x
1y
0z
#13380000
0#
0p
#13385000
1#
1p
b1 v
1u
1s
0t
#13385001
0c
1b
#13390000
0#
0p
#13395000
1#
1p
#13395001
1c
#13397000
0l
1k
0i
0g
b0 w
b1110 w
0x
#13400000
0#
0p
#13405000
1#
1p
b1110 v
0u
#13405001
0c
0b
0a
1`
#13410000
0#
0p
#13415000
1#
1p
#13415001
1c
#13417000
1o
1m
1i
1g
1f
b0 w
b10 w
#13420000
0#
0p
#13425000
1#
1p
b10 v
#13425001
0c
1b
#13430000
0#
0p
#13435000
1#
1p
#13435001
1c
#13437000
0o
1n
0m
0j
0i
0f
b0 w
b100 w
0y
1z
#13440000
0#
0p
#13445000
1#
1p
b100 v
0s
1t
#13445001
0c
0b
1a
#13450000
0#
0p
#13455000
1#
1p
#13455001
1c
#13457000
1o
0n
1m
1l
1j
1i
0g
b0 w
b100 w
1x
1y
0z
#13460000
0#
0p
#13465000
1#
1p
1u
1s
0t
#13465001
0c
1b
#13470000
0#
0p
#13475000
1#
1p
#13475001
1c
#13477000
0m
0l
0k
0j
0h
1g
b0 w
b101 w
0x
#13480000
0#
0p
#13485000
1#
1p
b101 v
0u
#13485001
0c
0b
0a
0`
0_
0^
1]
#13490000
0#
0p
#13495000
1#
1p
#13495001
1c
#13497000
1m
1k
1h
0g
b0 w
b1110 w
1x
#13500000
0#
0p
#13505000
1#
1p
b1110 v
1u
#13505001
0c
1b
#13510000
0#
0p
#13515000
1#
1p
#13515001
1c
#13517000
1n
1l
1j
0h
1f
b0 w
b1111 w
0x
0y
1z
#13520000
0#
0p
#13525000
1#
1p
b1111 v
0u
0s
1t
#13525001
0c
0b
1a
#13530000
0#
0p
#13535000
1#
1p
#13535001
1c
#13537000
0o
0n
0m
0l
0k
0j
0i
1h
1g
0f
b0 w
b110 w
1y
0z
#13540000
0#
0p
#13545000
1#
1p
b110 v
1s
0t
#13545001
0c
1b
#13550000
0#
0p
#13555000
1#
1p
#13555001
1c
#13557000
1l
1j
1i
1f
b0 w
b1001 w
1x
#13560000
0#
0p
#13565000
1#
1p
b1001 v
1u
#13565001
0c
0b
0a
1`
#13570000
0#
0p
#13575000
1#
1p
#13575001
1c
#13577000
1o
1m
1k
0h
0g
0f
b0 w
b10 w
#13580000
0#
0p
#13585000
1#
1p
b10 v
#13585001
0c
1b
#13590000
0#
0p
#13595000
1#
1p
#13595001
1c
#13597000
0o
1n
0l
0i
1h
1g
1f
b0 w
b1100 w
0x
0y
1z
#13600000
0#
0p
#13605000
1#
1p
b1100 v
0u
0s
1t
#13605001
0c
0b
1a
#13610000
0#
0p
#13615000
1#
1p
#13615001
1c
#13617000
1o
0m
1l
0h
0g
0f
b0 w
b1110 w
#13620000
0#
0p
#13625000
1#
1p
b1110 v
#13625001
0c
1b
#13630000
0#
0p
#13635000
1#
1p
#13635001
1c
#13637000
0o
0l
0k
0j
1i
1g
b0 w
#13640000
0#
0p
#13645000
1#
1p
b0 v
1r
#13645001
0c
0b
0a
0`
1_
#13650000
0#
0p
#13655000
1#
1p
#13655001
1c
#13657000
1o
1m
1l
1k
1j
0i
0g
1f
b1111 w
#13660000
0#
0p
#13665000
1#
1p
b1111 v
0r
#13665001
0c
1b
#13670000
0#
0p
#13675000
1#
1p
#13675001
1c
#13677000
0o
0n
0m
1h
0f
b0 w
1x
1y
0z
#13680000
0#
0p
#13685000
1#
1p
b0 v
1u
1s
0t
1r
#13685001
0c
0b
1a
#13690000
0#
0p
#13695000
1#
1p
#13695001
1c
#13697000
1o
1m
0k
1i
1g
1f
b100 w
0x
#13700000
0#
0p
#13705000
1#
1p
b100 v
0u
0r
#13705001
0c
1b
#13710000
0#
0p
#13715000
1#
1p
#13715001
1c
#13717000
0o
1n
0m
0l
0j
b0 w
0y
1z
#13720000
0#
0p
#13725000
1#
1p
b0 v
0s
1t
1r
#13725001
0c
0b
0a
1`
#13730000
0#
0p
#13735000
1#
1p
#13735001
1c
#13737000
1m
1k
1j
0i
0g
b1000 w
#13740000
0#
0p
#13745000
1#
1p
b1000 v
0r
#13745001
0c
1b
#13750000
0#
0p
#13755000
1#
1p
#13755001
1c
#13757000
1o
0n
1l
0k
0j
1i
1g
b0 w
b1100 w
1y
0z
#13760000
0#
0p
#13765000
1#
1p
b1100 v
1s
0t
#13765001
0c
0b
1a
#13770000
0#
0p
#13775000
1#
1p
#13775001
1c
#13777000
0m
0l
0i
0h
0g
0f
b0 w
#13780000
0#
0p
#13785000
1#
1p
b0 v
1r
#13785001
0c
1b
#13790000
0#
0p
#13795000
1#
1p
#13795001
1c
#13797000
0o
1n
1m
1g
1f
0y
1z
#13800000
0#
0p
#13805000
1#
1p
0s
1t
#13805001
0c
0b
0a
0`
0_
1^
#13810000
0#
0p
#13815000
1#
1p
#13815001
1c
#13817000
0m
1j
1h
b1000 w
#13820000
0#
0p
#13825000
1#
1p
b1000 v
0r
#13825001
0c
1b
#13830000
0#
0p
#13835000
1#
1p
#13835001
1c
#13837000
1o
0n
1k
0j
0h
0g
0f
b0 w
b1100 w
1x
1y
0z
#13840000
0#
0p
#13845000
1#
1p
b1100 v
1u
1s
0t
#13845001
0c
0b
1a
#13850000
0#
0p
#13855000
1#
1p
#13855001
1c
#13857000
1n
1l
1j
1h
1f
b0 w
b1110 w
0x
0y
1z
#13860000
0#
0p
#13865000
1#
1p
b1110 v
0u
0s
1t
#13865001
0c
1b
#13870000
0#
0p
#13875000
1#
1p
#13875001
1c
#13877000
0o
0n
0l
0k
0j
1i
1g
b0 w
b1111 w
1y
0z
#13880000
0#
0p
#13885000
1#
1p
b1111 v
1s
0t
#13885001
0c
0b
0a
1`
#13890000
0#
0p
#13895000
1#
1p
#13895001
1c
#13897000
1n
1l
1j
0i
0h
0g
b0 w
b1000 w
0y
1z
#13900000
0#
0p
#13905000
1#
1p
b1000 v
0s
1t
#13905001
0c
1b
#13910000
0#
0p
#13915000
1#
1p
#13915001
1c
#13917000
0l
0j
1i
1h
1g
0f
b0 w
#13920000
0#
0p
#13925000
1#
1p
b0 v
1r
#13925001
0c
0b
1a
#13930000
0#
0p
#13935000
1#
1p
#13935001
1c
#13937000
1o
1m
1l
1k
1f
b1111 w
#13940000
0#
0p
#13945000
1#
1p
b1111 v
0r
#13945001
0c
1b
#13950000
0#
0p
#13955000
1#
1p
#13955001
1c
#13957000
0m
0l
0g
0f
b0 w
b111 w
#13960000
0#
0p
#13965000
1#
1p
b111 v
#13965001
0c
0b
0a
0`
1_
#13970000
0#
0p
#13975000
1#
1p
#13975001
1c
#13977000
0o
1m
1l
1j
1g
1f
b0 w
b1111 w
#13980000
0#
0p
#13985000
1#
1p
b1111 v
#13985001
0c
1b
#13990000
0#
0p
#13995000
1#
1p
#13995001
1c
#13997000
1o
0i
0h
0f
b0 w
b1111 w
#14000000
0#
0p
#14005000
1#
1p
#14005001
0c
0b
1a
#14010000
0#
0p
#14015000
1#
1p
#14015001
1c
#14017000
0o
0n
0m
0l
1h
0g
b0 w
b1110 w
1y
0z
#14020000
0#
0p
#14025000
1#
1p
b1110 v
1s
0t
#14025001
0c
1b
#14030000
0#
0p
#14035000
1#
1p
#14035001
1c
#14037000
1o
1m
1l
0k
1i
b0 w
b1000 w
1x
#14040000
0#
0p
#14045000
1#
1p
b1000 v
1u
#14045001
0c
0b
0a
1`
#14050000
0#
0p
#14055000
1#
1p
#14055001
1c
#14057000
0o
0m
0l
0j
0i
0h
1f
b0 w
b1000 w
0x
#14060000
0#
0p
#14065000
1#
1p
0u
#14065001
0c
1b
#14070000
0#
0p
#14075000
1#
1p
#14075001
1c
#14077000
1o
1n
0f
b0 w
0y
1z
#14080000
0#
0p
#14085000
1#
1p
b0 v
0s
1t
1r
#14085001
0c
0b
1a
#14090000
0#
0p
#14095000
1#
1p
#14095001
1c
#14097000
0o
1g
1f
#14100000
0#
0p
#14105000
1#
1p
#14105001
0c
1b
#14110000
0#
0p
#14115000
1#
1p
#14115001
1c
#14117000
0n
0g
0f
1y
0z
#14120000
0#
0p
#14125000
1#
1p
1s
0t
#14125001
0c
0b
0a
0`
0_
0^
0]
1\
#14130000
0#
0p
#14135000
1#
1p
#14135001
1c
#14137000
1n
1k
1i
1g
1f
b100 w
0y
1z
#14140000
0#
0p
#14145000
1#
1p
b100 v
0s
1t
0r
#14145001
0c
1b
#14150000
0#
0p
#14155000
1#
1p
#14155001
1c
#14157000
0n
0k
1j
0g
0f
b0 w
b1001 w
1y
0z
#14160000
0#
0p
#14165000
1#
1p
b1001 v
1s
0t
#14165001
0c
0b
1a
#14170000
0#
0p
#14175000
1#
1p
#14175001
1c
#14177000
0j
1h
1g
b0 w
b111 w
#14180000
0#
0p
#14185000
1#
1p
b111 v
#14185001
0c
1b
#14190000
0#
0p
#14195000
1#
1p
#14195001
1c
#14197000
1o
1n
1m
1l
1k
1j
0i
0h
1f
b0 w
b1111 w
0y
1z
#14200000
0#
0p
#14205000
1#
1p
b1111 v
0s
1t
#14205001
0c
0b
0a
1`
#14210000
0#
0p
#14215000
1#
1p
#14215001
1c
#14217000
0o
0n
0k
0j
1i
1h
b0 w
b10 w
1x
1y
0z
#14220000
0#
0p
#14225000
1#
1p
b10 v
1u
1s
0t
#14225001
0c
1b
#14230000
0#
0p
#14235000
1#
1p
#14235001
1c
#14237000
0m
0l
1k
0i
0g
0f
b0 w
b110 w
0x
#14240000
0#
0p
#14245000
1#
1p
b110 v
0u
#14245001
0c
0b
1a
#14250000
0#
0p
#14255000
1#
1p
#14255001
1c
#14257000
1o
1l
0k
1j
1i
1f
b0 w
b1 w
#14260000
0#
0p
#14265000
1#
1p
b1 v
#14265001
0c
1b
#14270000
0#
0p
#14275000
1#
1p
#14275001
1c
#14277000
0o
0l
0j
0i
1g
0f
b0 w
b110 w
#14280000
0#
0p
#14285000
1#
1p
b110 v
#14285001
0c
0b
0a
0`
1_
#14290000
0#
0p
#14295000
1#
1p
#14295001
1c
#14297000
1o
1m
1j
0g
b0 w
b1001 w
1x
#14300000
0#
0p
#14305000
1#
1p
b1001 v
1u
#14305001
0c
1b
#14310000
0#
0p
#14315000
1#
1p
#14315001
1c
#14317000
0o
1n
0m
0j
0h
1g
b0 w
0x
0y
1z
#14320000
0#
0p
#14325000
1#
1p
b0 v
0u
0s
1t
1r
#14325001
0c
0b
1a
#14330000
0#
0p
#14335000
1#
1p
#14335001
1c
#14337000
1o
0n
1h
1f
b1110 w
1y
0z
#14340000
0#
0p
#14345000
1#
1p
b1110 v
1s
0t
0r
#14345001
0c
1b
#14350000
0#
0p
#14355000
1#
1p
#14355001
1c
#14357000
0h
0f
b0 w
b100 w
#14360000
0#
0p
#14365000
1#
1p
b100 v
#14365001
0c
0b
0a
1`
#14370000
0#
0p
#14375000
1#
1p
#14375001
1c
#14377000
0o
1n
b0 w
0y
1z
#14380000
0#
0p
#14385000
1#
1p
b0 v
0s
1t
1r
#14385001
0c
1b
#14390000
0#
0p
#14395000
1#
1p
#14395001
1c
#14397000
1l
1j
#14400000
0#
0p
#14405000
1#
1p
#14405001
0c
0b
1a
#14410000
0#
0p
#14415000
1#
1p
#14415001
1c
#14417000
1o
1k
1h
0g
1f
b1110 w
#14420000
0#
0p
#14425000
1#
1p
b1110 v
0r
#14425001
0c
1b
#14430000
0#
0p
#14435000
1#
1p
#14435001
1c
#14437000
0o
1m
0l
0j
1i
0h
1g
b0 w
b101 w
#14440000
0#
0p
#14445000
1#
1p
b101 v
#14445001
0c
0b
0a
0`
0_
1^
#14450000
0#
0p
#14455000
1#
1p
#14455001
1c
#14457000
1o
1h
b0 w
b1111 w
#14460000
0#
0p
#14465000
1#
1p
b1111 v
#14465001
0c
1b
#14470000
0#
0p
#14475000
1#
1p
#14475001
1c
#14477000
0o
0n
1l
0k
1j
b0 w
b1010 w
1x
1y
0z
#14480000
0#
0p
#14485000
1#
1p
b1010 v
1u
1s
0t
#14485001
0c
0b
1a
#14490000
0#
0p
#14495000
1#
1p
#14495001
1c
#14497000
1n
0l
0j
0i
0h
0g
b0 w
0x
0y
1z
#14500000
0#
0p
#14505000
1#
1p
b0 v
0u
0s
1t
1r
#14505001
0c
1b
#14510000
0#
0p
#14515000
1#
1p
#14515001
1c
#14517000
1o
0n
1l
1k
1j
1i
1g
0f
b110 w
1x
1y
0z
#14520000
0#
0p
#14525000
1#
1p
b110 v
1u
1s
0t
0r
#14525001
0c
0b
0a
1`
#14530000
0#
0p
#14535000
1#
1p
#14535001
1c
#14537000
1n
0l
1h
0g
b0 w
b1111 w
0x
0y
1z
#14540000
0#
0p
#14545000
1#
1p
b1111 v
0u
0s
1t
#14545001
0c
1b
#14550000
0#
0p
#14555000
1#
1p
#14555001
1c
#14557000
0o
0n
0m
1l
0j
0i
1g
b0 w
b1100 w
1y
0z
#14560000
0#
0p
#14565000
1#
1p
b1100 v
1s
0t
#14565001
0c
0b
1a
#14570000
0#
0p
#14575000
1#
1p
#14575001
1c
#14577000
1n
0l
0k
0h
b0 w
0y
1z
#14580000
0#
0p
#14585000
1#
1p
b0 v
0s
1t
1r
#14585001
0c
1b
#14590000
0#
0p
#14595000
1#
1p
#14595001
1c
#14597000
1o
1m
1l
1k
1j
1i
1h
0g
1f
b1111 w
#14600000
0#
0p
#14605000
1#
1p
b1111 v
0r
#14605001
0c
0b
0a
0`
1_
#14610000
0#
0p
#14615000
1#
1p
#14615001
1c
#14617000
0m
0k
0i
0h
0f
b0 w
b1010 w
#14620000
0#
0p
#14625000
1#
1p
b1010 v
#14625001
0c
1b
#14630000
0#
0p
#14635000
1#
1p
#14635001
1c
#14637000
0o
0l
0j
1i
1h
1g
1f
b0 w
#14640000
0#
0p
#14645000
1#
1p
b0 v
1r
#14645001
0c
0b
1a
#14650000
0#
0p
#14655000
1#
1p
#14655001
1c
#14657000
0n
1m
1l
1j
0i
0f
b1 w
1x
1y
0z
#14660000
0#
0p
#14665000
1#
1p
b1 v
1u
1s
0t
0r
#14665001
0c
1b
#14670000
0#
0p
#14675000
1#
1p
#14675001
1c
#14677000
1n
1k
1i
1f
b0 w
b1111 w
0x
0y
1z
#14680000
0#
0p
#14685000
1#
1p
b1111 v
0u
0s
1t
#14685001
0c
0b
0a
1`
#14690000
0#
0p
#14695000
1#
1p
#14695001
1c
#14697000
0m
0k
b0 w
b1010 w
#14700000
0#
0p
#14705000
1#
1p
b1010 v
#14705001
0c
1b
#14710000
0#
0p
#14715000
1#
1p
#14715001
1c
#14717000
1o
0n
0l
0j
0i
0h
0g
0f
b0 w
1y
0z
#14720000
0#
0p
#14725000
1#
1p
b0 v
1s
0t
1r
#14725001
0c
0b
1a
#14730000
0#
0p
#14735000
1#
1p
#14735001
1c
#14737000
1k
1j
1g
1f
#14740000
0#
0p
#14745000
1#
1p
#14745001
0c
1b
#14750000
0#
0p
#14755000
1#
1p
#14755001
1c
#14757000
0o
1m
1l
1h
b1101 w
1x
#14760000
0#
0p
#14765000
1#
1p
b1101 v
1u
0r
#14765001
0c
0b
0a
0`
0_
0^
1]
#14770000
0#
0p
#14775000
1#
1p
#14775001
1c
#14777000
1o
0m
0j
0g
b0 w
b100 w
0x
#14780000
0#
0p
#14785000
1#
1p
b100 v
0u
#14785001
0c
1b
#14790000
0#
0p
#14795000
1#
1p
#14795001
1c
#14797000
1n
0k
1j
0h
1g
0f
b0 w
b1110 w
0y
1z
#14800000
0#
0p
#14805000
1#
1p
b1110 v
0s
1t
#14805001
0c
0b
1a
#14810000
0#
0p
#14815000
1#
1p
#14815001
1c
#14817000
0o
0n
1m
1k
1f
b0 w
b1011 w
1x
1y
0z
#14820000
0#
0p
#14825000
1#
1p
b1011 v
1u
1s
0t
#14825001
0c
1b
#14830000
0#
0p
#14835000
1#
1p
#14835001
1c
#14837000
0k
0j
1i
1h
0g
b0 w
b1110 w
0x
#14840000
0#
0p
#14845000
1#
1p
b1110 v
0u
#14845001
0c
0b
0a
1`
#14850000
0#
0p
#14855000
1#
1p
#14855001
1c
#14857000
1o
0m
0l
0i
0f
b0 w
b10 w
#14860000
0#
0p
#14865000
1#
1p
b10 v
#14865001
0c
1b
#14870000
0#
0p
#14875000
1#
1p
#14875001
1c
#14877000
0h
1f
b0 w
b1000 w
#14880000
0#
0p
#14885000
1#
1p
b1000 v
#14885001
0c
0b
1a
#14890000
0#
0p
#14895000
1#
1p
#14895001
1c
#14897000
0o
1l
1k
1i
b0 w
b1111 w
#14900000
0#
0p
#14905000
1#
1p
b1111 v
#14905001
0c
1b
#14910000
0#
0p
#14915000
1#
1p
#14915001
1c
#14917000
1n
1m
0l
1h
1g
b0 w
b101 w
0y
1z
#14920000
0#
0p
#14925000
1#
1p
b101 v
0s
1t
#14925001
0c
0b
0a
0`
1_
#14930000
0#
0p
#14935000
1#
1p
#14935001
1c
#14937000
0m
1l
0k
0i
0h
0f
b0 w
#14940000
0#
0p
#14945000
1#
1p
b0 v
1r
#14945001
0c
1b
#14950000
0#
0p
#14955000
1#
1p
#14955001
1c
#14957000
0n
1m
1k
1j
1i
1h
0g
b10 w
1x
1y
0z
#14960000
0#
0p
#14965000
1#
1p
b10 v
1u
1s
0t
0r
#14965001
0c
0b
1a
#14970000
0#
0p
#14975000
1#
1p
#14975001
1c
#14977000
1o
1n
0k
0j
0h
1g
b0 w
b111 w
0x
0y
1z
#14980000
0#
0p
#14985000
1#
1p
b111 v
0u
0s
1t
#14985001
0c
1b
#14990000
0#
0p
#14995000
1#
1p
#14995001
1c
#14997000
0n
0m
1j
0i
0g
b0 w
b110 w
1x
1y
0z
#15000000
0#
0p
#15005000
1#
1p
b110 v
1u
1s
0t
#15005001
0c
0b
0a
1`
#15010000
0#
0p
#15015000
1#
1p
#15015001
1c
#15017000
0o
1n
0l
1i
1h
1g
b0 w
0x
0y
1z
#15020000
0#
0p
#15025000
1#
1p
b0 v
0u
0s
1t
1r
#15025001
0c
1b
#15030000
0#
0p
#15035000
1#
1p
#15035001
1c
#15037000
1m
1l
b11 w
#15040000
0#
0p
#15045000
1#
1p
b11 v
0r
#15045001
0c
0b
1a
#15050000
0#
0p
#15055000
1#
1p
#15055001
1c
#15057000
1o
0n
0m
0l
0i
0h
b0 w
b1100 w
1x
1y
0z
#15060000
0#
0p
#15065000
1#
1p
b1100 v
1u
1s
0t
#15065001
0c
1b
#15070000
0#
0p
#15075000
1#
1p
#15075001
1c
#15077000
0o
1n
1m
1l
1k
0g
1f
b0 w
b1000 w
0x
0y
1z
#15080000
0#
0p
#15085000
1#
1p
b1000 v
0u
0s
1t
#15085001
0c
0b
0a
0`
0_
1^
#15090000
0#
0p
#15095000
1#
1p
#15095001
1c
#15097000
0n
0k
0j
1h
1g
0f
b0 w
b1001 w
1y
0z
#15100000
0#
0p
#15105000
1#
1p
b1001 v
1s
0t
#15105001
0c
1b
#15110000
0#
0p
#15115000
1#
1p
#15115001
1c
#15117000
1o
1n
1k
1j
0g
1f
b0 w
b1111 w
0y
1z
#15120000
0#
0p
#15125000
1#
1p
b1111 v
0s
1t
#15125001
0c
0b
1a
#15130000
0#
0p
#15135000
1#
1p
#15135001
1c
#15137000
0o
0n
0m
0k
1i
b0 w
b101 w
1x
1y
0z
#15140000
0#
0p
#15145000
1#
1p
b101 v
1u
1s
0t
#15145001
0c
1b
#15150000
0#
0p
#15155000
1#
1p
#15155001
1c
#15157000
1k
0j
0h
b0 w
b1111 w
0x
#15160000
0#
0p
#15165000
1#
1p
b1111 v
0u
#15165001
0c
0b
0a
1`
#15170000
0#
0p
#15175000
1#
1p
#15175001
1c
#15177000
1o
0l
1h
1g
b0 w
b1011 w
#15180000
0#
0p
#15185000
1#
1p
b1011 v
#15185001
0c
1b
#15190000
0#
0p
#15195000
1#
1p
#15195001
1c
#15197000
1m
1l
1j
0i
0h
0g
0f
b0 w
b1 w
1x
#15200000
0#
0p
#15205000
1#
1p
b1 v
1u
#15205001
0c
0b
1a
#15210000
0#
0p
#15215000
1#
1p
#15215001
1c
#15217000
0o
1n
0m
0l
0k
0j
1h
1g
1f
b0 w
0x
0y
1z
#15220000
0#
0p
#15225000
1#
1p
b0 v
0u
0s
1t
1r
#15225001
0c
1b
#15230000
0#
0p
#15235000
1#
1p
#15235001
1c
#15237000
1o
1m
1l
1i
0g
b1011 w
#15240000
0#
0p
#15245000
1#
1p
b1011 v
0r
#15245001
0c
0b
0a
0`
1_
#15250000
0#
0p
#15255000
1#
1p
#15255001
1c
#15257000
0n
0m
1j
0f
b0 w
b1001 w
1x
1y
0z
#15260000
0#
0p
#15265000
1#
1p
b1001 v
1u
1s
0t
#15265001
0c
1b
#15270000
0#
0p
#15275000
1#
1p
#15275001
1c
#15277000
1n
1m
1g
1f
b0 w
b1111 w
0x
0y
1z
#15280000
0#
0p
#15285000
1#
1p
b1111 v
0u
0s
1t
#15285001
0c
0b
1a
#15290000
0#
0p
#15295000
1#
1p
#15295001
1c
#15297000
0n
0m
0l
0j
0i
0h
0g
0f
b0 w
1y
0z
#15300000
0#
0p
#15305000
1#
1p
b0 v
1s
0t
1r
#15305001
0c
1b
#15310000
0#
0p
#15315000
1#
1p
#15315001
1c
#15317000
0o
1k
b100 w
#15320000
0#
0p
#15325000
1#
1p
b100 v
0r
#15325001
0c
0b
0a
1`
#15330000
0#
0p
#15335000
1#
1p
#15335001
1c
#15337000
1n
1m
1l
1j
1i
1h
1g
1f
b0 w
b1111 w
0y
1z
#15340000
0#
0p
#15345000
1#
1p
b1111 v
0s
1t
#15345001
0c
1b
#15350000
0#
0p
#15355000
1#
1p
#15355001
1c
#15357000
0m
0l
0j
0h
0g
0f
b0 w
#15360000
0#
0p
#15365000
1#
1p
b0 v
1r
#15365001
0c
0b
1a
#15370000
0#
0p
#15375000
1#
1p
#15375001
1c
#15377000
1o
0k
0i
1g
b100 w
#15380000
0#
0p
#15385000
1#
1p
b100 v
0r
#15385001
0c
1b
#15390000
0#
0p
#15395000
1#
1p
#15395001
1c
#15397000
1m
1l
1k
1j
1h
0g
b0 w
b1111 w
#15400000
0#
0p
#15405000
1#
1p
b1111 v
#15405001
0c
0b
0a
0`
0_
0^
0]
0\
0[
1Z
#15410000
0#
0p
#15415000
1#
1p
#15415001
1c
#15417000
0o
0h
1g
b0 w
b100 w
#15420000
0#
0p
#15425000
1#
1p
b100 v
#15425001
0c
1b
#15430000
0#
0p
#15435000
1#
1p
#15435001
1c
#15437000
1o
0n
0m
0l
0k
0j
1i
1h
1f
b0 w
b1111 w
1y
0z
#15440000
0#
0p
#15445000
1#
1p
b1111 v
1s
0t
#15445001
0c
0b
1a
#15450000
0#
0p
#15455000
1#
1p
#15455001
1c
#15457000
1m
1l
1k
1j
0i
0g
0f
b0 w
b11 w
1x
#15460000
0#
0p
#15465000
1#
1p
b11 v
1u
#15465001
0c
1b
#15470000
0#
0p
#15475000
1#
1p
#15475001
1c
#15477000
0o
1n
0m
0l
0j
1i
1g
1f
b0 w
b100 w
0x
0y
1z
#15480000
0#
0p
#15485000
1#
1p
b100 v
0u
0s
1t
#15485001
0c
0b
0a
1`
#15490000
0#
0p
#15495000
1#
1p
#15495001
1c
#15497000
0k
0i
0h
0g
b0 w
#15500000
0#
0p
#15505000
1#
1p
b0 v
1r
#15505001
0c
1b
#15510000
0#
0p
#15515000
1#
1p
#15515001
1c
#15517000
0n
1j
1g
b100 w
1x
1y
0z
#15520000
0#
0p
#15525000
1#
1p
b100 v
1u
1s
0t
0r
#15525001
0c
0b
1a
#15530000
0#
0p
#15535000
1#
1p
#15535001
1c
#15537000
1m
1l
1k
1i
1h
0g
0f
b0 w
b10 w
#15540000
0#
0p
#15545000
1#
1p
b10 v
#15545001
0c
1b
#15550000
0#
0p
#15555000
1#
1p
#15555001
1c
#15557000
1o
0m
0k
0i
0h
1g
1f
b0 w
b10 w
0x
#15560000
0#
0p
#15565000
1#
1p
0u
#15565001
0c
0b
0a
0`
1_
#15570000
0#
0p
#15575000
1#
1p
#15575001
1c
#15577000
0o
1n
1m
1k
0g
0f
b0 w
0y
1z
#15580000
0#
0p
#15585000
1#
1p
b0 v
0s
1t
1r
#15585001
0c
1b
#15590000
0#
0p
#15595000
1#
1p
#15595001
1c
#15597000
0n
0l
0k
1i
1h
1f
b100 w
1x
1y
0z
#15600000
0#
0p
#15605000
1#
1p
b100 v
1u
1s
0t
0r
#15605001
0c
0b
1a
#15610000
0#
0p
#15615000
1#
1p
#15615001
1c
#15617000
1o
1l
1k
0h
0f
b0 w
b10 w
#15620000
0#
0p
#15625000
1#
1p
b10 v
#15625001
0c
1b
#15630000
0#
0p
#15635000
1#
1p
#15635001
1c
#15637000
0l
0k
1g
1f
b0 w
b100 w
0x
#15640000
0#
0p
#15645000
1#
1p
b100 v
0u
#15645001
0c
0b
0a
1`
#15650000
0#
0p
#15655000
1#
1p
#15655001
1c
#15657000
1n
0m
1k
0i
0g
b0 w
b1100 w
0y
1z
#15660000
0#
0p
#15665000
1#
1p
b1100 v
0s
1t
#15665001
0c
1b
#15670000
0#
0p
#15675000
1#
1p
#15675001
1c
#15677000
0o
0n
0k
0j
0f
b0 w
1y
0z
#15680000
0#
0p
#15685000
1#
1p
b0 v
1s
0t
1r
#15685001
0c
0b
1a
#15690000
0#
0p
#15695000
1#
1p
#15695001
1c
#15697000
1o
1l
1k
1j
1i
1f
b1011 w
1x
#15700000
0#
0p
#15705000
1#
1p
b1011 v
1u
0r
#15705001
0c
1b
#15710000
0#
0p
#15715000
1#
1p
#15715001
1c
#15717000
0o
1n
1m
1h
1g
b0 w
b1111 w
0x
0y
1z
#15720000
0#
0p
#15725000
1#
1p
b1111 v
0u
0s
1t
#15725001
0c
0b
0a
0`
0_
1^
#15730000
0#
0p
#15735000
1#
1p
#15735001
1c
#15737000
1o
0n
0g
0f
b0 w
b100 w
1x
1y
0z
#15740000
0#
0p
#15745000
1#
1p
b100 v
1u
1s
0t
#15745001
0c
1b
#15750000
0#
0p
#15755000
1#
1p
#15755001
1c
#15757000
0o
0l
0k
0i
0h
b0 w
b1001 w
0x
#15760000
0#
0p
#15765000
1#
1p
b1001 v
0u
#15765001
0c
0b
1a
#15770000
0#
0p
#15775000
1#
1p
#15775001
1c
#15777000
1n
1k
0j
1h
1f
b0 w
0y
1z
#15780000
0#
0p
#15785000
1#
1p
b0 v
0s
1t
1r
#15785001
0c
1b
#15790000
0#
0p
#15795000
1#
1p
#15795001
1c
#15797000
1o
0n
0m
0k
1i
1g
b1111 w
1y
0z
#15800000
0#
0p
#15805000
1#
1p
b1111 v
1s
0t
0r
#15805001
0c
0b
0a
1`
#15810000
0#
0p
#15815000
1#
1p
#15815001
1c
#15817000
0o
1n
1j
0i
0h
0g
0f
b0 w
0y
1z
#15820000
0#
0p
#15825000
1#
1p
b0 v
0s
1t
1r
#15825001
0c
1b
#15830000
0#
0p
#15835000
1#
1p
#15835001
1c
#15837000
1o
0j
1i
1h
1g
1f
b1111 w
#15840000
0#
0p
#15845000
1#
1p
b1111 v
0r
#15845001
0c
0b
1a
#15850000
0#
0p
#15855000
1#
1p
#15855001
1c
#15857000
0o
0n
0g
0f
b0 w
b11 w
1y
0z
#15860000
0#
0p
#15865000
1#
1p
b11 v
1s
0t
#15865001
0c
1b
#15870000
0#
0p
#15875000
1#
1p
#15875001
1c
#15877000
1o
1n
1m
1g
1f
b0 w
b1111 w
0y
1z
#15880000
0#
0p
#15885000
1#
1p
b1111 v
0s
1t
#15885001
0c
0b
0a
0`
1_
#15890000
0#
0p
#15895000
1#
1p
#15895001
1c
#15897000
0m
1l
1j
0i
0h
0g
0f
b0 w
b1010 w
#15900000
0#
0p
#15905000
1#
1p
b1010 v
#15905001
0c
1b
#15910000
0#
0p
#15915000
1#
1p
#15915001
1c
#15917000
0o
1k
0j
1i
1h
1g
1f
b0 w
b110 w
#15920000
0#
0p
#15925000
1#
1p
b110 v
#15925001
0c
0b
1a
#15930000
0#
0p
#15935000
1#
1p
#15935001
1c
#15937000
0n
1m
0l
0k
0i
0h
0g
b0 w
b1001 w
1y
0z
#15940000
0#
0p
#15945000
1#
1p
b1001 v
1s
0t
#15945001
0c
1b
#15950000
0#
0p
#15955000
1#
1p
#15955001
1c
#15957000
1o
1l
1k
1j
1g
0f
b0 w
b101 w
1x
#15960000
0#
0p
#15965000
1#
1p
b101 v
1u
#15965001
0c
0b
0a
1`
#15970000
0#
0p
#15975000
1#
1p
#15975001
1c
#15977000
0o
1n
0m
0l
0k
0j
1i
1h
1f
b0 w
0x
0y
1z
#15980000
0#
0p
#15985000
1#
1p
b0 v
0u
0s
1t
1r
#15985001
0c
1b
#15990000
0#
0p
#15995000
1#
1p
#15995001
1c
#15997000
0n
1k
1j
0g
b111 w
1x
1y
0z
#16000000
0#
0p
#16005000
1#
1p
b111 v
1u
1s
0t
0r
#16005001
0c
0b
1a
#16010000
0#
0p
#16015000
1#
1p
#16015001
1c
#16017000
1o
1m
1l
0k
0j
0i
b0 w
b111 w
0x
#16020000
0#
0p
#16025000
1#
1p
0u
#16025001
0c
1b
#16030000
0#
0p
#16035000
1#
1p
#16035001
1c
#16037000
0o
0m
1i
0f
b0 w
b101 w
#16040000
0#
0p
#16045000
1#
1p
b101 v
#16045001
0c
0b
0a
0`
0_
0^
1]
#16050000
0#
0p
#16055000
1#
1p
#16055001
1c
#16057000
0l
0h
1f
b0 w
b1001 w
#16060000
0#
0p
#16065000
1#
1p
b1001 v
#16065001
0c
1b
#16070000
0#
0p
#16075000
1#
1p
#16075001
1c
#16077000
1n
1m
1l
1k
1j
0i
0f
b0 w
0y
1z
#16080000
0#
0p
#16085000
1#
1p
b0 v
0s
1t
1r
#16085001
0c
0b
1a
#16090000
0#
0p
#16095000
1#
1p
#16095001
1c
#16097000
1o
0m
0l
0k
0j
#16100000
0#
0p
#16105000
1#
1p
#16105001
0c
1b
#16110000
0#
0p
#16115000
1#
1p
#16115001
1c
#16117000
0o
0n
1m
1k
1j
1i
1f
b110 w
1x
1y
0z
#16120000
0#
0p
#16125000
1#
1p
b110 v
1u
1s
0t
0r
#16125001
0c
0b
0a
1`
#16130000
0#
0p
#16135000
1#
1p
#16135001
1c
#16137000
1o
1n
1l
0k
0j
1h
1g
b0 w
b1111 w
0x
0y
1z
#16140000
0#
0p
#16145000
1#
1p
b1111 v
0u
0s
1t
#16145001
0c
1b
#16150000
0#
0p
#16155000
1#
1p
#16155001
1c
#16157000
0o
0n
1k
1j
b0 w
b1110 w
1x
1y
0z
#16160000
0#
0p
#16165000
1#
1p
b1110 v
1u
1s
0t
#16165001
0c
0b
1a
#16170000
0#
0p
#16175000
1#
1p
#16175001
1c
#16177000
0m
0l
0k
0j
b0 w
b1111 w
0x
#16180000
0#
0p
#16185000
1#
1p
b1111 v
0u
#16185001
0c
1b
#16190000
0#
0p
#16195000
1#
1p
#16195001
1c
#16197000
1o
1l
1k
0h
b0 w
b111 w
#16200000
0#
0p
#16205000
1#
1p
b111 v
#16205001
0c
0b
0a
0`
1_
#16210000
0#
0p
#16215000
1#
1p
#16215001
1c
#16217000
0o
1n
0l
0k
1h
b0 w
0y
1z
#16220000
0#
0p
#16225000
1#
1p
b0 v
0s
1t
1r
#16225001
0c
1b
#16230000
0#
0p
#16235000
1#
1p
#16235001
1c
#16237000
1o
0n
1m
1k
0f
b10 w
1y
0z
#16240000
0#
0p
#16245000
1#
1p
b10 v
1s
0t
0r
#16245001
0c
0b
1a
#16250000
0#
0p
#16255000
1#
1p
#16255001
1c
#16257000
0o
1n
0m
0k
1j
1f
b0 w
b1000 w
0y
1z
#16260000
0#
0p
#16265000
1#
1p
b1000 v
0s
1t
#16265001
0c
1b
#16270000
0#
0p
#16275000
1#
1p
#16275001
1c
#16277000
1o
0n
1m
1l
1k
0j
0g
0f
b0 w
b1100 w
1x
1y
0z
#16280000
0#
0p
#16285000
1#
1p
b1100 v
1u
1s
0t
#16285001
0c
0b
0a
1`
#16290000
0#
0p
#16295000
1#
1p
#16295001
1c
#16297000
0l
0k
1g
1f
b0 w
b1110 w
0x
#16300000
0#
0p
#16305000
1#
1p
b1110 v
0u
#16305001
0c
1b
#16310000
0#
0p
#16315000
1#
1p
#16315001
1c
#16317000
0o
0m
0i
0h
0f
b0 w
b100 w
#16320000
0#
0p
#16325000
1#
1p
b100 v
#16325001
0c
0b
1a
#16330000
0#
0p
#16335000
1#
1p
#16335001
1c
#16337000
1n
1m
1l
1k
1j
1h
b0 w
b110 w
0y
1z
#16340000
0#
0p
#16345000
1#
1p
b110 v
0s
1t
#16345001
0c
1b
#16350000
0#
0p
#16355000
1#
1p
#16355001
1c
#16357000
0n
0m
0k
0j
1i
1f
b0 w
b1 w
1x
1y
0z
#16360000
0#
0p
#16365000
1#
1p
b1 v
1u
1s
0t
#16365001
0c
0b
0a
0`
0_
1^
#16370000
0#
0p
#16375000
1#
1p
#16375001
1c
#16377000
1o
1n
1m
0l
1j
0i
0h
0g
0f
b0 w
b1001 w
0x
0y
1z
#16380000
0#
0p
#16385000
1#
1p
b1001 v
0u
0s
1t
#16385001
0c
1b
#16390000
0#
0p
#16395000
1#
1p
#16395001
1c
#16397000
0n
1i
1g
1f
b0 w
b100 w
1y
0z
#16400000
0#
0p
#16405000
1#
1p
b100 v
1s
0t
#16405001
0c
0b
1a
#16410000
0#
0p
#16415000
1#
1p
#16415001
1c
#16417000
1k
0j
0i
1h
0g
0f
b0 w
b1101 w
1x
#16420000
0#
0p
#16425000
1#
1p
b1101 v
1u
#16425001
0c
1b
#16430000
0#
0p
#16435000
1#
1p
#16435001
1c
#16437000
0o
0m
0h
b0 w
b100 w
0x
#16440000
0#
0p
#16445000
1#
1p
b100 v
0u
#16445001
0c
0b
0a
1`
#16450000
0#
0p
#16455000
1#
1p
#16455001
1c
#16457000
1o
1n
0k
b0 w
0y
1z
#16460000
0#
0p
#16465000
1#
1p
b0 v
0s
1t
1r
#16465001
0c
1b
#16470000
0#
0p
#16475000
1#
1p
#16475001
1c
#16477000
1m
1j
1i
1g
b1101 w
#16480000
0#
0p
#16485000
1#
1p
b1101 v
0r
#16485001
0c
0b
1a
#16490000
0#
0p
#16495000
1#
1p
#16495001
1c
#16497000
1k
1h
1f
b0 w
b1111 w
#16500000
0#
0p
#16505000
1#
1p
b1111 v
#16505001
0c
1b
#16510000
0#
0p
#16515000
1#
1p
#16515001
1c
#16517000
0m
0k
b0 w
b1111 w
#16520000
0#
0p
#16525000
1#
1p
#16525001
0c
0b
0a
0`
1_
#16530000
0#
0p
#16535000
1#
1p
#16535001
1c
#16537000
0n
1m
1k
0h
0f
b0 w
b1000 w
1x
1y
0z
#16540000
0#
0p
#16545000
1#
1p
b1000 v
1u
1s
0t
#16545001
0c
1b
#16550000
0#
0p
#16555000
1#
1p
#16555001
1c
#16557000
0o
1n
0m
0j
0i
0g
b0 w
0x
0y
1z
#16560000
0#
0p
#16565000
1#
1p
b0 v
0u
0s
1t
1r
#16565001
0c
0b
1a
#16570000
0#
0p
#16575000
1#
1p
#16575001
1c
#16577000
1o
1l
0k
1i
1h
1g
1f
b1111 w
#16580000
0#
0p
#16585000
1#
1p
b1111 v
0r
#16585001
0c
1b
#16590000
0#
0p
#16595000
1#
1p
#16595001
1c
#16597000
0n
1m
0l
1k
0i
b0 w
b1001 w
1y
0z
#16600000
0#
0p
#16605000
1#
1p
b1001 v
1s
0t
#16605001
0c
0b
0a
1`
#16610000
0#
0p
#16615000
1#
1p
#16615001
1c
#16617000
0o
0m
1j
0h
0g
0f
b0 w
b1100 w
#16620000
0#
0p
#16625000
1#
1p
b1100 v
#16625001
0c
1b
#16630000
0#
0p
#16635000
1#
1p
#16635001
1c
#16637000
1n
1g
1f
b0 w
b1100 w
0y
1z
#16640000
0#
0p
#16645000
1#
1p
0s
1t
#16645001
0c
0b
1a
#16650000
0#
0p
#16655000
1#
1p
#16655001
1c
#16657000
1o
0n
0k
0j
1i
1h
b0 w
b1111 w
1y
0z
#16660000
0#
0p
#16665000
1#
1p
b1111 v
1s
0t
#16665001
0c
1b
#16670000
0#
0p
#16675000
1#
1p
#16675001
1c
#16677000
1m
1l
1k
1j
0h
0g
0f
b0 w
b10 w
1x
#16680000
0#
0p
#16685000
1#
1p
b10 v
1u
#16685001
0c
0b
0a
0`
0_
0^
0]
1\
#16690000
0#
0p
#16695000
1#
1p
#16695001
1c
#16697000
0k
1h
1g
1f
b0 w
b100 w
0x
#16700000
0#
0p
#16705000
1#
1p
b100 v
0u
#16705001
0c
1b
#16710000
0#
0p
#16715000
1#
1p
#16715001
1c
#16717000
0o
0m
0l
0j
0i
b0 w
b1110 w
#16720000
0#
0p
#16725000
1#
1p
b1110 v
#16725001
0c
0b
1a
#16730000
0#
0p
#16735000
1#
1p
#16735001
1c
#16737000
1n
1m
1l
1k
1j
0h
0g
0f
b0 w
0y
1z
#16740000
0#
0p
#16745000
1#
1p
b0 v
0s
1t
1r
#16745001
0c
1b
#16750000
0#
0p
#16755000
1#
1p
#16755001
1c
#16757000
1o
1g
b1111 w
#16760000
0#
0p
#16765000
1#
1p
b1111 v
0r
#16765001
0c
0b
0a
1`
#16770000
0#
0p
#16775000
1#
1p
#16775001
1c
#16777000
0m
0l
0k
0j
1i
1h
0g
b0 w
b11 w
#16780000
0#
0p
#16785000
1#
1p
b11 v
#16785001
0c
1b
#16790000
0#
0p
#16795000
1#
1p
#16795001
1c
#16797000
0o
0n
1k
0i
0h
b0 w
b100 w
1y
0z
#16800000
0#
0p
#16805000
1#
1p
b100 v
1s
0t
#16805001
0c
0b
1a
#16810000
0#
0p
#16815000
1#
1p
#16815001
1c
#16817000
1o
1l
1j
1i
1h
1g
1f
b0 w
b1 w
#16820000
0#
0p
#16825000
1#
1p
b1 v
#16825001
0c
1b
#16830000
0#
0p
#16835000
1#
1p
#16835001
1c
#16837000
0k
0j
0h
0f
b0 w
b11 w
#16840000
0#
0p
#16845000
1#
1p
b11 v
#16845001
0c
0b
0a
0`
1_
#16850000
0#
0p
#16855000
1#
1p
#16855001
1c
#16857000
1n
0l
0i
1h
b0 w
b110 w
0y
1z
#16860000
0#
0p
#16865000
1#
1p
b110 v
0s
1t
#16865001
0c
1b
#16870000
0#
0p
#16875000
1#
1p
#16875001
1c
#16877000
1m
1l
1j
b0 w
b1111 w
#16880000
0#
0p
#16885000
1#
1p
b1111 v
#16885001
0c
0b
1a
#16890000
0#
0p
#16895000
1#
1p
#16895001
1c
#16897000
0n
0m
0l
1k
1i
1f
b0 w
b11 w
1y
0z
#16900000
0#
0p
#16905000
1#
1p
b11 v
1s
0t
#16905001
0c
1b
#16910000
0#
0p
#16915000
1#
1p
#16915001
1c
#16917000
0o
1n
1m
1l
0k
0j
0i
b0 w
b10 w
0y
1z
#16920000
0#
0p
#16925000
1#
1p
b10 v
0s
1t
#16925001
0c
0b
0a
1`
#16930000
0#
0p
#16935000
1#
1p
#16935001
1c
#16937000
0h
b0 w
#16940000
0#
0p
#16945000
1#
1p
b0 v
1r
#16945001
0c
1b
#16950000
0#
0p
#16955000
1#
1p
#16955001
1c
#16957000
0n
0m
0l
b1100 w
1y
0z
#16960000
0#
0p
#16965000
1#
1p
b1100 v
1s
0t
0r
#16965001
0c
0b
1a
#16970000
0#
0p
#16975000
1#
1p
#16975001
1c
#16977000
1o
1l
1k
1i
0g
0f
b0 w
b1011 w
1x
#16980000
0#
0p
#16985000
1#
1p
b1011 v
1u
#16985001
0c
1b
#16990000
0#
0p
#16995000
1#
1p
#16995001
1c
#16997000
0o
1n
0l
0k
0i
1h
b0 w
0x
0y
1z
#17000000
0#
0p
#17005000
1#
1p
b0 v
0u
0s
1t
1r
#17005001
0c
0b
0a
0`
0_
1^
#17010000
0#
0p
#17015000
1#
1p
#17015001
1c
#17017000
1o
0n
1l
1j
1i
1g
1f
b101 w
1y
0z
#17020000
0#
0p
#17025000
1#
1p
b101 v
1s
0t
0r
#17025001
0c
1b
#17030000
0#
0p
#17035000
1#
1p
#17035001
1c
#17037000
1m
0l
1k
0i
0f
b0 w
b1001 w
1x
#17040000
0#
0p
#17045000
1#
1p
b1001 v
1u
#17045001
0c
0b
1a
#17050000
0#
0p
#17055000
1#
1p
#17055001
1c
#17057000
0o
1n
0m
0j
1i
0h
0g
b0 w
0x
0y
1z
#17060000
0#
0p
#17065000
1#
1p
b0 v
0u
0s
1t
1r
#17065001
0c
1b
#17070000
0#
0p
#17075000
1#
1p
#17075001
1c
#17077000
1o
1m
1l
1j
0i
1h
b1111 w
#17080000
0#
0p
#17085000
1#
1p
b1111 v
0r
#17085001
0c
0b
0a
1`
#17090000
0#
0p
#17095000
1#
1p
#17095001
1c
#17097000
0o
0n
0m
0j
1i
0h
b0 w
b111 w
1y
0z
#17100000
0#
0p
#17105000
1#
1p
b111 v
1s
0t
#17105001
0c
1b
#17110000
0#
0p
#17115000
1#
1p
#17115001
1c
#17117000
1o
1n
1m
0i
1h
b0 w
b111 w
0y
1z
#17120000
0#
0p
#17125000
1#
1p
0s
1t
#17125001
0c
0b
1a
#17130000
0#
0p
#17135000
1#
1p
#17135001
1c
#17137000
0o
0l
0k
1j
1i
1g
1f
b0 w
b1001 w
#17140000
0#
0p
#17145000
1#
1p
b1001 v
#17145001
0c
1b
#17150000
0#
0p
#17155000
1#
1p
#17155001
1c
#17157000
1k
0i
0h
0g
b0 w
b1000 w
#17160000
0#
0p
#17165000
1#
1p
b1000 v
#17165001
0c
0b
0a
0`
1_
#17170000
0#
0p
#17175000
1#
1p
#17175001
1c
#17177000
1l
1i
1h
1g
b0 w
b1111 w
#17180000
0#
0p
#17185000
1#
1p
b1111 v
#17185001
0c
1b
#17190000
0#
0p
#17195000
1#
1p
#17195001
1c
#17197000
0m
0l
0j
0i
0g
b0 w
#17200000
0#
0p
#17205000
1#
1p
b0 v
1r
#17205001
0c
0b
1a
#17210000
0#
0p
#17215000
1#
1p
#17215001
1c
#17217000
1m
1l
1j
1i
1g
b1111 w
#17220000
0#
0p
#17225000
1#
1p
b1111 v
0r
#17225001
0c
1b
#17230000
0#
0p
#17235000
1#
1p
#17235001
1c
#17237000
0n
0g
0f
b0 w
b10 w
1x
1y
0z
#17240000
0#
0p
#17245000
1#
1p
b10 v
1u
1s
0t
#17245001
0c
0b
0a
1`
#17250000
0#
0p
#17255000
1#
1p
#17255001
1c
#17257000
1o
0l
0k
0i
0h
b0 w
b111 w
#17260000
0#
0p
#17265000
1#
1p
b111 v
#17265001
0c
1b
#17270000
0#
0p
#17275000
1#
1p
#17275001
1c
#17277000
0m
0j
b0 w
0x
#17280000
0#
0p
#17285000
1#
1p
b0 v
0u
1r
#17285001
0c
0b
1a
#17290000
0#
0p
#17295000
1#
1p
#17295001
1c
#17297000
0o
1m
1k
1h
1g
1f
b11 w
1x
#17300000
0#
0p
#17305000
1#
1p
b11 v
1u
0r
#17305001
0c
1b
#17310000
0#
0p
#17315000
1#
1p
#17315001
1c
#17317000
1n
1j
0h
0g
0f
b0 w
0x
0y
1z
#17320000
0#
0p
#17325000
1#
1p
b0 v
0u
0s
1t
1r
#17325001
0c
0b
0a
0`
0_
0^
1]
#17330000
0#
0p
#17335000
1#
1p
#17335001
1c
#17337000
1o
0n
0m
1l
1i
1f
b1011 w
1x
1y
0z
#17340000
0#
0p
#17345000
1#
1p
b1011 v
1u
1s
0t
0r
#17345001
0c
1b
#17350000
0#
0p
#17355000
1#
1p
#17355001
1c
#17357000
0o
1m
1g
0f
b0 w
b100 w
#17360000
0#
0p
#17365000
1#
1p
b100 v
#17365001
0c
0b
1a
#17370000
0#
0p
#17375000
1#
1p
#17375001
1c
#17377000
1o
1n
0m
0l
0k
0j
0i
1h
0g
1f
b0 w
b1010 w
0x
0y
1z
#17380000
0#
0p
#17385000
1#
1p
b1010 v
0u
0s
1t
#17385001
0c
1b
#17390000
0#
0p
#17395000
1#
1p
#17395001
1c
#17397000
0o
1l
0h
0f
b0 w
#17400000
0#
0p
#17405000
1#
1p
b0 v
1r
#17405001
0c
0b
0a
1`
#17410000
0#
0p
#17415000
1#
1p
#17415001
1c
#17417000
0n
1m
1k
1j
1i
1h
b10 w
1x
1y
0z
#17420000
0#
0p
#17425000
1#
1p
b10 v
1u
1s
0t
0r
#17425001
0c
1b
#17430000
0#
0p
#17435000
1#
1p
#17435001
1c
#17437000
1o
1n
0l
0j
0h
b0 w
b101 w
0x
0y
1z
#17440000
0#
0p
#17445000
1#
1p
b101 v
0u
0s
1t
#17445001
0c
0b
1a
#17450000
0#
0p
#17455000
1#
1p
#17455001
1c
#17457000
0n
1l
0k
b0 w
b1110 w
1x
1y
0z
#17460000
0#
0p
#17465000
1#
1p
b1110 v
1u
1s
0t
#17465001
0c
1b
#17470000
0#
0p
#17475000
1#
1p
#17475001
1c
#17477000
0o
0m
0l
1j
0i
b0 w
b1000 w
0x
#17480000
0#
0p
#17485000
1#
1p
b1000 v
0u
#17485001
0c
0b
0a
0`
1_
#17490000
0#
0p
#17495000
1#
1p
#17495001
1c
#17497000
1o
1m
1k
0j
1i
1h
1g
1f
b0 w
b1010 w
#17500000
0#
0p
#17505000
1#
1p
b1010 v
#17505001
0c
1b
#17510000
0#
0p
#17515000
1#
1p
#17515001
1c
#17517000
0o
1n
0m
1j
0h
0g
b0 w
b1000 w
0y
1z
#17520000
0#
0p
#17525000
1#
1p
b1000 v
0s
1t
#17525001
0c
0b
1a
#17530000
0#
0p
#17535000
1#
1p
#17535001
1c
#17537000
0n
0k
0j
0i
0f
b0 w
1y
0z
#17540000
0#
0p
#17545000
1#
1p
b0 v
1s
0t
1r
#17545001
0c
1b
#17550000
0#
0p
#17555000
1#
1p
#17555001
1c
#17557000
1o
1n
1i
b1 w
0y
1z
#17560000
0#
0p
#17565000
1#
1p
b1 v
0s
1t
0r
#17565001
0c
0b
0a
1`
#17570000
0#
0p
#17575000
1#
1p
#17575001
1c
#17577000
0o
1m
1l
1k
1j
1h
1g
1f
b0 w
b1111 w
#17580000
0#
0p
#17585000
1#
1p
b1111 v
#17585001
0c
1b
#17590000
0#
0p
#17595000
1#
1p
#17595001
1c
#17597000
0n
0l
0k
0h
b0 w
b110 w
1x
1y
0z
#17600000
0#
0p
#17605000
1#
1p
b110 v
1u
1s
0t
#17605001
0c
0b
1a
#17610000
0#
0p
#17615000
1#
1p
#17615001
1c
#17617000
1n
0j
1h
b0 w
b1 w
0x
0y
1z
#17620000
0#
0p
#17625000
1#
1p
b1 v
0u
0s
1t
#17625001
0c
1b
#17630000
0#
0p
#17635000
1#
1p
#17635001
1c
#17637000
1o
0n
0m
1l
1j
0i
0g
b0 w
1y
0z
#17640000
0#
0p
#17645000
1#
1p
b0 v
1s
0t
1r
#17645001
0c
0b
0a
0`
0_
1^
#17650000
0#
0p
#17655000
1#
1p
#17655001
1c
#17657000
0l
0j
1i
1g
b1111 w
#17660000
0#
0p
#17665000
1#
1p
b1111 v
0r
#17665001
0c
1b
#17670000
0#
0p
#17675000
1#
1p
#17675001
1c
#17677000
1n
b0 w
b1111 w
0y
1z
#17680000
0#
0p
#17685000
1#
1p
0s
1t
#17685001
0c
0b
1a
#17690000
0#
0p
#17695000
1#
1p
#17695001
1c
#17697000
0o
0n
1m
1l
1k
1j
0i
0h
0g
b0 w
b111 w
1x
1y
0z
#17700000
0#
0p
#17705000
1#
1p
b111 v
1u
1s
0t
#17705001
0c
1b
#17710000
0#
0p
#17715000
1#
1p
#17715001
1c
#17717000
1o
1n
0m
0l
0k
0j
0f
b0 w
0x
0y
1z
#17720000
0#
0p
#17725000
1#
1p
b0 v
0u
0s
1t
1r
#17725001
0c
0b
0a
1`
#17730000
0#
0p
#17735000
1#
1p
#17735001
1c
#17737000
0o
1l
1k
1j
#17740000
0#
0p
#17745000
1#
1p
#17745001
0c
1b
#17750000
0#
0p
#17755000
1#
1p
#17755001
1c
#17757000
0n
0l
1i
1h
1f
b111 w
1x
1y
0z
#17760000
0#
0p
#17765000
1#
1p
b111 v
1u
1s
0t
0r
#17765001
0c
0b
1a
#17770000
0#
0p
#17775000
1#
1p
#17775001
1c
#17777000
1n
0k
0j
0i
0h
0f
b0 w
0x
0y
1z
#17780000
0#
0p
#17785000
1#
1p
b0 v
0u
0s
1t
1r
#17785001
0c
1b
#17790000
0#
0p
#17795000
1#
1p
#17795001
1c
#17797000
1m
1l
1k
1j
1i
1h
1g
1f
b1111 w
#17800000
0#
0p
#17805000
1#
1p
b1111 v
0r
#17805001
0c
0b
0a
0`
1_
#17810000
0#
0p
#17815000
1#
1p
#17815001
1c
#17817000
1o
0n
0m
0k
0j
0i
0h
0g
b0 w
b110 w
1y
0z
#17820000
0#
0p
#17825000
1#
1p
b110 v
1s
0t
#17825001
0c
1b
#17830000
0#
0p
#17835000
1#
1p
#17835001
1c
#17837000
0o
1n
0l
1k
1j
1h
b0 w
b1000 w
0y
1z
#17840000
0#
0p
#17845000
1#
1p
b1000 v
0s
1t
#17845001
0c
0b
1a
#17850000
0#
0p
#17855000
1#
1p
#17855001
1c
#17857000
0f
b0 w
#17860000
0#
0p
#17865000
1#
1p
b0 v
1r
#17865001
0c
1b
#17870000
0#
0p
#17875000
1#
1p
#17875001
1c
#17877000
0k
0j
0h
1g
#17880000
0#
0p
#17885000
1#
1p
#17885001
0c
0b
0a
1`
#17890000
0#
0p
#17895000
1#
1p
#17895001
1c
#17897000
1o
0n
1m
1l
1k
1j
1i
1h
0g
1f
b1100 w
1x
1y
0z
#17900000
0#
0p
#17905000
1#
1p
b1100 v
1u
1s
0t
0r
#17905001
0c
1b
#17910000
0#
0p
#17915000
1#
1p
#17915001
1c
#17917000
0o
1n
0m
0k
0j
0f
b0 w
b10 w
0x
0y
1z
#17920000
0#
0p
#17925000
1#
1p
b10 v
0u
0s
1t
#17925001
0c
0b
1a
#17930000
0#
0p
#17935000
1#
1p
#17935001
1c
#17937000
1o
0n
1j
0h
1f
b0 w
b1111 w
1x
1y
0z
#17940000
0#
0p
#17945000
1#
1p
b1111 v
1u
1s
0t
#17945001
0c
1b
#17950000
0#
0p
#17955000
1#
1p
#17955001
1c
#17957000
1m
1k
1h
1g
b0 w
0x
#17960000
0#
0p
#17965000
1#
1p
b0 v
0u
1r
#17965001
0c
0b
0a
0`
0_
0^
0]
0\
1[
#17970000
0#
0p
#17975000
1#
1p
#17975001
1c
#17977000
1n
0j
0i
0h
0f
b111 w
0y
1z
#17980000
0#
0p
#17985000
1#
1p
b111 v
0s
1t
0r
#17985001
0c
1b
#17990000
0#
0p
#17995000
1#
1p
#17995001
1c
#17997000
0m
0l
0k
b0 w
b100 w
#18000000
0#
0p
#18005000
1#
1p
b100 v
#18005001
0c
0b
1a
#18010000
0#
0p
#18015000
1#
1p
#18015001
1c
#18017000
0n
1m
1k
0g
b0 w
b1011 w
1x
1y
0z
#18020000
0#
0p
#18025000
1#
1p
b1011 v
1u
1s
0t
#18025001
0c
1b
#18030000
0#
0p
#18035000
1#
1p
#18035001
1c
#18037000
0k
b0 w
b1111 w
#18040000
0#
0p
#18045000
1#
1p
b1111 v
#18045001
0c
0b
0a
1`
#18050000
0#
0p
#18055000
1#
1p
#18055001
1c
#18057000
1i
1h
1f
b0 w
b1010 w
0x
#18060000
0#
0p
#18065000
1#
1p
b1010 v
0u
#18065001
0c
1b
#18070000
0#
0p
#18075000
1#
1p
#18075001
1c
#18077000
0o
1n
0m
b0 w
0y
1z
#18080000
0#
0p
#18085000
1#
1p
b0 v
0s
1t
1r
#18085001
0c
0b
1a
#18090000
0#
0p
#18095000
1#
1p
#18095001
1c
#18097000
1l
1k
0i
0h
0f
#18100000
0#
0p
#18105000
1#
1p
#18105001
0c
1b
#18110000
0#
0p
#18115000
1#
1p
#18115001
1c
#18117000
1o
0n
1m
0l
1j
1h
b101 w
1x
1y
0z
#18120000
0#
0p
#18125000
1#
1p
b101 v
1u
1s
0t
0r
#18125001
0c
0b
0a
0`
1_
#18130000
0#
0p
#18135000
1#
1p
#18135001
1c
#18137000
0o
0k
0j
1i
1g
b0 w
b1000 w
0x
#18140000
0#
0p
#18145000
1#
1p
b1000 v
0u
#18145001
0c
1b
#18150000
0#
0p
#18155000
1#
1p
#18155001
1c
#18157000
1o
0m
1k
1j
0i
1f
b0 w
b10 w
#18160000
0#
0p
#18165000
1#
1p
b10 v
#18165001
0c
0b
1a
#18170000
0#
0p
#18175000
1#
1p
#18175001
1c
#18177000
0o
1n
1m
1i
b0 w
b1101 w
0y
1z
#18180000
0#
0p
#18185000
1#
1p
b1101 v
0s
1t
#18185001
0c
1b
#18190000
0#
0p
#18195000
1#
1p
#18195001
1c
#18197000
1l
0k
0i
0h
0g
0f
b0 w
#18200000
0#
0p
#18205000
1#
1p
b0 v
1r
#18205001
0c
0b
0a
1`
#18210000
0#
0p
#18215000
1#
1p
#18215001
1c
#18217000
0n
0l
1h
1g
b1111 w
1y
0z
#18220000
0#
0p
#18225000
1#
1p
b1111 v
1s
0t
0r
#18225001
0c
1b
#18230000
0#
0p
#18235000
1#
1p
#18235001
1c
#18237000
1n
0m
0j
0h
b0 w
0y
1z
#18240000
0#
0p
#18245000
1#
1p
b0 v
0s
1t
1r
#18245001
0c
0b
1a
#18250000
0#
0p
#18255000
1#
1p
#18255001
1c
#18257000
1m
1l
1k
1j
1h
0g
1f
b1010 w
#18260000
0#
0p
#18265000
1#
1p
b1010 v
0r
#18265001
0c
1b
#18270000
0#
0p
#18275000
1#
1p
#18275001
1c
#18277000
0n
0l
0k
0h
b0 w
b1 w
1x
1y
0z
#18280000
0#
0p
#18285000
1#
1p
b1 v
1u
1s
0t
#18285001
0c
0b
0a
0`
0_
1^
#18290000
0#
0p
#18295000
1#
1p
#18295001
1c
#18297000
1n
1k
1i
1g
0f
b0 w
b101 w
0x
0y
1z
#18300000
0#
0p
#18305000
1#
1p
b101 v
0u
0s
1t
#18305001
0c
1b
#18310000
0#
0p
#18315000
1#
1p
#18315001
1c
#18317000
1o
0m
0k
0j
1h
b0 w
b111 w
#18320000
0#
0p
#18325000
1#
1p
b111 v
#18325001
0c
0b
1a
#18330000
0#
0p
#18335000
1#
1p
#18335001
1c
#18337000
0i
0h
0g
1f
b0 w
b1000 w
#18340000
0#
0p
#18345000
1#
1p
b1000 v
#18345001
0c
1b
#18350000
0#
0p
#18355000
1#
1p
#18355001
1c
#18357000
1m
1l
1k
1j
1i
1h
1g
b0 w
b1111 w
#18360000
0#
0p
#18365000
1#
1p
b1111 v
#18365001
0c
0b
0a
1`
#18370000
0#
0p
#18375000
1#
1p
#18375001
1c
#18377000
0o
0n
0l
0k
0j
0i
0h
0f
b0 w
b101 w
1y
0z
#18380000
0#
0p
#18385000
1#
1p
b101 v
1s
0t
#18385001
0c
1b
#18390000
0#
0p
#18395000
1#
1p
#18395001
1c
#18397000
1o
1n
0m
1j
1i
1h
1f
b0 w
b1111 w
0y
1z
#18400000
0#
0p
#18405000
1#
1p
b1111 v
0s
1t
#18405001
0c
0b
1a
#18410000
0#
0p
#18415000
1#
1p
#18415001
1c
#18417000
0o
1l
0i
0h
0g
0f
b0 w
#18420000
0#
0p
#18425000
1#
1p
b0 v
1r
#18425001
0c
1b
#18430000
0#
0p
#18435000
1#
1p
#18435001
1c
#18437000
1o
0n
0l
1k
1i
1f
b1101 w
1x
1y
0z
#18440000
0#
0p
#18445000
1#
1p
b1101 v
1u
1s
0t
0r
#18445001
0c
0b
0a
0`
1_
#18450000
0#
0p
#18455000
1#
1p
#18455001
1c
#18457000
0o
1n
1m
1l
0i
0f
b0 w
0x
0y
1z
#18460000
0#
0p
#18465000
1#
1p
b0 v
0u
0s
1t
1r
#18465001
0c
1b
#18470000
0#
0p
#18475000
1#
1p
#18475001
1c
#18477000
1g
1f
b1100 w
#18480000
0#
0p
#18485000
1#
1p
b1100 v
0r
#18485001
0c
0b
1a
#18490000
0#
0p
#18495000
1#
1p
#18495001
1c
#18497000
1o
0m
0k
0j
1i
1h
b0 w
b1111 w
#18500000
0#
0p
#18505000
1#
1p
b1111 v
#18505001
0c
1b
#18510000
0#
0p
#18515000
1#
1p
#18515001
1c
#18517000
0n
1m
0l
1k
1j
0i
0h
0g
0f
b0 w
b11 w
1x
1y
0z
#18520000
0#
0p
#18525000
1#
1p
b11 v
1u
1s
0t
#18525001
0c
0b
0a
1`
#18530000
0#
0p
#18535000
1#
1p
#18535001
1c
#18537000
0m
0k
0j
1i
1h
1g
1f
b0 w
b1111 w
0x
#18540000
0#
0p
#18545000
1#
1p
b1111 v
0u
#18545001
0c
1b
#18550000
0#
0p
#18555000
1#
1p
#18555001
1c
#18557000
0o
1n
1k
0h
0g
b0 w
0y
1z
#18560000
0#
0p
#18565000
1#
1p
b0 v
0s
1t
1r
#18565001
0c
0b
1a
#18570000
0#
0p
#18575000
1#
1p
#18575001
1c
#18577000
0k
0i
#18580000
0#
0p
#18585000
1#
1p
#18585001
0c
1b
#18590000
0#
0p
#18595000
1#
1p
#18595001
1c
#18597000
1o
1i
1h
1g
b1111 w
#18600000
0#
0p
#18605000
1#
1p
b1111 v
0r
#18605001
0c
0b
0a
0`
0_
0^
1]
#18610000
0#
0p
#18615000
1#
1p
#18615001
1c
#18617000
0o
1m
1l
1k
1j
b0 w
b1111 w
#18620000
0#
0p
#18625000
1#
1p
#18625001
0c
1b
#18630000
0#
0p
#18635000
1#
1p
#18635001
1c
#18637000
1o
0l
0g
0f
b0 w
b1111 w
#18640000
0#
0p
#18645000
1#
1p
#18645001
0c
0b
1a
#18650000
0#
0p
#18655000
1#
1p
#18655001
1c
#18657000
0o
0k
0i
0h
b0 w
#18660000
0#
0p
#18665000
1#
1p
b0 v
1r
#18665001
0c
1b
#18670000
0#
0p
#18675000
1#
1p
#18675001
1c
#18677000
1o
1l
0j
1i
1h
b11 w
#18680000
0#
0p
#18685000
1#
1p
b11 v
0r
#18685001
0c
0b
0a
1`
#18690000
0#
0p
#18695000
1#
1p
#18695001
1c
#18697000
0o
0n
0m
1g
1f
b0 w
b1 w
1x
1y
0z
#18700000
0#
0p
#18705000
1#
1p
b1 v
1u
1s
0t
#18705001
0c
1b
#18710000
0#
0p
#18715000
1#
1p
#18715001
1c
#18717000
1o
0l
0i
0f
b0 w
b110 w
0x
#18720000
0#
0p
#18725000
1#
1p
b110 v
0u
#18725001
0c
0b
1a
#18730000
0#
0p
#18735000
1#
1p
#18735001
1c
#18737000
1m
1l
1k
1j
1i
0g
1f
b0 w
b1100 w
1x
#18740000
0#
0p
#18745000
1#
1p
b1100 v
1u
#18745001
0c
1b
#18750000
0#
0p
#18755000
1#
1p
#18755001
1c
#18757000
0o
1n
0m
0l
0j
b0 w
0x
0y
1z
#18760000
0#
0p
#18765000
1#
1p
b0 v
0u
0s
1t
1r
#18765001
0c
0b
0a
0`
1_
#18770000
0#
0p
#18775000
1#
1p
#18775001
1c
#18777000
0n
1m
0k
1g
1x
1y
0z
#18780000
0#
0p
#18785000
1#
1p
1u
1s
0t
#18785001
0c
1b
#18790000
0#
0p
#18795000
1#
1p
#18795001
1c
#18797000
1o
1n
1k
0i
0h
0g
0f
b101 w
0x
0y
1z
#18800000
0#
0p
#18805000
1#
1p
b101 v
0u
0s
1t
0r
#18805001
0c
0b
1a
#18810000
0#
0p
#18815000
1#
1p
#18815001
1c
#18817000
0n
1l
0k
1h
b0 w
b1111 w
1x
1y
0z
#18820000
0#
0p
#18825000
1#
1p
b1111 v
1u
1s
0t
#18825001
0c
1b
#18830000
0#
0p
#18835000
1#
1p
#18835001
1c
#18837000
1n
0m
0l
1k
1g
b0 w
b110 w
0x
0y
1z
#18840000
0#
0p
#18845000
1#
1p
b110 v
0u
0s
1t
#18845001
0c
0b
0a
1`
#18850000
0#
0p
#18855000
1#
1p
#18855001
1c
#18857000
1m
0h
0g
b0 w
b101 w
#18860000
0#
0p
#18865000
1#
1p
b101 v
#18865001
0c
1b
#18870000
0#
0p
#18875000
1#
1p
#18875001
1c
#18877000
0o
0n
0m
1l
0k
1j
1i
1h
1f
b0 w
b101 w
1x
1y
0z
#18880000
0#
0p
#18885000
1#
1p
1u
1s
0t
#18885001
0c
0b
1a
#18890000
0#
0p
#18895000
1#
1p
#18895001
1c
#18897000
1o
1m
0j
1g
b0 w
b1100 w
0x
#18900000
0#
0p
#18905000
1#
1p
b1100 v
0u
#18905001
0c
1b
#18910000
0#
0p
#18915000
1#
1p
#18915001
1c
#18917000
0o
0m
0l
0i
0h
0f
b0 w
b100 w
#18920000
0#
0p
#18925000
1#
1p
b100 v
#18925001
0c
0b
0a
0`
0_
1^
#18930000
0#
0p
#18935000
1#
1p
#18935001
1c
#18937000
1o
1i
0g
b0 w
b1 w
#18940000
0#
0p
#18945000
1#
1p
b1 v
#18945001
0c
1b
#18950000
0#
0p
#18955000
1#
1p
#18955001
1c
#18957000
1n
1l
1g
1f
b0 w
b1111 w
0y
1z
#18960000
0#
0p
#18965000
1#
1p
b1111 v
0s
1t
#18965001
0c
0b
1a
#18970000
0#
0p
#18975000
1#
1p
#18975001
1c
#18977000
0o
0n
0l
0i
0f
b0 w
b100 w
1y
0z
#18980000
0#
0p
#18985000
1#
1p
b100 v
1s
0t
#18985001
0c
1b
#18990000
0#
0p
#18995000
1#
1p
#18995001
1c
#18997000
1n
1m
1h
0g
b0 w
0y
1z
#19000000
0#
0p
#19005000
1#
1p
b0 v
0s
1t
1r
#19005001
0c
0b
0a
1`
#19010000
0#
0p
#19015000
1#
1p
#19015001
1c
#19017000
1l
1k
1j
0h
#19020000
0#
0p
#19025000
1#
1p
#19025001
0c
1b
#19030000
0#
0p
#19035000
1#
1p
#19035001
1c
#19037000
0n
0k
1i
1h
b1110 w
1y
0z
#19040000
0#
0p
#19045000
1#
1p
b1110 v
1s
0t
0r
#19045001
0c
0b
1a
#19050000
0#
0p
#19055000
1#
1p
#19055001
1c
#19057000
0m
0l
0j
1g
1f
b0 w
b1111 w
#19060000
0#
0p
#19065000
1#
1p
b1111 v
#19065001
0c
1b
#19070000
0#
0p
#19075000
1#
1p
#19075001
1c
#19077000
1n
0i
0h
0g
0f
b0 w
0y
1z
#19080000
0#
0p
#19085000
1#
1p
b0 v
0s
1t
1r
#19085001
0c
0b
0a
0`
1_
#19090000
0#
0p
#19095000
1#
1p
#19095001
1c
#19097000
1o
1m
1j
1i
1h
b1011 w
#19100000
0#
0p
#19105000
1#
1p
b1011 v
0r
#19105001
0c
1b
#19110000
0#
0p
#19115000
1#
1p
#19115001
1c
#19117000
0o
1l
1k
0i
0h
1g
b0 w
b100 w
#19120000
0#
0p
#19125000
1#
1p
b100 v
#19125001
0c
0b
1a
#19130000
0#
0p
#19135000
1#
1p
#19135001
1c
#19137000
0k
1i
1h
1f
b0 w
b1011 w
#19140000
0#
0p
#19145000
1#
1p
b1011 v
#19145001
0c
1b
#19150000
0#
0p
#19155000
1#
1p
#19155001
1c
#19157000
1k
0h
0f
b0 w
b101 w
#19160000
0#
0p
#19165000
1#
1p
b101 v
#19165001
0c
0b
0a
1`
#19170000
0#
0p
#19175000
1#
1p
#19175001
1c
#19177000
0n
0i
1f
b0 w
b1011 w
1x
1y
0z
#19180000
0#
0p
#19185000
1#
1p
b1011 v
1u
1s
0t
#19185001
0c
1b
#19190000
0#
0p
#19195000
1#
1p
#19195001
1c
#19197000
1o
0m
0l
0k
0j
1i
0f
b0 w
b101 w
0x
#19200000
0#
0p
#19205000
1#
1p
b101 v
0u
#19205001
0c
0b
1a
#19210000
0#
0p
#19215000
1#
1p
#19215001
1c
#19217000
0o
0i
0g
b0 w
#19220000
0#
0p
#19225000
1#
1p
b0 v
1r
#19225001
0c
1b
#19230000
0#
0p
#19235000
1#
1p
#19235001
1c
#19237000
1n
1k
1h
1f
0y
1z
#19240000
0#
0p
#19245000
1#
1p
0s
1t
#19245001
0c
0b
0a
0`
0_
0^
0]
1\
#19250000
0#
0p
#19255000
1#
1p
#19255001
1c
#19257000
1o
0n
0k
1i
0h
b1001 w
1y
0z
#19260000
0#
0p
#19265000
1#
1p
b1001 v
1s
0t
0r
#19265001
0c
1b
#19270000
0#
0p
#19275000
1#
1p
#19275001
1c
#19277000
0o
1n
1m
1l
1k
1j
0i
1g
b0 w
b1100 w
0y
1z
#19280000
0#
0p
#19285000
1#
1p
b1100 v
0s
1t
#19285001
0c
0b
1a
#19290000
0#
0p
#19295000
1#
1p
#19295001
1c
#19297000
0m
0l
0k
0j
0g
0f
b0 w
#19300000
0#
0p
#19305000
1#
1p
b0 v
1r
#19305001
0c
1b
#19310000
0#
0p
#19315000
1#
1p
#19315001
1c
#19317000
0n
1y
0z
#19320000
0#
0p
#19325000
1#
1p
1s
0t
#19325001
0c
0b
0a
1`
#19330000
0#
0p
#19335000
1#
1p
#19335001
1c
#19337000
1n
1m
1k
1j
1i
b1 w
0y
1z
#19340000
0#
0p
#19345000
1#
1p
b1 v
0s
1t
0r
#19345001
0c
1b
#19350000
0#
0p
#19355000
1#
1p
#19355001
1c
#19357000
1o
0m
1l
0i
1h
1g
b0 w
b1110 w
#19360000
0#
0p
#19365000
1#
1p
b1110 v
#19365001
0c
0b
1a
#19370000
0#
0p
#19375000
1#
1p
#19375001
1c
#19377000
1m
1i
1f
b0 w
b1111 w
#19380000
0#
0p
#19385000
1#
1p
b1111 v
#19385001
0c
1b
#19390000
0#
0p
#19395000
1#
1p
#19395001
1c
#19397000
0o
0f
b0 w
b111 w
#19400000
0#
0p
#19405000
1#
1p
b111 v
#19405001
0c
0b
0a
0`
1_
#19410000
0#
0p
#19415000
1#
1p
#19415001
1c
#19417000
0l
1f
b0 w
b1101 w
#19420000
0#
0p
#19425000
1#
1p
b1101 v
#19425001
0c
1b
#19430000
0#
0p
#19435000
1#
1p
#19435001
1c
#19437000
0n
1l
0i
0h
0g
0f
b0 w
b1111 w
1y
0z
#19440000
0#
0p
#19445000
1#
1p
b1111 v
1s
0t
#19445001
0c
0b
1a
#19450000
0#
0p
#19455000
1#
1p
#19455001
1c
#19457000
1n
0l
0k
b0 w
0y
1z
#19460000
0#
0p
#19465000
1#
1p
b0 v
0s
1t
1r
#19465001
0c
1b
#19470000
0#
0p
#19475000
1#
1p
#19475001
1c
#19477000
1o
0n
0m
1k
0j
1i
1h
1f
b111 w
1y
0z
#19480000
0#
0p
#19485000
1#
1p
b111 v
1s
0t
0r
#19485001
0c
0b
0a
1`
#19490000
0#
0p
#19495000
1#
1p
#19495001
1c
#19497000
1m
0k
1j
b0 w
b10 w
#19500000
0#
0p
#19505000
1#
1p
b10 v
#19505001
0c
1b
#19510000
0#
0p
#19515000
1#
1p
#19515001
1c
#19517000
1n
0m
1l
1k
0j
1g
b0 w
b1111 w
0y
1z
#19520000
0#
0p
#19525000
1#
1p
b1111 v
0s
1t
#19525001
0c
0b
1a
#19530000
0#
0p
#19535000
1#
1p
#19535001
1c
#19537000
1m
0l
0k
0i
0h
0g
0f
b0 w
b1 w
#19540000
0#
0p
#19545000
1#
1p
b1 v
#19545001
0c
1b
#19550000
0#
0p
#19555000
1#
1p
#19555001
1c
#19557000
0n
0m
1i
1g
1f
b0 w
b1101 w
1y
0z
#19560000
0#
0p
#19565000
1#
1p
b1101 v
1s
0t
#19565001
0c
0b
0a
0`
0_
1^
#19570000
0#
0p
#19575000
1#
1p
#19575001
1c
#19577000
0o
1n
1m
1l
1j
0g
b0 w
b1001 w
0y
1z
#19580000
0#
0p
#19585000
1#
1p
b1001 v
0s
1t
#19585001
0c
1b
#19590000
0#
0p
#19595000
1#
1p
#19595001
1c
#19597000
1o
0j
1h
b0 w
b1011 w
#19600000
0#
0p
#19605000
1#
1p
b1011 v
#19605001
0c
0b
1a
#19610000
0#
0p
#19615000
1#
1p
#19615001
1c
#19617000
0n
0m
1k
1j
0i
0h
0f
b0 w
b10 w
1x
1y
0z
#19620000
0#
0p
#19625000
1#
1p
b10 v
1u
1s
0t
#19625001
0c
1b
#19630000
0#
0p
#19635000
1#
1p
#19635001
1c
#19637000
0o
1m
1i
1h
1g
1f
b0 w
b1110 w
#19640000
0#
0p
#19645000
1#
1p
b1110 v
#19645001
0c
0b
0a
1`
#19650000
0#
0p
#19655000
1#
1p
#19655001
1c
#19657000
0l
0k
0j
0i
0f
b0 w
b111 w
0x
#19660000
0#
0p
#19665000
1#
1p
b111 v
0u
#19665001
0c
1b
#19670000
0#
0p
#19675000
1#
1p
#19675001
1c
#19677000
1n
0m
1l
1j
0h
0g
b0 w
0y
1z
#19680000
0#
0p
#19685000
1#
1p
b0 v
0s
1t
1r
#19685001
0c
0b
1a
#19690000
0#
0p
#19695000
1#
1p
#19695001
1c
#19697000
0n
0l
1k
0j
b100 w
1y
0z
#19700000
0#
0p
#19705000
1#
1p
b100 v
1s
0t
0r
#19705001
0c
1b
#19710000
0#
0p
#19715000
1#
1p
#19715001
1c
#19717000
1l
0k
1h
1f
b0 w
b1100 w
#19720000
0#
0p
#19725000
1#
1p
b1100 v
#19725001
0c
0b
0a
0`
1_
#19730000
0#
0p
#19735000
1#
1p
#19735001
1c
#19737000
1o
1i
b0 w
b1001 w
#19740000
0#
0p
#19745000
1#
1p
b1001 v
#19745001
0c
1b
#19750000
0#
0p
#19755000
1#
1p
#19755001
1c
#19757000
0l
1k
1j
0h
b0 w
b1101 w
1x
#19760000
0#
0p
#19765000
1#
1p
b1101 v
1u
#19765001
0c
0b
1a
#19770000
0#
0p
#19775000
1#
1p
#19775001
1c
#19777000
0o
0k
0j
1h
b0 w
b1011 w
0x
#19780000
0#
0p
#19785000
1#
1p
b1011 v
0u
#19785001
0c
1b
#19790000
0#
0p
#19795000
1#
1p
#19795001
1c
#19797000
1k
0h
b0 w
b1101 w
#19800000
0#
0p
#19805000
1#
1p
b1101 v
#19805001
0c
0b
0a
1`
#19810000
0#
0p
#19815000
1#
1p
#19815001
1c
#19817000
1n
1m
1l
1j
1h
1g
b0 w
b1111 w
0y
1z
#19820000
0#
0p
#19825000
1#
1p
b1111 v
0s
1t
#19825001
0c
1b
#19830000
0#
0p
#19835000
1#
1p
#19835001
1c
#19837000
1o
0n
0m
0l
0k
0i
0h
0g
0f
b0 w
b1000 w
1x
1y
0z
#19840000
0#
0p
#19845000
1#
1p
b1000 v
1u
1s
0t
#19845001
0c
0b
1a
#19850000
0#
0p
#19855000
1#
1p
#19855001
1c
#19857000
1n
0j
1i
1h
1g
1f
b0 w
b1111 w
0x
0y
1z
#19860000
0#
0p
#19865000
1#
1p
b1111 v
0u
0s
1t
#19865001
0c
1b
#19870000
0#
0p
#19875000
1#
1p
#19875001
1c
#19877000
0o
1l
0i
0f
b0 w
b10 w
#19880000
0#
0p
#19885000
1#
1p
b10 v
#19885001
0c
0b
0a
0`
0_
0^
1]
#19890000
0#
0p
#19895000
1#
1p
#19895001
1c
#19897000
1o
1m
1k
1j
1i
1f
b0 w
b1111 w
#19900000
0#
0p
#19905000
1#
1p
b1111 v
#19905001
0c
1b
#19910000
0#
0p
#19915000
1#
1p
#19915001
1c
#19917000
0i
0h
0g
0f
b0 w
b1111 w
#19920000
0#
0p
#19925000
1#
1p
#19925001
0c
0b
1a
#19930000
0#
0p
#19935000
1#
1p
#19935001
1c
#19937000
0o
0n
0m
0l
0j
1i
1h
1g
1f
b0 w
b11 w
1x
1y
0z
#19940000
0#
0p
#19945000
1#
1p
b11 v
1u
1s
0t
#19945001
0c
1b
#19950000
0#
0p
#19955000
1#
1p
#19955001
1c
#19957000
1n
0k
b0 w
0x
0y
1z
#19960000
0#
0p
#19965000
1#
1p
b0 v
0u
0s
1t
1r
#19965001
0c
0b
0a
1`
#19970000
0#
0p
#19975000
1#
1p
#19975001
1c
#19977000
1l
1k
0i
b110 w
#19980000
0#
0p
#19985000
1#
1p
b110 v
0r
#19985001
0c
1b
#19990000
0#
0p
#19995000
1#
1p
#19995001
1c
#19997000
0l
0k
0h
0f
b0 w
#20000000
0#
0p
#20005000
1#
1p
b0 v
1r
#20005001
0c
0b
1a
#20010000
0#
0p
#20015000
1#
1p
#20015001
1c
#20017000
1m
1l
1k
1i
1h
1f
b111 w
#20020000
0#
0p
#20025000
1#
1p
b111 v
0r
#20025001
0c
1b
#20030000
0#
0p
#20035000
1#
1p
#20035001
1c
#20037000
1o
0n
0l
0k
0i
0g
b0 w
b1001 w
1y
0z
#20040000
0#
0p
#20045000
1#
1p
b1001 v
1s
0t
#20045001
0c
0b
0a
0`
1_
#20050000
0#
0p
#20055000
1#
1p
#20055001
1c
#20057000
0o
1n
1l
1k
1j
0h
0f
b0 w
0y
1z
#20060000
0#
0p
#20065000
1#
1p
b0 v
0s
1t
1r
#20065001
0c
1b
#20070000
0#
0p
#20075000
1#
1p
#20075001
1c
#20077000
1o
0m
0l
1h
1g
b1110 w
#20080000
0#
0p
#20085000
1#
1p
b1110 v
0r
#20085001
0c
0b
1a
#20090000
0#
0p
#20095000
1#
1p
#20095001
1c
#20097000
0o
1l
0k
1i
1f
b0 w
b1010 w
#20100000
0#
0p
#20105000
1#
1p
b1010 v
#20105001
0c
1b
#20110000
0#
0p
#20115000
1#
1p
#20115001
1c
#20117000
1o
0n
0l
0j
0i
0h
0g
0f
b0 w
1y
0z
#20120000
0#
0p
#20125000
1#
1p
b0 v
1s
0t
1r
#20125001
0c
0b
0a
1`
#20130000
0#
0p
#20135000
1#
1p
#20135001
1c
#20137000
1m
1l
1j
1h
1g
b1011 w
1x
#20140000
0#
0p
#20145000
1#
1p
b1011 v
1u
0r
#20145001
0c
1b
#20150000
0#
0p
#20155000
1#
1p
#20155001
1c
#20157000
1k
0h
1f
b0 w
b1101 w
#20160000
0#
0p
#20165000
1#
1p
b1101 v
#20165001
0c
0b
1a
#20170000
0#
0p
#20175000
1#
1p
#20175001
1c
#20177000
1n
0k
1i
1h
0g
b0 w
b1011 w
0x
0y
1z
#20180000
0#
0p
#20185000
1#
1p
b1011 v
0u
0s
1t
#20185001
0c
1b
#20190000
0#
0p
#20195000
1#
1p
#20195001
1c
#20197000
0o
0m
1k
0h
1g
b0 w
b1100 w
#20200000
0#
0p
#20205000
1#
1p
b1100 v
#20205001
0c
0b
0a
0`
0_
1^
#20210000
0#
0p
#20215000
1#
1p
#20215001
1c
#20217000
1o
1m
0k
0i
b0 w
b1111 w
#20220000
0#
0p
#20225000
1#
1p
b1111 v
#20225001
0c
1b
#20230000
0#
0p
#20235000
1#
1p
#20235001
1c
#20237000
0o
0n
1k
1i
1h
0g
b0 w
b1010 w
1x
1y
0z
#20240000
0#
0p
#20245000
1#
1p
b1010 v
1u
1s
0t
#20245001
0c
0b
1a
#20250000
0#
0p
#20255000
1#
1p
#20255001
1c
#20257000
1o
1g
0f
b0 w
b1000 w
#20260000
0#
0p
#20265000
1#
1p
b1000 v
#20265001
0c
1b
#20270000
0#
0p
#20275000
1#
1p
#20275001
1c
#20277000
0m
0l
0k
1f
b0 w
b111 w
0x
#20280000
0#
0p
#20285000
1#
1p
b111 v
0u
#20285001
0c
0b
0a
1`
#20290000
0#
0p
#20295000
1#
1p
#20295001
1c
#20297000
0o
1n
1m
1k
0i
0h
0g
0f
b0 w
0y
1z
#20300000
0#
0p
#20305000
1#
1p
b0 v
0s
1t
1r
#20305001
0c
1b
#20310000
0#
0p
#20315000
1#
1p
#20315001
1c
#20317000
1o
0m
0k
1i
1h
1g
1f
b1111 w
#20320000
0#
0p
#20325000
1#
1p
b1111 v
0r
#20325001
0c
0b
1a
#20330000
0#
0p
#20335000
1#
1p
#20335001
1c
#20337000
0o
0n
1m
1l
1k
0i
0h
0g
0f
b0 w
b1111 w
1y
0z
#20340000
0#
0p
#20345000
1#
1p
1s
0t
#20345001
0c
1b
#20350000
0#
0p
#20355000
1#
1p
#20355001
1c
#20357000
0m
0l
0k
0j
1i
1g
1f
b0 w
b1101 w
#20360000
0#
0p
#20365000
1#
1p
b1101 v
#20365001
0c
0b
0a
0`
1_
#20370000
0#
0p
#20375000
1#
1p
#20375001
1c
#20377000
1n
1m
1l
1k
1j
1h
b0 w
b1111 w
0y
1z
#20380000
0#
0p
#20385000
1#
1p
b1111 v
0s
1t
#20385001
0c
1b
#20390000
0#
0p
#20395000
1#
1p
#20395001
1c
#20397000
1o
0m
0l
0k
0j
0h
0g
b0 w
b1001 w
#20400000
0#
0p
#20405000
1#
1p
b1001 v
#20405001
0c
0b
1a
#20410000
0#
0p
#20415000
1#
1p
#20415001
1c
#20417000
0o
1k
1j
0i
0f
b0 w
#20420000
0#
0p
#20425000
1#
1p
b0 v
1r
#20425001
0c
1b
#20430000
0#
0p
#20435000
1#
1p
#20435001
1c
#20437000
1o
0n
1m
0k
1i
1g
1f
b100 w
1y
0z
#20440000
0#
0p
#20445000
1#
1p
b100 v
1s
0t
0r
#20445001
0c
0b
0a
1`
#20450000
0#
0p
#20455000
1#
1p
#20455001
1c
#20457000
1l
1k
1h
b0 w
#20460000
0#
0p
#20465000
1#
1p
b0 v
1r
#20465001
0c
1b
#20470000
0#
0p
#20475000
1#
1p
#20475001
1c
#20477000
1n
0l
0i
0h
0g
b1101 w
0y
1z
#20480000
0#
0p
#20485000
1#
1p
b1101 v
0s
1t
0r
1d
#20485001
0c
0b
1a
#20490000
0#
0p
#20495000
1#
1p
#20495001
1c
#20497000
0o
0n
0m
1l
1i
1g
b0 w
b1011 w
1x
1y
0z
#20500000
0#
0p
#20505000
1#
1p
b1011 v
1u
1s
0t
#20505001
0c
1b
#20510000
0#
0p
#20515000
1#
1p
#20515001
1c
#20520000
0#
0p
#20525000
1#
1p
#20525001
0c
0b
0a
0`
0_
0^
0]
0\
0[
0Z
0Y
1X
#20530000
0#
0p
#20535000
1#
1p
#20535001
1c
#20540000
0#
0p
#20545000
1#
1p
#20545001
0c
1b
#20550000
0#
0p
#20555000
1#
1p
#20555001
1c
#20560000
0#
0p
#20565000
1#
1p
#20565001
0c
0b
1a
#20570000
0#
0p
#20575000
1#
1p
#20575001
1c
#20580000
0#
0p
#20585000
1#
1p
#20585001
0c
1b
#20590000
0#
0p
#20595000
1#
1p
#20595001
1c
#20600000
0#
0p
#20605000
1#
1p
#20605001
0c
0b
0a
1`
#20610000
0#
0p
#20615000
1#
1p
#20615001
1c
#20620000
0#
0p
#20625000
1#
1p
#20625001
0c
1b
#20630000
0#
0p
#20635000
1#
1p
#20635001
1c
#20640000
0#
0p
#20645000
1#
1p
#20645001
0c
0b
1a
#20650000
0#
0p
#20655000
1#
1p
#20655001
1c
#20660000
0#
0p
#20665000
1#
1p
#20665001
0c
1b
#20670000
0#
0p
#20675000
1#
1p
#20675001
1c
#20680000
0#
0p
#20685000
1#
1p
