
*** Running vivado
    with args -log nand_zynq_sys_wrapper.vdi -applog -m64 -product Vivado -messageDb vivado.pb -mode batch -source nand_zynq_sys_wrapper.tcl -notrace


****** Vivado v2018.2 (64-bit)
  **** SW Build 2258646 on Thu Jun 14 20:03:12 MDT 2018
  **** IP Build 2256618 on Thu Jun 14 22:10:49 MDT 2018
    ** Copyright 1986-2018 Xilinx, Inc. All Rights Reserved.

source nand_zynq_sys_wrapper.tcl -notrace
INFO: [IP_Flow 19-234] Refreshing IP repositories
INFO: [IP_Flow 19-1704] No user IP repositories specified
INFO: [IP_Flow 19-2313] Loaded Vivado IP repository 'D:/Xilinx/Vivado/2018.2/data/ip'.
Command: link_design -top nand_zynq_sys_wrapper -part xc7z020clg484-1
Design is defaulting to srcset: sources_1
Design is defaulting to constrset: constrs_1
INFO: [Project 1-454] Reading design checkpoint 'd:/Vivado_Projects/Assignment/Assignment.srcs/sources_1/bd/nand_zynq_sys/ip/nand_zynq_sys_and_gate_0_0/nand_zynq_sys_and_gate_0_0.dcp' for cell 'nand_zynq_sys_i/and_gate_0'
INFO: [Project 1-454] Reading design checkpoint 'd:/Vivado_Projects/Assignment/Assignment.srcs/sources_1/bd/nand_zynq_sys/ip/nand_zynq_sys_axi_gpio_0_0/nand_zynq_sys_axi_gpio_0_0.dcp' for cell 'nand_zynq_sys_i/axi_gpio_0'
INFO: [Project 1-454] Reading design checkpoint 'd:/Vivado_Projects/Assignment/Assignment.srcs/sources_1/bd/nand_zynq_sys/ip/nand_zynq_sys_axi_gpio_1_0/nand_zynq_sys_axi_gpio_1_0.dcp' for cell 'nand_zynq_sys_i/axi_gpio_1'
INFO: [Project 1-454] Reading design checkpoint 'd:/Vivado_Projects/Assignment/Assignment.srcs/sources_1/bd/nand_zynq_sys/ip/nand_zynq_sys_processing_system7_0_0/nand_zynq_sys_processing_system7_0_0.dcp' for cell 'nand_zynq_sys_i/processing_system7_0'
INFO: [Project 1-454] Reading design checkpoint 'd:/Vivado_Projects/Assignment/Assignment.srcs/sources_1/bd/nand_zynq_sys/ip/nand_zynq_sys_rst_ps7_0_100M_0/nand_zynq_sys_rst_ps7_0_100M_0.dcp' for cell 'nand_zynq_sys_i/rst_ps7_0_100M'
INFO: [Project 1-454] Reading design checkpoint 'd:/Vivado_Projects/Assignment/Assignment.srcs/sources_1/bd/nand_zynq_sys/ip/nand_zynq_sys_xbar_0/nand_zynq_sys_xbar_0.dcp' for cell 'nand_zynq_sys_i/ps7_0_axi_periph/xbar'
INFO: [Project 1-454] Reading design checkpoint 'd:/Vivado_Projects/Assignment/Assignment.srcs/sources_1/bd/nand_zynq_sys/ip/nand_zynq_sys_auto_pc_0/nand_zynq_sys_auto_pc_0.dcp' for cell 'nand_zynq_sys_i/ps7_0_axi_periph/s00_couplers/auto_pc'
INFO: [Netlist 29-17] Analyzing 20 Unisim elements for replacement
INFO: [Netlist 29-28] Unisim Transformation completed in 0 CPU seconds
INFO: [Project 1-479] Netlist was created with Vivado 2018.2
INFO: [Device 21-403] Loading part xc7z020clg484-1
INFO: [Project 1-570] Preparing netlist for logic optimization
Parsing XDC File [d:/Vivado_Projects/Assignment/Assignment.srcs/sources_1/bd/nand_zynq_sys/ip/nand_zynq_sys_processing_system7_0_0/nand_zynq_sys_processing_system7_0_0.xdc] for cell 'nand_zynq_sys_i/processing_system7_0/inst'
Finished Parsing XDC File [d:/Vivado_Projects/Assignment/Assignment.srcs/sources_1/bd/nand_zynq_sys/ip/nand_zynq_sys_processing_system7_0_0/nand_zynq_sys_processing_system7_0_0.xdc] for cell 'nand_zynq_sys_i/processing_system7_0/inst'
Parsing XDC File [d:/Vivado_Projects/Assignment/Assignment.srcs/sources_1/bd/nand_zynq_sys/ip/nand_zynq_sys_axi_gpio_0_0/nand_zynq_sys_axi_gpio_0_0_board.xdc] for cell 'nand_zynq_sys_i/axi_gpio_0/U0'
Finished Parsing XDC File [d:/Vivado_Projects/Assignment/Assignment.srcs/sources_1/bd/nand_zynq_sys/ip/nand_zynq_sys_axi_gpio_0_0/nand_zynq_sys_axi_gpio_0_0_board.xdc] for cell 'nand_zynq_sys_i/axi_gpio_0/U0'
Parsing XDC File [d:/Vivado_Projects/Assignment/Assignment.srcs/sources_1/bd/nand_zynq_sys/ip/nand_zynq_sys_axi_gpio_0_0/nand_zynq_sys_axi_gpio_0_0.xdc] for cell 'nand_zynq_sys_i/axi_gpio_0/U0'
Finished Parsing XDC File [d:/Vivado_Projects/Assignment/Assignment.srcs/sources_1/bd/nand_zynq_sys/ip/nand_zynq_sys_axi_gpio_0_0/nand_zynq_sys_axi_gpio_0_0.xdc] for cell 'nand_zynq_sys_i/axi_gpio_0/U0'
Parsing XDC File [d:/Vivado_Projects/Assignment/Assignment.srcs/sources_1/bd/nand_zynq_sys/ip/nand_zynq_sys_axi_gpio_1_0/nand_zynq_sys_axi_gpio_1_0_board.xdc] for cell 'nand_zynq_sys_i/axi_gpio_1/U0'
Finished Parsing XDC File [d:/Vivado_Projects/Assignment/Assignment.srcs/sources_1/bd/nand_zynq_sys/ip/nand_zynq_sys_axi_gpio_1_0/nand_zynq_sys_axi_gpio_1_0_board.xdc] for cell 'nand_zynq_sys_i/axi_gpio_1/U0'
Parsing XDC File [d:/Vivado_Projects/Assignment/Assignment.srcs/sources_1/bd/nand_zynq_sys/ip/nand_zynq_sys_axi_gpio_1_0/nand_zynq_sys_axi_gpio_1_0.xdc] for cell 'nand_zynq_sys_i/axi_gpio_1/U0'
Finished Parsing XDC File [d:/Vivado_Projects/Assignment/Assignment.srcs/sources_1/bd/nand_zynq_sys/ip/nand_zynq_sys_axi_gpio_1_0/nand_zynq_sys_axi_gpio_1_0.xdc] for cell 'nand_zynq_sys_i/axi_gpio_1/U0'
Parsing XDC File [d:/Vivado_Projects/Assignment/Assignment.srcs/sources_1/bd/nand_zynq_sys/ip/nand_zynq_sys_rst_ps7_0_100M_0/nand_zynq_sys_rst_ps7_0_100M_0_board.xdc] for cell 'nand_zynq_sys_i/rst_ps7_0_100M/U0'
Finished Parsing XDC File [d:/Vivado_Projects/Assignment/Assignment.srcs/sources_1/bd/nand_zynq_sys/ip/nand_zynq_sys_rst_ps7_0_100M_0/nand_zynq_sys_rst_ps7_0_100M_0_board.xdc] for cell 'nand_zynq_sys_i/rst_ps7_0_100M/U0'
Parsing XDC File [d:/Vivado_Projects/Assignment/Assignment.srcs/sources_1/bd/nand_zynq_sys/ip/nand_zynq_sys_rst_ps7_0_100M_0/nand_zynq_sys_rst_ps7_0_100M_0.xdc] for cell 'nand_zynq_sys_i/rst_ps7_0_100M/U0'
Finished Parsing XDC File [d:/Vivado_Projects/Assignment/Assignment.srcs/sources_1/bd/nand_zynq_sys/ip/nand_zynq_sys_rst_ps7_0_100M_0/nand_zynq_sys_rst_ps7_0_100M_0.xdc] for cell 'nand_zynq_sys_i/rst_ps7_0_100M/U0'
Parsing XDC File [D:/Vivado_Projects/Assignment/Assignment.srcs/constrs_1/new/cons.xdc]
WARNING: [Vivado 12-584] No ports matched 'a'. [D:/Vivado_Projects/Assignment/Assignment.srcs/constrs_1/new/cons.xdc:237]
CRITICAL WARNING: [Common 17-55] 'set_property' expects at least one object. [D:/Vivado_Projects/Assignment/Assignment.srcs/constrs_1/new/cons.xdc:237]
Resolution: If [get_<value>] was used to populate the object, check to make sure this command returns at least one valid object.
WARNING: [Vivado 12-584] No ports matched 'b'. [D:/Vivado_Projects/Assignment/Assignment.srcs/constrs_1/new/cons.xdc:238]
CRITICAL WARNING: [Common 17-55] 'set_property' expects at least one object. [D:/Vivado_Projects/Assignment/Assignment.srcs/constrs_1/new/cons.xdc:238]
Resolution: If [get_<value>] was used to populate the object, check to make sure this command returns at least one valid object.
WARNING: [Vivado 12-584] No ports matched '[get_ports -of_objects [get_iobanks 35]]'. [D:/Vivado_Projects/Assignment/Assignment.srcs/constrs_1/new/cons.xdc:372]
CRITICAL WARNING: [Common 17-55] 'set_property' expects at least one object. [D:/Vivado_Projects/Assignment/Assignment.srcs/constrs_1/new/cons.xdc:372]
Resolution: If [get_<value>] was used to populate the object, check to make sure this command returns at least one valid object.
Finished Parsing XDC File [D:/Vivado_Projects/Assignment/Assignment.srcs/constrs_1/new/cons.xdc]
INFO: [Opt 31-138] Pushed 0 inverter(s) to 0 load pin(s).
INFO: [Project 1-111] Unisim Transformation Summary:
No Unisim elements were transformed.

17 Infos, 3 Warnings, 3 Critical Warnings and 0 Errors encountered.
link_design completed successfully
link_design: Time (s): cpu = 00:00:14 ; elapsed = 00:00:20 . Memory (MB): peak = 757.609 ; gain = 397.805
Command: opt_design
Attempting to get a license for feature 'Implementation' and/or device 'xc7z020'
INFO: [Common 17-349] Got license for feature 'Implementation' and/or device 'xc7z020'
Running DRC as a precondition to command opt_design

Starting DRC Task
INFO: [DRC 23-27] Running DRC with 2 threads
INFO: [Project 1-461] DRC finished with 0 Errors
INFO: [Project 1-462] Please refer to the DRC report (report_drc) for more information.

Time (s): cpu = 00:00:01 ; elapsed = 00:00:00.443 . Memory (MB): peak = 766.824 ; gain = 9.215

Starting Cache Timing Information Task
INFO: [Timing 38-35] Done setting XDC timing constraints.
Ending Cache Timing Information Task | Checksum: 23269229b

Time (s): cpu = 00:00:08 ; elapsed = 00:00:09 . Memory (MB): peak = 1310.602 ; gain = 543.777

Starting Logic Optimization Task

Phase 1 Retarget
INFO: [Opt 31-138] Pushed 0 inverter(s) to 0 load pin(s).
INFO: [Opt 31-49] Retargeted 0 cell(s).
Phase 1 Retarget | Checksum: 1c6f3b1e9

Time (s): cpu = 00:00:00 ; elapsed = 00:00:00.118 . Memory (MB): peak = 1310.602 ; gain = 0.000
INFO: [Opt 31-389] Phase Retarget created 0 cells and removed 0 cells

Phase 2 Constant propagation
INFO: [Opt 31-138] Pushed 0 inverter(s) to 0 load pin(s).
Phase 2 Constant propagation | Checksum: 1c6f3b1e9

Time (s): cpu = 00:00:00 ; elapsed = 00:00:00.147 . Memory (MB): peak = 1310.602 ; gain = 0.000
INFO: [Opt 31-389] Phase Constant propagation created 0 cells and removed 0 cells

Phase 3 Sweep
Phase 3 Sweep | Checksum: 246e1229f

Time (s): cpu = 00:00:00 ; elapsed = 00:00:00.391 . Memory (MB): peak = 1310.602 ; gain = 0.000
INFO: [Opt 31-389] Phase Sweep created 0 cells and removed 190 cells

Phase 4 BUFG optimization
Phase 4 BUFG optimization | Checksum: 246e1229f

Time (s): cpu = 00:00:00 ; elapsed = 00:00:00.435 . Memory (MB): peak = 1310.602 ; gain = 0.000
INFO: [Opt 31-662] Phase BUFG optimization created 0 cells of which 0 are BUFGs and removed 0 cells.

Phase 5 Shift Register Optimization
Phase 5 Shift Register Optimization | Checksum: 227f91873

Time (s): cpu = 00:00:00 ; elapsed = 00:00:00.569 . Memory (MB): peak = 1310.602 ; gain = 0.000
INFO: [Opt 31-389] Phase Shift Register Optimization created 0 cells and removed 0 cells

Phase 6 Post Processing Netlist
Phase 6 Post Processing Netlist | Checksum: 227f91873

Time (s): cpu = 00:00:00 ; elapsed = 00:00:00.600 . Memory (MB): peak = 1310.602 ; gain = 0.000
INFO: [Opt 31-389] Phase Post Processing Netlist created 0 cells and removed 0 cells

Starting Connectivity Check Task

Time (s): cpu = 00:00:00 ; elapsed = 00:00:00.003 . Memory (MB): peak = 1310.602 ; gain = 0.000
Ending Logic Optimization Task | Checksum: 227f91873

Time (s): cpu = 00:00:00 ; elapsed = 00:00:00.612 . Memory (MB): peak = 1310.602 ; gain = 0.000

Starting Power Optimization Task
INFO: [Pwropt 34-132] Skipping clock gating for clocks with a period < 2.00 ns.
Ending Power Optimization Task | Checksum: 227f91873

Time (s): cpu = 00:00:00 ; elapsed = 00:00:00.008 . Memory (MB): peak = 1310.602 ; gain = 0.000

Starting Final Cleanup Task
Ending Final Cleanup Task | Checksum: 227f91873

Time (s): cpu = 00:00:00 ; elapsed = 00:00:00 . Memory (MB): peak = 1310.602 ; gain = 0.000
INFO: [Common 17-83] Releasing license: Implementation
33 Infos, 3 Warnings, 3 Critical Warnings and 0 Errors encountered.
opt_design completed successfully
opt_design: Time (s): cpu = 00:00:09 ; elapsed = 00:00:10 . Memory (MB): peak = 1310.602 ; gain = 552.992
INFO: [Timing 38-480] Writing timing data to binary archive.
Writing placer database...
Writing XDEF routing.
Writing XDEF routing logical nets.
Writing XDEF routing special nets.
Write XDEF Complete: Time (s): cpu = 00:00:01 ; elapsed = 00:00:00.049 . Memory (MB): peak = 1310.602 ; gain = 0.000
INFO: [Common 17-1381] The checkpoint 'D:/Vivado_Projects/Assignment/Assignment.runs/impl_1/nand_zynq_sys_wrapper_opt.dcp' has been generated.
INFO: [runtcl-4] Executing : report_drc -file nand_zynq_sys_wrapper_drc_opted.rpt -pb nand_zynq_sys_wrapper_drc_opted.pb -rpx nand_zynq_sys_wrapper_drc_opted.rpx
Command: report_drc -file nand_zynq_sys_wrapper_drc_opted.rpt -pb nand_zynq_sys_wrapper_drc_opted.pb -rpx nand_zynq_sys_wrapper_drc_opted.rpx
INFO: [DRC 23-27] Running DRC with 2 threads
INFO: [Coretcl 2-168] The results of DRC are in file D:/Vivado_Projects/Assignment/Assignment.runs/impl_1/nand_zynq_sys_wrapper_drc_opted.rpt.
report_drc completed successfully
Command: place_design
Attempting to get a license for feature 'Implementation' and/or device 'xc7z020'
INFO: [Common 17-349] Got license for feature 'Implementation' and/or device 'xc7z020'
INFO: [DRC 23-27] Running DRC with 2 threads
INFO: [Vivado_Tcl 4-198] DRC finished with 0 Errors
INFO: [Vivado_Tcl 4-199] Please refer to the DRC report (report_drc) for more information.
Running DRC as a precondition to command place_design
INFO: [DRC 23-27] Running DRC with 2 threads
INFO: [Vivado_Tcl 4-198] DRC finished with 0 Errors
INFO: [Vivado_Tcl 4-199] Please refer to the DRC report (report_drc) for more information.

Starting Placer Task
INFO: [Place 30-611] Multithreading enabled for place_design using a maximum of 2 CPUs

Phase 1 Placer Initialization

Phase 1.1 Placer Initialization Netlist Sorting
Netlist sorting complete. Time (s): cpu = 00:00:00 ; elapsed = 00:00:00.005 . Memory (MB): peak = 1310.602 ; gain = 0.000
Phase 1.1 Placer Initialization Netlist Sorting | Checksum: 18e1a5106

Time (s): cpu = 00:00:00 ; elapsed = 00:00:00.011 . Memory (MB): peak = 1310.602 ; gain = 0.000
Netlist sorting complete. Time (s): cpu = 00:00:00 ; elapsed = 00:00:00.002 . Memory (MB): peak = 1310.602 ; gain = 0.000

Phase 1.2 IO Placement/ Clock Placement/ Build Placer Device
INFO: [Timing 38-35] Done setting XDC timing constraints.
Phase 1.2 IO Placement/ Clock Placement/ Build Placer Device | Checksum: 3f77d7d0

Time (s): cpu = 00:00:02 ; elapsed = 00:00:01 . Memory (MB): peak = 1310.602 ; gain = 0.000

Phase 1.3 Build Placer Netlist Model
Phase 1.3 Build Placer Netlist Model | Checksum: 19a604a70

Time (s): cpu = 00:00:02 ; elapsed = 00:00:02 . Memory (MB): peak = 1310.602 ; gain = 0.000

Phase 1.4 Constrain Clocks/Macros
Phase 1.4 Constrain Clocks/Macros | Checksum: 19a604a70

Time (s): cpu = 00:00:02 ; elapsed = 00:00:02 . Memory (MB): peak = 1310.602 ; gain = 0.000
Phase 1 Placer Initialization | Checksum: 19a604a70

Time (s): cpu = 00:00:02 ; elapsed = 00:00:02 . Memory (MB): peak = 1310.602 ; gain = 0.000

Phase 2 Global Placement

Phase 2.1 Floorplanning
Phase 2.1 Floorplanning | Checksum: 16600c018

Time (s): cpu = 00:00:02 ; elapsed = 00:00:02 . Memory (MB): peak = 1310.602 ; gain = 0.000

Phase 2.2 Physical Synthesis In Placer
INFO: [Physopt 32-65] No nets found for high-fanout optimization.
INFO: [Physopt 32-232] Optimized 0 net. Created 0 new instance.
INFO: [Physopt 32-775] End 1 Pass. Optimized 0 net or cell. Created 0 new cell, deleted 0 existing cell and moved 0 existing cell
Netlist sorting complete. Time (s): cpu = 00:00:00 ; elapsed = 00:00:00.003 . Memory (MB): peak = 1310.602 ; gain = 0.000

Summary of Physical Synthesis Optimizations
============================================


-----------------------------------------------------------------------------------------------------------------------------
|  Optimization       |  Added Cells  |  Removed Cells  |  Optimized Cells/Nets  |  Dont Touch  |  Iterations  |  Elapsed   |
-----------------------------------------------------------------------------------------------------------------------------
|  Very High Fanout   |            0  |              0  |                     0  |           0  |           1  |  00:00:00  |
|  Total              |            0  |              0  |                     0  |           0  |           1  |  00:00:00  |
-----------------------------------------------------------------------------------------------------------------------------


Phase 2.2 Physical Synthesis In Placer | Checksum: 1b0fc05f6

Time (s): cpu = 00:00:04 ; elapsed = 00:00:03 . Memory (MB): peak = 1310.602 ; gain = 0.000
Phase 2 Global Placement | Checksum: 1a81a9307

Time (s): cpu = 00:00:04 ; elapsed = 00:00:03 . Memory (MB): peak = 1310.602 ; gain = 0.000

Phase 3 Detail Placement

Phase 3.1 Commit Multi Column Macros
Phase 3.1 Commit Multi Column Macros | Checksum: 1a81a9307

Time (s): cpu = 00:00:04 ; elapsed = 00:00:03 . Memory (MB): peak = 1310.602 ; gain = 0.000

Phase 3.2 Commit Most Macros & LUTRAMs
Phase 3.2 Commit Most Macros & LUTRAMs | Checksum: 1296f11da

Time (s): cpu = 00:00:05 ; elapsed = 00:00:03 . Memory (MB): peak = 1310.602 ; gain = 0.000

Phase 3.3 Area Swap Optimization
Phase 3.3 Area Swap Optimization | Checksum: 1cc270df5

Time (s): cpu = 00:00:05 ; elapsed = 00:00:03 . Memory (MB): peak = 1310.602 ; gain = 0.000

Phase 3.4 Pipeline Register Optimization
Phase 3.4 Pipeline Register Optimization | Checksum: 1cc270df5

Time (s): cpu = 00:00:05 ; elapsed = 00:00:03 . Memory (MB): peak = 1310.602 ; gain = 0.000

Phase 3.5 Small Shape Detail Placement
Phase 3.5 Small Shape Detail Placement | Checksum: 2091a4c36

Time (s): cpu = 00:00:05 ; elapsed = 00:00:04 . Memory (MB): peak = 1310.602 ; gain = 0.000

Phase 3.6 Re-assign LUT pins
Phase 3.6 Re-assign LUT pins | Checksum: 26b703c74

Time (s): cpu = 00:00:05 ; elapsed = 00:00:04 . Memory (MB): peak = 1310.602 ; gain = 0.000

Phase 3.7 Pipeline Register Optimization
Phase 3.7 Pipeline Register Optimization | Checksum: 26b703c74

Time (s): cpu = 00:00:05 ; elapsed = 00:00:04 . Memory (MB): peak = 1310.602 ; gain = 0.000
Phase 3 Detail Placement | Checksum: 26b703c74

Time (s): cpu = 00:00:05 ; elapsed = 00:00:04 . Memory (MB): peak = 1310.602 ; gain = 0.000

Phase 4 Post Placement Optimization and Clean-Up

Phase 4.1 Post Commit Optimization
INFO: [Timing 38-35] Done setting XDC timing constraints.

Phase 4.1.1 Post Placement Optimization
Post Placement Optimization Initialization | Checksum: 1376194ee

Phase 4.1.1.1 BUFG Insertion
INFO: [Place 46-31] BUFG insertion identified 0 candidate nets, 0 success, 0 skipped for placement/routing, 0 skipped for timing, 0 skipped for netlist change reason.
Phase 4.1.1.1 BUFG Insertion | Checksum: 1376194ee

Time (s): cpu = 00:00:05 ; elapsed = 00:00:04 . Memory (MB): peak = 1323.262 ; gain = 12.660
INFO: [Place 30-746] Post Placement Timing Summary WNS=4.172. For the most accurate timing information please run report_timing.
Phase 4.1.1 Post Placement Optimization | Checksum: 114845249

Time (s): cpu = 00:00:06 ; elapsed = 00:00:04 . Memory (MB): peak = 1323.262 ; gain = 12.660
Phase 4.1 Post Commit Optimization | Checksum: 114845249

Time (s): cpu = 00:00:06 ; elapsed = 00:00:04 . Memory (MB): peak = 1323.262 ; gain = 12.660

Phase 4.2 Post Placement Cleanup
Phase 4.2 Post Placement Cleanup | Checksum: 114845249

Time (s): cpu = 00:00:06 ; elapsed = 00:00:04 . Memory (MB): peak = 1323.262 ; gain = 12.660

Phase 4.3 Placer Reporting
Phase 4.3 Placer Reporting | Checksum: 114845249

Time (s): cpu = 00:00:06 ; elapsed = 00:00:04 . Memory (MB): peak = 1323.262 ; gain = 12.660

Phase 4.4 Final Placement Cleanup
Phase 4.4 Final Placement Cleanup | Checksum: e83aa2ee

Time (s): cpu = 00:00:06 ; elapsed = 00:00:04 . Memory (MB): peak = 1323.262 ; gain = 12.660
Phase 4 Post Placement Optimization and Clean-Up | Checksum: e83aa2ee

Time (s): cpu = 00:00:06 ; elapsed = 00:00:04 . Memory (MB): peak = 1323.262 ; gain = 12.660
Ending Placer Task | Checksum: d5828a13

Time (s): cpu = 00:00:06 ; elapsed = 00:00:04 . Memory (MB): peak = 1323.262 ; gain = 12.660
INFO: [Common 17-83] Releasing license: Implementation
54 Infos, 3 Warnings, 3 Critical Warnings and 0 Errors encountered.
place_design completed successfully
INFO: [Timing 38-480] Writing timing data to binary archive.
Writing placer database...
Writing XDEF routing.
Writing XDEF routing logical nets.
Writing XDEF routing special nets.
Write XDEF Complete: Time (s): cpu = 00:00:00 ; elapsed = 00:00:00.164 . Memory (MB): peak = 1330.848 ; gain = 7.586
INFO: [Common 17-1381] The checkpoint 'D:/Vivado_Projects/Assignment/Assignment.runs/impl_1/nand_zynq_sys_wrapper_placed.dcp' has been generated.
INFO: [runtcl-4] Executing : report_io -file nand_zynq_sys_wrapper_io_placed.rpt
report_io: Time (s): cpu = 00:00:00 ; elapsed = 00:00:00.048 . Memory (MB): peak = 1330.848 ; gain = 0.000
INFO: [runtcl-4] Executing : report_utilization -file nand_zynq_sys_wrapper_utilization_placed.rpt -pb nand_zynq_sys_wrapper_utilization_placed.pb
report_utilization: Time (s): cpu = 00:00:00 ; elapsed = 00:00:00.032 . Memory (MB): peak = 1330.848 ; gain = 0.000
INFO: [runtcl-4] Executing : report_control_sets -verbose -file nand_zynq_sys_wrapper_control_sets_placed.rpt
report_control_sets: Time (s): cpu = 00:00:00 ; elapsed = 00:00:00.005 . Memory (MB): peak = 1330.848 ; gain = 0.000
Command: route_design
Attempting to get a license for feature 'Implementation' and/or device 'xc7z020'
INFO: [Common 17-349] Got license for feature 'Implementation' and/or device 'xc7z020'
Running DRC as a precondition to command route_design
INFO: [DRC 23-27] Running DRC with 2 threads
INFO: [Vivado_Tcl 4-198] DRC finished with 0 Errors
INFO: [Vivado_Tcl 4-199] Please refer to the DRC report (report_drc) for more information.


Starting Routing Task
INFO: [Route 35-254] Multithreading enabled for route_design using a maximum of 2 CPUs
Checksum: PlaceDB: d47376d3 ConstDB: 0 ShapeSum: 10f1340 RouteDB: 0

Phase 1 Build RT Design
Phase 1 Build RT Design | Checksum: 10ccd396f

Time (s): cpu = 00:00:19 ; elapsed = 00:00:17 . Memory (MB): peak = 1451.086 ; gain = 120.238
Post Restoration Checksum: NetGraph: 594e3c47 NumContArr: b37efd28 Constraints: 0 Timing: 0

Phase 2 Router Initialization

Phase 2.1 Create Timer
Phase 2.1 Create Timer | Checksum: 10ccd396f

Time (s): cpu = 00:00:19 ; elapsed = 00:00:17 . Memory (MB): peak = 1451.086 ; gain = 120.238

Phase 2.2 Fix Topology Constraints
Phase 2.2 Fix Topology Constraints | Checksum: 10ccd396f

Time (s): cpu = 00:00:19 ; elapsed = 00:00:17 . Memory (MB): peak = 1456.695 ; gain = 125.848

Phase 2.3 Pre Route Cleanup
Phase 2.3 Pre Route Cleanup | Checksum: 10ccd396f

Time (s): cpu = 00:00:19 ; elapsed = 00:00:17 . Memory (MB): peak = 1456.695 ; gain = 125.848
 Number of Nodes with overlaps = 0

Phase 2.4 Update Timing
Phase 2.4 Update Timing | Checksum: 1ef5af477

Time (s): cpu = 00:00:20 ; elapsed = 00:00:17 . Memory (MB): peak = 1478.500 ; gain = 147.652
INFO: [Route 35-416] Intermediate Timing Summary | WNS=4.141  | TNS=0.000  | WHS=-0.239 | THS=-18.350|

Phase 2 Router Initialization | Checksum: 1e0464b15

Time (s): cpu = 00:00:20 ; elapsed = 00:00:17 . Memory (MB): peak = 1478.500 ; gain = 147.652

Phase 3 Initial Routing
Phase 3 Initial Routing | Checksum: dabe00cf

Time (s): cpu = 00:00:20 ; elapsed = 00:00:18 . Memory (MB): peak = 1478.500 ; gain = 147.652

Phase 4 Rip-up And Reroute

Phase 4.1 Global Iteration 0
 Number of Nodes with overlaps = 101
 Number of Nodes with overlaps = 1
 Number of Nodes with overlaps = 0
INFO: [Route 35-416] Intermediate Timing Summary | WNS=4.005  | TNS=0.000  | WHS=N/A    | THS=N/A    |

Phase 4.1 Global Iteration 0 | Checksum: c8376c9c

Time (s): cpu = 00:00:21 ; elapsed = 00:00:18 . Memory (MB): peak = 1478.500 ; gain = 147.652

Phase 4.2 Global Iteration 1
 Number of Nodes with overlaps = 0
INFO: [Route 35-416] Intermediate Timing Summary | WNS=4.005  | TNS=0.000  | WHS=N/A    | THS=N/A    |

Phase 4.2 Global Iteration 1 | Checksum: c477f451

Time (s): cpu = 00:00:21 ; elapsed = 00:00:18 . Memory (MB): peak = 1478.500 ; gain = 147.652
Phase 4 Rip-up And Reroute | Checksum: c477f451

Time (s): cpu = 00:00:21 ; elapsed = 00:00:18 . Memory (MB): peak = 1478.500 ; gain = 147.652

Phase 5 Delay and Skew Optimization

Phase 5.1 Delay CleanUp
Phase 5.1 Delay CleanUp | Checksum: c477f451

Time (s): cpu = 00:00:21 ; elapsed = 00:00:18 . Memory (MB): peak = 1478.500 ; gain = 147.652

Phase 5.2 Clock Skew Optimization
Phase 5.2 Clock Skew Optimization | Checksum: c477f451

Time (s): cpu = 00:00:21 ; elapsed = 00:00:18 . Memory (MB): peak = 1478.500 ; gain = 147.652
Phase 5 Delay and Skew Optimization | Checksum: c477f451

Time (s): cpu = 00:00:21 ; elapsed = 00:00:18 . Memory (MB): peak = 1478.500 ; gain = 147.652

Phase 6 Post Hold Fix

Phase 6.1 Hold Fix Iter

Phase 6.1.1 Update Timing
Phase 6.1.1 Update Timing | Checksum: 10c33ce2d

Time (s): cpu = 00:00:21 ; elapsed = 00:00:18 . Memory (MB): peak = 1478.500 ; gain = 147.652
INFO: [Route 35-416] Intermediate Timing Summary | WNS=4.120  | TNS=0.000  | WHS=0.038  | THS=0.000  |

Phase 6.1 Hold Fix Iter | Checksum: 1b327513b

Time (s): cpu = 00:00:21 ; elapsed = 00:00:18 . Memory (MB): peak = 1478.500 ; gain = 147.652
Phase 6 Post Hold Fix | Checksum: 1b327513b

Time (s): cpu = 00:00:21 ; elapsed = 00:00:18 . Memory (MB): peak = 1478.500 ; gain = 147.652

Phase 7 Route finalize

Router Utilization Summary
  Global Vertical Routing Utilization    = 0.181009 %
  Global Horizontal Routing Utilization  = 0.208333 %
  Routable Net Status*
  *Does not include unroutable nets such as driverless and loadless.
  Run report_route_status for detailed report.
  Number of Failed Nets               = 0
  Number of Unrouted Nets             = 0
  Number of Partially Routed Nets     = 0
  Number of Node Overlaps             = 0

Phase 7 Route finalize | Checksum: 16ba00c0d

Time (s): cpu = 00:00:21 ; elapsed = 00:00:18 . Memory (MB): peak = 1478.500 ; gain = 147.652

Phase 8 Verifying routed nets

 Verification completed successfully
Phase 8 Verifying routed nets | Checksum: 16ba00c0d

Time (s): cpu = 00:00:21 ; elapsed = 00:00:18 . Memory (MB): peak = 1478.500 ; gain = 147.652

Phase 9 Depositing Routes
Phase 9 Depositing Routes | Checksum: 1b10e6b9f

Time (s): cpu = 00:00:21 ; elapsed = 00:00:18 . Memory (MB): peak = 1478.500 ; gain = 147.652

Phase 10 Post Router Timing
INFO: [Route 35-57] Estimated Timing Summary | WNS=4.120  | TNS=0.000  | WHS=0.038  | THS=0.000  |

INFO: [Route 35-327] The final timing numbers are based on the router estimated timing analysis. For a complete and accurate timing signoff, please run report_timing_summary.
Phase 10 Post Router Timing | Checksum: 1b10e6b9f

Time (s): cpu = 00:00:21 ; elapsed = 00:00:18 . Memory (MB): peak = 1478.500 ; gain = 147.652
INFO: [Route 35-16] Router Completed Successfully

Time (s): cpu = 00:00:21 ; elapsed = 00:00:18 . Memory (MB): peak = 1478.500 ; gain = 147.652

Routing Is Done.
INFO: [Common 17-83] Releasing license: Implementation
72 Infos, 3 Warnings, 3 Critical Warnings and 0 Errors encountered.
route_design completed successfully
route_design: Time (s): cpu = 00:00:22 ; elapsed = 00:00:19 . Memory (MB): peak = 1478.500 ; gain = 147.652
INFO: [Timing 38-480] Writing timing data to binary archive.
Writing placer database...
Writing XDEF routing.
Writing XDEF routing logical nets.
Writing XDEF routing special nets.
Write XDEF Complete: Time (s): cpu = 00:00:01 ; elapsed = 00:00:00.205 . Memory (MB): peak = 1478.500 ; gain = 0.000
INFO: [Common 17-1381] The checkpoint 'D:/Vivado_Projects/Assignment/Assignment.runs/impl_1/nand_zynq_sys_wrapper_routed.dcp' has been generated.
INFO: [runtcl-4] Executing : report_drc -file nand_zynq_sys_wrapper_drc_routed.rpt -pb nand_zynq_sys_wrapper_drc_routed.pb -rpx nand_zynq_sys_wrapper_drc_routed.rpx
Command: report_drc -file nand_zynq_sys_wrapper_drc_routed.rpt -pb nand_zynq_sys_wrapper_drc_routed.pb -rpx nand_zynq_sys_wrapper_drc_routed.rpx
INFO: [DRC 23-27] Running DRC with 2 threads
INFO: [Coretcl 2-168] The results of DRC are in file D:/Vivado_Projects/Assignment/Assignment.runs/impl_1/nand_zynq_sys_wrapper_drc_routed.rpt.
report_drc completed successfully
INFO: [runtcl-4] Executing : report_methodology -file nand_zynq_sys_wrapper_methodology_drc_routed.rpt -pb nand_zynq_sys_wrapper_methodology_drc_routed.pb -rpx nand_zynq_sys_wrapper_methodology_drc_routed.rpx
Command: report_methodology -file nand_zynq_sys_wrapper_methodology_drc_routed.rpt -pb nand_zynq_sys_wrapper_methodology_drc_routed.pb -rpx nand_zynq_sys_wrapper_methodology_drc_routed.rpx
INFO: [Timing 38-35] Done setting XDC timing constraints.
INFO: [Timing 38-35] Done setting XDC timing constraints.
INFO: [DRC 23-133] Running Methodology with 2 threads
INFO: [Coretcl 2-1520] The results of Report Methodology are in file D:/Vivado_Projects/Assignment/Assignment.runs/impl_1/nand_zynq_sys_wrapper_methodology_drc_routed.rpt.
report_methodology completed successfully
INFO: [runtcl-4] Executing : report_power -file nand_zynq_sys_wrapper_power_routed.rpt -pb nand_zynq_sys_wrapper_power_summary_routed.pb -rpx nand_zynq_sys_wrapper_power_routed.rpx
Command: report_power -file nand_zynq_sys_wrapper_power_routed.rpt -pb nand_zynq_sys_wrapper_power_summary_routed.pb -rpx nand_zynq_sys_wrapper_power_routed.rpx
INFO: [Timing 38-35] Done setting XDC timing constraints.
Running Vector-less Activity Propagation...

Finished Running Vector-less Activity Propagation
84 Infos, 3 Warnings, 3 Critical Warnings and 0 Errors encountered.
report_power completed successfully
INFO: [runtcl-4] Executing : report_route_status -file nand_zynq_sys_wrapper_route_status.rpt -pb nand_zynq_sys_wrapper_route_status.pb
INFO: [runtcl-4] Executing : report_timing_summary -max_paths 10 -file nand_zynq_sys_wrapper_timing_summary_routed.rpt -pb nand_zynq_sys_wrapper_timing_summary_routed.pb -rpx nand_zynq_sys_wrapper_timing_summary_routed.rpx -warn_on_violation 
INFO: [Timing 38-91] UpdateTimingParams: Speed grade: -1, Delay Type: min_max, Timing Stage: Requireds.
INFO: [Timing 38-191] Multithreading enabled for timing update using a maximum of 2 CPUs
INFO: [runtcl-4] Executing : report_incremental_reuse -file nand_zynq_sys_wrapper_incremental_reuse_routed.rpt
INFO: [Vivado_Tcl 4-545] No incremental reuse to report, no incremental placement and routing data was found.
INFO: [runtcl-4] Executing : report_clock_utilization -file nand_zynq_sys_wrapper_clock_utilization_routed.rpt
INFO: [runtcl-4] Executing : report_bus_skew -warn_on_violation -file nand_zynq_sys_wrapper_bus_skew_routed.rpt -pb nand_zynq_sys_wrapper_bus_skew_routed.pb -rpx nand_zynq_sys_wrapper_bus_skew_routed.rpx
INFO: [Timing 38-91] UpdateTimingParams: Speed grade: -1, Delay Type: min_max, Timing Stage: Requireds.
INFO: [Timing 38-191] Multithreading enabled for timing update using a maximum of 2 CPUs
Command: write_bitstream -force nand_zynq_sys_wrapper.bit
Attempting to get a license for feature 'Implementation' and/or device 'xc7z020'
INFO: [Common 17-349] Got license for feature 'Implementation' and/or device 'xc7z020'
Running DRC as a precondition to command write_bitstream
INFO: [DRC 23-27] Running DRC with 2 threads
ERROR: [DRC NSTD-1] Unspecified I/O Standard: 2 out of 133 logical ports use I/O standard (IOSTANDARD) value 'DEFAULT', instead of a user assigned specific value. This may cause I/O contention or incompatibility with the board power or connectivity affecting performance, signal integrity or in extreme cases cause damage to the device or the components to which it is connected. To correct this violation, specify all I/O standards. This design will fail to generate a bitstream unless all logical ports have a user specified I/O standard value defined. To allow bitstream creation with unspecified I/O standard values (not recommended), use this command: set_property SEVERITY {Warning} [get_drc_checks NSTD-1].  NOTE: When using the Vivado Runs infrastructure (e.g. launch_runs Tcl command), add this command to a .tcl file and add that file as a pre-hook for write_bitstream step for the implementation run. Problem ports: b_0, and a_0.
ERROR: [DRC UCIO-1] Unconstrained Logical Port: 2 out of 133 logical ports have no user assigned specific location constraint (LOC). This may cause I/O contention or incompatibility with the board power or connectivity affecting performance, signal integrity or in extreme cases cause damage to the device or the components to which it is connected. To correct this violation, specify all pin locations. This design will fail to generate a bitstream unless all logical ports have a user specified site LOC constraint defined.  To allow bitstream creation with unspecified pin locations (not recommended), use this command: set_property SEVERITY {Warning} [get_drc_checks UCIO-1].  NOTE: When using the Vivado Runs infrastructure (e.g. launch_runs Tcl command), add this command to a .tcl file and add that file as a pre-hook for write_bitstream step for the implementation run.  Problem ports: b_0, and a_0.
INFO: [Vivado 12-3199] DRC finished with 2 Errors
INFO: [Vivado 12-3200] Please refer to the DRC report (report_drc) for more information.
ERROR: [Vivado 12-1345] Error(s) found during DRC. Bitgen not run.
INFO: [Common 17-83] Releasing license: Implementation
99 Infos, 3 Warnings, 3 Critical Warnings and 3 Errors encountered.
write_bitstream failed
ERROR: [Common 17-39] 'write_bitstream' failed due to earlier errors.

INFO: [Common 17-206] Exiting Vivado at Mon Aug  3 15:49:26 2026...

*** Running vivado
    with args -log nand_zynq_sys_wrapper.vdi -applog -m64 -product Vivado -messageDb vivado.pb -mode batch -source nand_zynq_sys_wrapper.tcl -notrace


****** Vivado v2018.2 (64-bit)
  **** SW Build 2258646 on Thu Jun 14 20:03:12 MDT 2018
  **** IP Build 2256618 on Thu Jun 14 22:10:49 MDT 2018
    ** Copyright 1986-2018 Xilinx, Inc. All Rights Reserved.

source nand_zynq_sys_wrapper.tcl -notrace
INFO: [IP_Flow 19-234] Refreshing IP repositories
INFO: [IP_Flow 19-1704] No user IP repositories specified
INFO: [IP_Flow 19-2313] Loaded Vivado IP repository 'D:/Xilinx/Vivado/2018.2/data/ip'.

*** Running vivado
    with args -log nand_zynq_sys_wrapper.vdi -applog -m64 -product Vivado -messageDb vivado.pb -mode batch -source nand_zynq_sys_wrapper.tcl -notrace


****** Vivado v2018.2 (64-bit)
  **** SW Build 2258646 on Thu Jun 14 20:03:12 MDT 2018
  **** IP Build 2256618 on Thu Jun 14 22:10:49 MDT 2018
    ** Copyright 1986-2018 Xilinx, Inc. All Rights Reserved.

source nand_zynq_sys_wrapper.tcl -notrace
INFO: [IP_Flow 19-234] Refreshing IP repositories
INFO: [IP_Flow 19-1704] No user IP repositories specified
INFO: [IP_Flow 19-2313] Loaded Vivado IP repository 'D:/Xilinx/Vivado/2018.2/data/ip'.
Command: link_design -top nand_zynq_sys_wrapper -part xc7z020clg484-1
Design is defaulting to srcset: sources_1
Design is defaulting to constrset: constrs_1
INFO: [Project 1-454] Reading design checkpoint 'd:/Vivado_Projects/Assignment/Assignment.srcs/sources_1/bd/nand_zynq_sys/ip/nand_zynq_sys_and_gate_0_0/nand_zynq_sys_and_gate_0_0.dcp' for cell 'nand_zynq_sys_i/and_gate_0'
INFO: [Project 1-454] Reading design checkpoint 'd:/Vivado_Projects/Assignment/Assignment.srcs/sources_1/bd/nand_zynq_sys/ip/nand_zynq_sys_axi_gpio_0_0/nand_zynq_sys_axi_gpio_0_0.dcp' for cell 'nand_zynq_sys_i/axi_gpio_0'
INFO: [Project 1-454] Reading design checkpoint 'd:/Vivado_Projects/Assignment/Assignment.srcs/sources_1/bd/nand_zynq_sys/ip/nand_zynq_sys_axi_gpio_1_0/nand_zynq_sys_axi_gpio_1_0.dcp' for cell 'nand_zynq_sys_i/axi_gpio_1'
INFO: [Project 1-454] Reading design checkpoint 'd:/Vivado_Projects/Assignment/Assignment.srcs/sources_1/bd/nand_zynq_sys/ip/nand_zynq_sys_processing_system7_0_0/nand_zynq_sys_processing_system7_0_0.dcp' for cell 'nand_zynq_sys_i/processing_system7_0'
INFO: [Project 1-454] Reading design checkpoint 'd:/Vivado_Projects/Assignment/Assignment.srcs/sources_1/bd/nand_zynq_sys/ip/nand_zynq_sys_rst_ps7_0_100M_0/nand_zynq_sys_rst_ps7_0_100M_0.dcp' for cell 'nand_zynq_sys_i/rst_ps7_0_100M'
INFO: [Project 1-454] Reading design checkpoint 'd:/Vivado_Projects/Assignment/Assignment.srcs/sources_1/bd/nand_zynq_sys/ip/nand_zynq_sys_xbar_0/nand_zynq_sys_xbar_0.dcp' for cell 'nand_zynq_sys_i/ps7_0_axi_periph/xbar'
INFO: [Project 1-454] Reading design checkpoint 'd:/Vivado_Projects/Assignment/Assignment.srcs/sources_1/bd/nand_zynq_sys/ip/nand_zynq_sys_auto_pc_0/nand_zynq_sys_auto_pc_0.dcp' for cell 'nand_zynq_sys_i/ps7_0_axi_periph/s00_couplers/auto_pc'
INFO: [Netlist 29-17] Analyzing 20 Unisim elements for replacement
INFO: [Netlist 29-28] Unisim Transformation completed in 0 CPU seconds
INFO: [Project 1-479] Netlist was created with Vivado 2018.2
INFO: [Device 21-403] Loading part xc7z020clg484-1
INFO: [Project 1-570] Preparing netlist for logic optimization
Parsing XDC File [d:/Vivado_Projects/Assignment/Assignment.srcs/sources_1/bd/nand_zynq_sys/ip/nand_zynq_sys_processing_system7_0_0/nand_zynq_sys_processing_system7_0_0.xdc] for cell 'nand_zynq_sys_i/processing_system7_0/inst'
Finished Parsing XDC File [d:/Vivado_Projects/Assignment/Assignment.srcs/sources_1/bd/nand_zynq_sys/ip/nand_zynq_sys_processing_system7_0_0/nand_zynq_sys_processing_system7_0_0.xdc] for cell 'nand_zynq_sys_i/processing_system7_0/inst'
Parsing XDC File [d:/Vivado_Projects/Assignment/Assignment.srcs/sources_1/bd/nand_zynq_sys/ip/nand_zynq_sys_axi_gpio_0_0/nand_zynq_sys_axi_gpio_0_0_board.xdc] for cell 'nand_zynq_sys_i/axi_gpio_0/U0'
Finished Parsing XDC File [d:/Vivado_Projects/Assignment/Assignment.srcs/sources_1/bd/nand_zynq_sys/ip/nand_zynq_sys_axi_gpio_0_0/nand_zynq_sys_axi_gpio_0_0_board.xdc] for cell 'nand_zynq_sys_i/axi_gpio_0/U0'
Parsing XDC File [d:/Vivado_Projects/Assignment/Assignment.srcs/sources_1/bd/nand_zynq_sys/ip/nand_zynq_sys_axi_gpio_0_0/nand_zynq_sys_axi_gpio_0_0.xdc] for cell 'nand_zynq_sys_i/axi_gpio_0/U0'
Finished Parsing XDC File [d:/Vivado_Projects/Assignment/Assignment.srcs/sources_1/bd/nand_zynq_sys/ip/nand_zynq_sys_axi_gpio_0_0/nand_zynq_sys_axi_gpio_0_0.xdc] for cell 'nand_zynq_sys_i/axi_gpio_0/U0'
Parsing XDC File [d:/Vivado_Projects/Assignment/Assignment.srcs/sources_1/bd/nand_zynq_sys/ip/nand_zynq_sys_axi_gpio_1_0/nand_zynq_sys_axi_gpio_1_0_board.xdc] for cell 'nand_zynq_sys_i/axi_gpio_1/U0'
Finished Parsing XDC File [d:/Vivado_Projects/Assignment/Assignment.srcs/sources_1/bd/nand_zynq_sys/ip/nand_zynq_sys_axi_gpio_1_0/nand_zynq_sys_axi_gpio_1_0_board.xdc] for cell 'nand_zynq_sys_i/axi_gpio_1/U0'
Parsing XDC File [d:/Vivado_Projects/Assignment/Assignment.srcs/sources_1/bd/nand_zynq_sys/ip/nand_zynq_sys_axi_gpio_1_0/nand_zynq_sys_axi_gpio_1_0.xdc] for cell 'nand_zynq_sys_i/axi_gpio_1/U0'
Finished Parsing XDC File [d:/Vivado_Projects/Assignment/Assignment.srcs/sources_1/bd/nand_zynq_sys/ip/nand_zynq_sys_axi_gpio_1_0/nand_zynq_sys_axi_gpio_1_0.xdc] for cell 'nand_zynq_sys_i/axi_gpio_1/U0'
Parsing XDC File [d:/Vivado_Projects/Assignment/Assignment.srcs/sources_1/bd/nand_zynq_sys/ip/nand_zynq_sys_rst_ps7_0_100M_0/nand_zynq_sys_rst_ps7_0_100M_0_board.xdc] for cell 'nand_zynq_sys_i/rst_ps7_0_100M/U0'
Finished Parsing XDC File [d:/Vivado_Projects/Assignment/Assignment.srcs/sources_1/bd/nand_zynq_sys/ip/nand_zynq_sys_rst_ps7_0_100M_0/nand_zynq_sys_rst_ps7_0_100M_0_board.xdc] for cell 'nand_zynq_sys_i/rst_ps7_0_100M/U0'
Parsing XDC File [d:/Vivado_Projects/Assignment/Assignment.srcs/sources_1/bd/nand_zynq_sys/ip/nand_zynq_sys_rst_ps7_0_100M_0/nand_zynq_sys_rst_ps7_0_100M_0.xdc] for cell 'nand_zynq_sys_i/rst_ps7_0_100M/U0'
Finished Parsing XDC File [d:/Vivado_Projects/Assignment/Assignment.srcs/sources_1/bd/nand_zynq_sys/ip/nand_zynq_sys_rst_ps7_0_100M_0/nand_zynq_sys_rst_ps7_0_100M_0.xdc] for cell 'nand_zynq_sys_i/rst_ps7_0_100M/U0'
Parsing XDC File [D:/Vivado_Projects/Assignment/Assignment.srcs/constrs_1/new/cons.xdc]
WARNING: [Vivado 12-584] No ports matched 'a'. [D:/Vivado_Projects/Assignment/Assignment.srcs/constrs_1/new/cons.xdc:237]
CRITICAL WARNING: [Common 17-55] 'set_property' expects at least one object. [D:/Vivado_Projects/Assignment/Assignment.srcs/constrs_1/new/cons.xdc:237]
Resolution: If [get_<value>] was used to populate the object, check to make sure this command returns at least one valid object.
WARNING: [Vivado 12-584] No ports matched 'b'. [D:/Vivado_Projects/Assignment/Assignment.srcs/constrs_1/new/cons.xdc:238]
CRITICAL WARNING: [Common 17-55] 'set_property' expects at least one object. [D:/Vivado_Projects/Assignment/Assignment.srcs/constrs_1/new/cons.xdc:238]
Resolution: If [get_<value>] was used to populate the object, check to make sure this command returns at least one valid object.
WARNING: [Vivado 12-584] No ports matched 'a'. [D:/Vivado_Projects/Assignment/Assignment.srcs/constrs_1/new/cons.xdc:372]
WARNING: [Vivado 12-584] No ports matched '[get_ports -of_objects [get_ports a]]'. [D:/Vivado_Projects/Assignment/Assignment.srcs/constrs_1/new/cons.xdc:372]
CRITICAL WARNING: [Common 17-55] 'set_property' expects at least one object. [D:/Vivado_Projects/Assignment/Assignment.srcs/constrs_1/new/cons.xdc:372]
Resolution: If [get_<value>] was used to populate the object, check to make sure this command returns at least one valid object.
WARNING: [Vivado 12-584] No ports matched 'b'. [D:/Vivado_Projects/Assignment/Assignment.srcs/constrs_1/new/cons.xdc:373]
WARNING: [Vivado 12-584] No ports matched '[get_ports -of_objects [get_ports b]]'. [D:/Vivado_Projects/Assignment/Assignment.srcs/constrs_1/new/cons.xdc:373]
CRITICAL WARNING: [Common 17-55] 'set_property' expects at least one object. [D:/Vivado_Projects/Assignment/Assignment.srcs/constrs_1/new/cons.xdc:373]
Resolution: If [get_<value>] was used to populate the object, check to make sure this command returns at least one valid object.
Finished Parsing XDC File [D:/Vivado_Projects/Assignment/Assignment.srcs/constrs_1/new/cons.xdc]
INFO: [Opt 31-138] Pushed 0 inverter(s) to 0 load pin(s).
INFO: [Project 1-111] Unisim Transformation Summary:
No Unisim elements were transformed.

17 Infos, 6 Warnings, 4 Critical Warnings and 0 Errors encountered.
link_design completed successfully
link_design: Time (s): cpu = 00:00:14 ; elapsed = 00:00:20 . Memory (MB): peak = 757.484 ; gain = 397.871
Command: opt_design
Attempting to get a license for feature 'Implementation' and/or device 'xc7z020'
INFO: [Common 17-349] Got license for feature 'Implementation' and/or device 'xc7z020'
Running DRC as a precondition to command opt_design

Starting DRC Task
INFO: [DRC 23-27] Running DRC with 2 threads
INFO: [Project 1-461] DRC finished with 0 Errors
INFO: [Project 1-462] Please refer to the DRC report (report_drc) for more information.

Time (s): cpu = 00:00:01 ; elapsed = 00:00:00.457 . Memory (MB): peak = 766.090 ; gain = 8.605

Starting Cache Timing Information Task
INFO: [Timing 38-35] Done setting XDC timing constraints.
Ending Cache Timing Information Task | Checksum: 23269229b

Time (s): cpu = 00:00:08 ; elapsed = 00:00:09 . Memory (MB): peak = 1309.199 ; gain = 543.109

Starting Logic Optimization Task

Phase 1 Retarget
INFO: [Opt 31-138] Pushed 0 inverter(s) to 0 load pin(s).
INFO: [Opt 31-49] Retargeted 0 cell(s).
Phase 1 Retarget | Checksum: 1c6f3b1e9

Time (s): cpu = 00:00:00 ; elapsed = 00:00:00.110 . Memory (MB): peak = 1309.199 ; gain = 0.000
INFO: [Opt 31-389] Phase Retarget created 0 cells and removed 0 cells

Phase 2 Constant propagation
INFO: [Opt 31-138] Pushed 0 inverter(s) to 0 load pin(s).
Phase 2 Constant propagation | Checksum: 1c6f3b1e9

Time (s): cpu = 00:00:00 ; elapsed = 00:00:00.136 . Memory (MB): peak = 1309.199 ; gain = 0.000
INFO: [Opt 31-389] Phase Constant propagation created 0 cells and removed 0 cells

Phase 3 Sweep
Phase 3 Sweep | Checksum: 246e1229f

Time (s): cpu = 00:00:00 ; elapsed = 00:00:00.363 . Memory (MB): peak = 1309.199 ; gain = 0.000
INFO: [Opt 31-389] Phase Sweep created 0 cells and removed 190 cells

Phase 4 BUFG optimization
Phase 4 BUFG optimization | Checksum: 246e1229f

Time (s): cpu = 00:00:00 ; elapsed = 00:00:00.403 . Memory (MB): peak = 1309.199 ; gain = 0.000
INFO: [Opt 31-662] Phase BUFG optimization created 0 cells of which 0 are BUFGs and removed 0 cells.

Phase 5 Shift Register Optimization
Phase 5 Shift Register Optimization | Checksum: 227f91873

Time (s): cpu = 00:00:00 ; elapsed = 00:00:00.531 . Memory (MB): peak = 1309.199 ; gain = 0.000
INFO: [Opt 31-389] Phase Shift Register Optimization created 0 cells and removed 0 cells

Phase 6 Post Processing Netlist
Phase 6 Post Processing Netlist | Checksum: 227f91873

Time (s): cpu = 00:00:00 ; elapsed = 00:00:00.562 . Memory (MB): peak = 1309.199 ; gain = 0.000
INFO: [Opt 31-389] Phase Post Processing Netlist created 0 cells and removed 0 cells

Starting Connectivity Check Task

Time (s): cpu = 00:00:00 ; elapsed = 00:00:00.002 . Memory (MB): peak = 1309.199 ; gain = 0.000
Ending Logic Optimization Task | Checksum: 227f91873

Time (s): cpu = 00:00:00 ; elapsed = 00:00:00.574 . Memory (MB): peak = 1309.199 ; gain = 0.000

Starting Power Optimization Task
INFO: [Pwropt 34-132] Skipping clock gating for clocks with a period < 2.00 ns.
Ending Power Optimization Task | Checksum: 227f91873

Time (s): cpu = 00:00:00 ; elapsed = 00:00:00.008 . Memory (MB): peak = 1309.199 ; gain = 0.000

Starting Final Cleanup Task
Ending Final Cleanup Task | Checksum: 227f91873

Time (s): cpu = 00:00:00 ; elapsed = 00:00:00 . Memory (MB): peak = 1309.199 ; gain = 0.000
INFO: [Common 17-83] Releasing license: Implementation
33 Infos, 6 Warnings, 4 Critical Warnings and 0 Errors encountered.
opt_design completed successfully
opt_design: Time (s): cpu = 00:00:09 ; elapsed = 00:00:10 . Memory (MB): peak = 1309.199 ; gain = 551.715
INFO: [Timing 38-480] Writing timing data to binary archive.
Writing placer database...
Writing XDEF routing.
Writing XDEF routing logical nets.
Writing XDEF routing special nets.
Write XDEF Complete: Time (s): cpu = 00:00:00 ; elapsed = 00:00:00.044 . Memory (MB): peak = 1309.199 ; gain = 0.000
INFO: [Common 17-1381] The checkpoint 'D:/Vivado_Projects/Assignment/Assignment.runs/impl_1/nand_zynq_sys_wrapper_opt.dcp' has been generated.
INFO: [runtcl-4] Executing : report_drc -file nand_zynq_sys_wrapper_drc_opted.rpt -pb nand_zynq_sys_wrapper_drc_opted.pb -rpx nand_zynq_sys_wrapper_drc_opted.rpx
Command: report_drc -file nand_zynq_sys_wrapper_drc_opted.rpt -pb nand_zynq_sys_wrapper_drc_opted.pb -rpx nand_zynq_sys_wrapper_drc_opted.rpx
INFO: [DRC 23-27] Running DRC with 2 threads
INFO: [Coretcl 2-168] The results of DRC are in file D:/Vivado_Projects/Assignment/Assignment.runs/impl_1/nand_zynq_sys_wrapper_drc_opted.rpt.
report_drc completed successfully
Command: place_design
Attempting to get a license for feature 'Implementation' and/or device 'xc7z020'
INFO: [Common 17-349] Got license for feature 'Implementation' and/or device 'xc7z020'
INFO: [DRC 23-27] Running DRC with 2 threads
INFO: [Vivado_Tcl 4-198] DRC finished with 0 Errors
INFO: [Vivado_Tcl 4-199] Please refer to the DRC report (report_drc) for more information.
Running DRC as a precondition to command place_design
INFO: [DRC 23-27] Running DRC with 2 threads
INFO: [Vivado_Tcl 4-198] DRC finished with 0 Errors
INFO: [Vivado_Tcl 4-199] Please refer to the DRC report (report_drc) for more information.

Starting Placer Task
INFO: [Place 30-611] Multithreading enabled for place_design using a maximum of 2 CPUs

Phase 1 Placer Initialization

Phase 1.1 Placer Initialization Netlist Sorting
Netlist sorting complete. Time (s): cpu = 00:00:00 ; elapsed = 00:00:00.003 . Memory (MB): peak = 1309.199 ; gain = 0.000
Phase 1.1 Placer Initialization Netlist Sorting | Checksum: 18e1a5106

Time (s): cpu = 00:00:00 ; elapsed = 00:00:00.007 . Memory (MB): peak = 1309.199 ; gain = 0.000
Netlist sorting complete. Time (s): cpu = 00:00:00 ; elapsed = 00:00:00.003 . Memory (MB): peak = 1309.199 ; gain = 0.000

Phase 1.2 IO Placement/ Clock Placement/ Build Placer Device
INFO: [Timing 38-35] Done setting XDC timing constraints.
Phase 1.2 IO Placement/ Clock Placement/ Build Placer Device | Checksum: 3f77d7d0

Time (s): cpu = 00:00:01 ; elapsed = 00:00:01 . Memory (MB): peak = 1309.199 ; gain = 0.000

Phase 1.3 Build Placer Netlist Model
Phase 1.3 Build Placer Netlist Model | Checksum: 19a604a70

Time (s): cpu = 00:00:01 ; elapsed = 00:00:01 . Memory (MB): peak = 1309.199 ; gain = 0.000

Phase 1.4 Constrain Clocks/Macros
Phase 1.4 Constrain Clocks/Macros | Checksum: 19a604a70

Time (s): cpu = 00:00:01 ; elapsed = 00:00:01 . Memory (MB): peak = 1309.199 ; gain = 0.000
Phase 1 Placer Initialization | Checksum: 19a604a70

Time (s): cpu = 00:00:01 ; elapsed = 00:00:01 . Memory (MB): peak = 1309.199 ; gain = 0.000

Phase 2 Global Placement

Phase 2.1 Floorplanning
Phase 2.1 Floorplanning | Checksum: 16600c018

Time (s): cpu = 00:00:01 ; elapsed = 00:00:01 . Memory (MB): peak = 1309.199 ; gain = 0.000

Phase 2.2 Physical Synthesis In Placer
INFO: [Physopt 32-65] No nets found for high-fanout optimization.
INFO: [Physopt 32-232] Optimized 0 net. Created 0 new instance.
INFO: [Physopt 32-775] End 1 Pass. Optimized 0 net or cell. Created 0 new cell, deleted 0 existing cell and moved 0 existing cell
Netlist sorting complete. Time (s): cpu = 00:00:00 ; elapsed = 00:00:00.003 . Memory (MB): peak = 1309.199 ; gain = 0.000

Summary of Physical Synthesis Optimizations
============================================


-----------------------------------------------------------------------------------------------------------------------------
|  Optimization       |  Added Cells  |  Removed Cells  |  Optimized Cells/Nets  |  Dont Touch  |  Iterations  |  Elapsed   |
-----------------------------------------------------------------------------------------------------------------------------
|  Very High Fanout   |            0  |              0  |                     0  |           0  |           1  |  00:00:00  |
|  Total              |            0  |              0  |                     0  |           0  |           1  |  00:00:00  |
-----------------------------------------------------------------------------------------------------------------------------


Phase 2.2 Physical Synthesis In Placer | Checksum: 1b0fc05f6

Time (s): cpu = 00:00:03 ; elapsed = 00:00:03 . Memory (MB): peak = 1309.199 ; gain = 0.000
Phase 2 Global Placement | Checksum: 1a81a9307

Time (s): cpu = 00:00:03 ; elapsed = 00:00:03 . Memory (MB): peak = 1309.199 ; gain = 0.000

Phase 3 Detail Placement

Phase 3.1 Commit Multi Column Macros
Phase 3.1 Commit Multi Column Macros | Checksum: 1a81a9307

Time (s): cpu = 00:00:03 ; elapsed = 00:00:03 . Memory (MB): peak = 1309.199 ; gain = 0.000

Phase 3.2 Commit Most Macros & LUTRAMs
Phase 3.2 Commit Most Macros & LUTRAMs | Checksum: 1296f11da

Time (s): cpu = 00:00:03 ; elapsed = 00:00:03 . Memory (MB): peak = 1309.199 ; gain = 0.000

Phase 3.3 Area Swap Optimization
Phase 3.3 Area Swap Optimization | Checksum: 1cc270df5

Time (s): cpu = 00:00:03 ; elapsed = 00:00:03 . Memory (MB): peak = 1309.199 ; gain = 0.000

Phase 3.4 Pipeline Register Optimization
Phase 3.4 Pipeline Register Optimization | Checksum: 1cc270df5

Time (s): cpu = 00:00:03 ; elapsed = 00:00:03 . Memory (MB): peak = 1309.199 ; gain = 0.000

Phase 3.5 Small Shape Detail Placement
Phase 3.5 Small Shape Detail Placement | Checksum: 2091a4c36

Time (s): cpu = 00:00:04 ; elapsed = 00:00:03 . Memory (MB): peak = 1309.199 ; gain = 0.000

Phase 3.6 Re-assign LUT pins
Phase 3.6 Re-assign LUT pins | Checksum: 26b703c74

Time (s): cpu = 00:00:04 ; elapsed = 00:00:03 . Memory (MB): peak = 1309.199 ; gain = 0.000

Phase 3.7 Pipeline Register Optimization
Phase 3.7 Pipeline Register Optimization | Checksum: 26b703c74

Time (s): cpu = 00:00:04 ; elapsed = 00:00:03 . Memory (MB): peak = 1309.199 ; gain = 0.000
Phase 3 Detail Placement | Checksum: 26b703c74

Time (s): cpu = 00:00:04 ; elapsed = 00:00:03 . Memory (MB): peak = 1309.199 ; gain = 0.000

Phase 4 Post Placement Optimization and Clean-Up

Phase 4.1 Post Commit Optimization
INFO: [Timing 38-35] Done setting XDC timing constraints.

Phase 4.1.1 Post Placement Optimization
Post Placement Optimization Initialization | Checksum: 1376194ee

Phase 4.1.1.1 BUFG Insertion
INFO: [Place 46-31] BUFG insertion identified 0 candidate nets, 0 success, 0 skipped for placement/routing, 0 skipped for timing, 0 skipped for netlist change reason.
Phase 4.1.1.1 BUFG Insertion | Checksum: 1376194ee

Time (s): cpu = 00:00:04 ; elapsed = 00:00:03 . Memory (MB): peak = 1328.285 ; gain = 19.086
INFO: [Place 30-746] Post Placement Timing Summary WNS=4.172. For the most accurate timing information please run report_timing.
Phase 4.1.1 Post Placement Optimization | Checksum: 114845249

Time (s): cpu = 00:00:04 ; elapsed = 00:00:03 . Memory (MB): peak = 1328.285 ; gain = 19.086
Phase 4.1 Post Commit Optimization | Checksum: 114845249

Time (s): cpu = 00:00:04 ; elapsed = 00:00:03 . Memory (MB): peak = 1328.285 ; gain = 19.086

Phase 4.2 Post Placement Cleanup
Phase 4.2 Post Placement Cleanup | Checksum: 114845249

Time (s): cpu = 00:00:04 ; elapsed = 00:00:03 . Memory (MB): peak = 1328.285 ; gain = 19.086

Phase 4.3 Placer Reporting
Phase 4.3 Placer Reporting | Checksum: 114845249

Time (s): cpu = 00:00:04 ; elapsed = 00:00:03 . Memory (MB): peak = 1328.285 ; gain = 19.086

Phase 4.4 Final Placement Cleanup
Phase 4.4 Final Placement Cleanup | Checksum: e83aa2ee

Time (s): cpu = 00:00:04 ; elapsed = 00:00:03 . Memory (MB): peak = 1328.285 ; gain = 19.086
Phase 4 Post Placement Optimization and Clean-Up | Checksum: e83aa2ee

Time (s): cpu = 00:00:04 ; elapsed = 00:00:03 . Memory (MB): peak = 1328.285 ; gain = 19.086
Ending Placer Task | Checksum: d5828a13

Time (s): cpu = 00:00:04 ; elapsed = 00:00:03 . Memory (MB): peak = 1328.285 ; gain = 19.086
INFO: [Common 17-83] Releasing license: Implementation
54 Infos, 6 Warnings, 4 Critical Warnings and 0 Errors encountered.
place_design completed successfully
INFO: [Timing 38-480] Writing timing data to binary archive.
Writing placer database...
Writing XDEF routing.
Writing XDEF routing logical nets.
Writing XDEF routing special nets.
Write XDEF Complete: Time (s): cpu = 00:00:00 ; elapsed = 00:00:00.099 . Memory (MB): peak = 1335.844 ; gain = 7.559
INFO: [Common 17-1381] The checkpoint 'D:/Vivado_Projects/Assignment/Assignment.runs/impl_1/nand_zynq_sys_wrapper_placed.dcp' has been generated.
INFO: [runtcl-4] Executing : report_io -file nand_zynq_sys_wrapper_io_placed.rpt
report_io: Time (s): cpu = 00:00:00 ; elapsed = 00:00:00.044 . Memory (MB): peak = 1335.844 ; gain = 0.000
INFO: [runtcl-4] Executing : report_utilization -file nand_zynq_sys_wrapper_utilization_placed.rpt -pb nand_zynq_sys_wrapper_utilization_placed.pb
report_utilization: Time (s): cpu = 00:00:00 ; elapsed = 00:00:00.035 . Memory (MB): peak = 1335.844 ; gain = 0.000
INFO: [runtcl-4] Executing : report_control_sets -verbose -file nand_zynq_sys_wrapper_control_sets_placed.rpt
report_control_sets: Time (s): cpu = 00:00:00 ; elapsed = 00:00:00.005 . Memory (MB): peak = 1335.844 ; gain = 0.000
Command: route_design
Attempting to get a license for feature 'Implementation' and/or device 'xc7z020'
INFO: [Common 17-349] Got license for feature 'Implementation' and/or device 'xc7z020'
Running DRC as a precondition to command route_design
INFO: [DRC 23-27] Running DRC with 2 threads
INFO: [Vivado_Tcl 4-198] DRC finished with 0 Errors
INFO: [Vivado_Tcl 4-199] Please refer to the DRC report (report_drc) for more information.


Starting Routing Task
INFO: [Route 35-254] Multithreading enabled for route_design using a maximum of 2 CPUs
Checksum: PlaceDB: d47376d3 ConstDB: 0 ShapeSum: 10f1340 RouteDB: 0

Phase 1 Build RT Design
Phase 1 Build RT Design | Checksum: 10ccd396f

Time (s): cpu = 00:00:19 ; elapsed = 00:00:16 . Memory (MB): peak = 1453.934 ; gain = 118.090
Post Restoration Checksum: NetGraph: 594e3c47 NumContArr: b37efd28 Constraints: 0 Timing: 0

Phase 2 Router Initialization

Phase 2.1 Create Timer
Phase 2.1 Create Timer | Checksum: 10ccd396f

Time (s): cpu = 00:00:19 ; elapsed = 00:00:17 . Memory (MB): peak = 1453.934 ; gain = 118.090

Phase 2.2 Fix Topology Constraints
Phase 2.2 Fix Topology Constraints | Checksum: 10ccd396f

Time (s): cpu = 00:00:19 ; elapsed = 00:00:17 . Memory (MB): peak = 1460.910 ; gain = 125.066

Phase 2.3 Pre Route Cleanup
Phase 2.3 Pre Route Cleanup | Checksum: 10ccd396f

Time (s): cpu = 00:00:19 ; elapsed = 00:00:17 . Memory (MB): peak = 1460.910 ; gain = 125.066
 Number of Nodes with overlaps = 0

Phase 2.4 Update Timing
Phase 2.4 Update Timing | Checksum: 1ef5af477

Time (s): cpu = 00:00:19 ; elapsed = 00:00:17 . Memory (MB): peak = 1481.855 ; gain = 146.012
INFO: [Route 35-416] Intermediate Timing Summary | WNS=4.141  | TNS=0.000  | WHS=-0.239 | THS=-18.350|

Phase 2 Router Initialization | Checksum: 1e0464b15

Time (s): cpu = 00:00:20 ; elapsed = 00:00:17 . Memory (MB): peak = 1481.855 ; gain = 146.012

Phase 3 Initial Routing
Phase 3 Initial Routing | Checksum: dabe00cf

Time (s): cpu = 00:00:20 ; elapsed = 00:00:17 . Memory (MB): peak = 1481.855 ; gain = 146.012

Phase 4 Rip-up And Reroute

Phase 4.1 Global Iteration 0
 Number of Nodes with overlaps = 101
 Number of Nodes with overlaps = 1
 Number of Nodes with overlaps = 0
INFO: [Route 35-416] Intermediate Timing Summary | WNS=4.005  | TNS=0.000  | WHS=N/A    | THS=N/A    |

Phase 4.1 Global Iteration 0 | Checksum: c8376c9c

Time (s): cpu = 00:00:20 ; elapsed = 00:00:17 . Memory (MB): peak = 1481.855 ; gain = 146.012

Phase 4.2 Global Iteration 1
 Number of Nodes with overlaps = 0
INFO: [Route 35-416] Intermediate Timing Summary | WNS=4.005  | TNS=0.000  | WHS=N/A    | THS=N/A    |

Phase 4.2 Global Iteration 1 | Checksum: c477f451

Time (s): cpu = 00:00:20 ; elapsed = 00:00:17 . Memory (MB): peak = 1481.855 ; gain = 146.012
Phase 4 Rip-up And Reroute | Checksum: c477f451

Time (s): cpu = 00:00:20 ; elapsed = 00:00:17 . Memory (MB): peak = 1481.855 ; gain = 146.012

Phase 5 Delay and Skew Optimization

Phase 5.1 Delay CleanUp
Phase 5.1 Delay CleanUp | Checksum: c477f451

Time (s): cpu = 00:00:20 ; elapsed = 00:00:17 . Memory (MB): peak = 1481.855 ; gain = 146.012

Phase 5.2 Clock Skew Optimization
Phase 5.2 Clock Skew Optimization | Checksum: c477f451

Time (s): cpu = 00:00:20 ; elapsed = 00:00:17 . Memory (MB): peak = 1481.855 ; gain = 146.012
Phase 5 Delay and Skew Optimization | Checksum: c477f451

Time (s): cpu = 00:00:20 ; elapsed = 00:00:17 . Memory (MB): peak = 1481.855 ; gain = 146.012

Phase 6 Post Hold Fix

Phase 6.1 Hold Fix Iter

Phase 6.1.1 Update Timing
Phase 6.1.1 Update Timing | Checksum: 10c33ce2d

Time (s): cpu = 00:00:20 ; elapsed = 00:00:17 . Memory (MB): peak = 1481.855 ; gain = 146.012
INFO: [Route 35-416] Intermediate Timing Summary | WNS=4.120  | TNS=0.000  | WHS=0.038  | THS=0.000  |

Phase 6.1 Hold Fix Iter | Checksum: 1b327513b

Time (s): cpu = 00:00:20 ; elapsed = 00:00:17 . Memory (MB): peak = 1481.855 ; gain = 146.012
Phase 6 Post Hold Fix | Checksum: 1b327513b

Time (s): cpu = 00:00:20 ; elapsed = 00:00:17 . Memory (MB): peak = 1481.855 ; gain = 146.012

Phase 7 Route finalize

Router Utilization Summary
  Global Vertical Routing Utilization    = 0.181009 %
  Global Horizontal Routing Utilization  = 0.208333 %
  Routable Net Status*
  *Does not include unroutable nets such as driverless and loadless.
  Run report_route_status for detailed report.
  Number of Failed Nets               = 0
  Number of Unrouted Nets             = 0
  Number of Partially Routed Nets     = 0
  Number of Node Overlaps             = 0

Phase 7 Route finalize | Checksum: 16ba00c0d

Time (s): cpu = 00:00:20 ; elapsed = 00:00:17 . Memory (MB): peak = 1481.855 ; gain = 146.012

Phase 8 Verifying routed nets

 Verification completed successfully
Phase 8 Verifying routed nets | Checksum: 16ba00c0d

Time (s): cpu = 00:00:20 ; elapsed = 00:00:17 . Memory (MB): peak = 1481.855 ; gain = 146.012

Phase 9 Depositing Routes
Phase 9 Depositing Routes | Checksum: 1b10e6b9f

Time (s): cpu = 00:00:20 ; elapsed = 00:00:17 . Memory (MB): peak = 1481.855 ; gain = 146.012

Phase 10 Post Router Timing
INFO: [Route 35-57] Estimated Timing Summary | WNS=4.120  | TNS=0.000  | WHS=0.038  | THS=0.000  |

INFO: [Route 35-327] The final timing numbers are based on the router estimated timing analysis. For a complete and accurate timing signoff, please run report_timing_summary.
Phase 10 Post Router Timing | Checksum: 1b10e6b9f

Time (s): cpu = 00:00:20 ; elapsed = 00:00:17 . Memory (MB): peak = 1481.855 ; gain = 146.012
INFO: [Route 35-16] Router Completed Successfully

Time (s): cpu = 00:00:20 ; elapsed = 00:00:17 . Memory (MB): peak = 1481.855 ; gain = 146.012

Routing Is Done.
INFO: [Common 17-83] Releasing license: Implementation
72 Infos, 6 Warnings, 4 Critical Warnings and 0 Errors encountered.
route_design completed successfully
route_design: Time (s): cpu = 00:00:21 ; elapsed = 00:00:18 . Memory (MB): peak = 1481.855 ; gain = 146.012
INFO: [Timing 38-480] Writing timing data to binary archive.
Writing placer database...
Writing XDEF routing.
Writing XDEF routing logical nets.
Writing XDEF routing special nets.
Write XDEF Complete: Time (s): cpu = 00:00:01 ; elapsed = 00:00:00.124 . Memory (MB): peak = 1481.855 ; gain = 0.000
INFO: [Common 17-1381] The checkpoint 'D:/Vivado_Projects/Assignment/Assignment.runs/impl_1/nand_zynq_sys_wrapper_routed.dcp' has been generated.
INFO: [runtcl-4] Executing : report_drc -file nand_zynq_sys_wrapper_drc_routed.rpt -pb nand_zynq_sys_wrapper_drc_routed.pb -rpx nand_zynq_sys_wrapper_drc_routed.rpx
Command: report_drc -file nand_zynq_sys_wrapper_drc_routed.rpt -pb nand_zynq_sys_wrapper_drc_routed.pb -rpx nand_zynq_sys_wrapper_drc_routed.rpx
INFO: [DRC 23-27] Running DRC with 2 threads
INFO: [Coretcl 2-168] The results of DRC are in file D:/Vivado_Projects/Assignment/Assignment.runs/impl_1/nand_zynq_sys_wrapper_drc_routed.rpt.
report_drc completed successfully
INFO: [runtcl-4] Executing : report_methodology -file nand_zynq_sys_wrapper_methodology_drc_routed.rpt -pb nand_zynq_sys_wrapper_methodology_drc_routed.pb -rpx nand_zynq_sys_wrapper_methodology_drc_routed.rpx
Command: report_methodology -file nand_zynq_sys_wrapper_methodology_drc_routed.rpt -pb nand_zynq_sys_wrapper_methodology_drc_routed.pb -rpx nand_zynq_sys_wrapper_methodology_drc_routed.rpx
INFO: [Timing 38-35] Done setting XDC timing constraints.
INFO: [Timing 38-35] Done setting XDC timing constraints.
INFO: [DRC 23-133] Running Methodology with 2 threads
INFO: [Coretcl 2-1520] The results of Report Methodology are in file D:/Vivado_Projects/Assignment/Assignment.runs/impl_1/nand_zynq_sys_wrapper_methodology_drc_routed.rpt.
report_methodology completed successfully
INFO: [runtcl-4] Executing : report_power -file nand_zynq_sys_wrapper_power_routed.rpt -pb nand_zynq_sys_wrapper_power_summary_routed.pb -rpx nand_zynq_sys_wrapper_power_routed.rpx
Command: report_power -file nand_zynq_sys_wrapper_power_routed.rpt -pb nand_zynq_sys_wrapper_power_summary_routed.pb -rpx nand_zynq_sys_wrapper_power_routed.rpx
INFO: [Timing 38-35] Done setting XDC timing constraints.
Running Vector-less Activity Propagation...

Finished Running Vector-less Activity Propagation
84 Infos, 6 Warnings, 4 Critical Warnings and 0 Errors encountered.
report_power completed successfully
INFO: [runtcl-4] Executing : report_route_status -file nand_zynq_sys_wrapper_route_status.rpt -pb nand_zynq_sys_wrapper_route_status.pb
INFO: [runtcl-4] Executing : report_timing_summary -max_paths 10 -file nand_zynq_sys_wrapper_timing_summary_routed.rpt -pb nand_zynq_sys_wrapper_timing_summary_routed.pb -rpx nand_zynq_sys_wrapper_timing_summary_routed.rpx -warn_on_violation 
INFO: [Timing 38-91] UpdateTimingParams: Speed grade: -1, Delay Type: min_max, Timing Stage: Requireds.
INFO: [Timing 38-191] Multithreading enabled for timing update using a maximum of 2 CPUs
INFO: [runtcl-4] Executing : report_incremental_reuse -file nand_zynq_sys_wrapper_incremental_reuse_routed.rpt
INFO: [Vivado_Tcl 4-545] No incremental reuse to report, no incremental placement and routing data was found.
INFO: [runtcl-4] Executing : report_clock_utilization -file nand_zynq_sys_wrapper_clock_utilization_routed.rpt
INFO: [runtcl-4] Executing : report_bus_skew -warn_on_violation -file nand_zynq_sys_wrapper_bus_skew_routed.rpt -pb nand_zynq_sys_wrapper_bus_skew_routed.pb -rpx nand_zynq_sys_wrapper_bus_skew_routed.rpx
INFO: [Timing 38-91] UpdateTimingParams: Speed grade: -1, Delay Type: min_max, Timing Stage: Requireds.
INFO: [Timing 38-191] Multithreading enabled for timing update using a maximum of 2 CPUs
Command: write_bitstream -force nand_zynq_sys_wrapper.bit
Attempting to get a license for feature 'Implementation' and/or device 'xc7z020'
INFO: [Common 17-349] Got license for feature 'Implementation' and/or device 'xc7z020'
Running DRC as a precondition to command write_bitstream
INFO: [DRC 23-27] Running DRC with 2 threads
ERROR: [DRC NSTD-1] Unspecified I/O Standard: 2 out of 133 logical ports use I/O standard (IOSTANDARD) value 'DEFAULT', instead of a user assigned specific value. This may cause I/O contention or incompatibility with the board power or connectivity affecting performance, signal integrity or in extreme cases cause damage to the device or the components to which it is connected. To correct this violation, specify all I/O standards. This design will fail to generate a bitstream unless all logical ports have a user specified I/O standard value defined. To allow bitstream creation with unspecified I/O standard values (not recommended), use this command: set_property SEVERITY {Warning} [get_drc_checks NSTD-1].  NOTE: When using the Vivado Runs infrastructure (e.g. launch_runs Tcl command), add this command to a .tcl file and add that file as a pre-hook for write_bitstream step for the implementation run. Problem ports: b_0, and a_0.
ERROR: [DRC UCIO-1] Unconstrained Logical Port: 2 out of 133 logical ports have no user assigned specific location constraint (LOC). This may cause I/O contention or incompatibility with the board power or connectivity affecting performance, signal integrity or in extreme cases cause damage to the device or the components to which it is connected. To correct this violation, specify all pin locations. This design will fail to generate a bitstream unless all logical ports have a user specified site LOC constraint defined.  To allow bitstream creation with unspecified pin locations (not recommended), use this command: set_property SEVERITY {Warning} [get_drc_checks UCIO-1].  NOTE: When using the Vivado Runs infrastructure (e.g. launch_runs Tcl command), add this command to a .tcl file and add that file as a pre-hook for write_bitstream step for the implementation run.  Problem ports: b_0, and a_0.
INFO: [Vivado 12-3199] DRC finished with 2 Errors
INFO: [Vivado 12-3200] Please refer to the DRC report (report_drc) for more information.
ERROR: [Vivado 12-1345] Error(s) found during DRC. Bitgen not run.
INFO: [Common 17-83] Releasing license: Implementation
99 Infos, 6 Warnings, 4 Critical Warnings and 3 Errors encountered.
write_bitstream failed
ERROR: [Common 17-39] 'write_bitstream' failed due to earlier errors.

INFO: [Common 17-206] Exiting Vivado at Mon Aug  3 15:58:25 2026...

*** Running vivado
    with args -log nand_zynq_sys_wrapper.vdi -applog -m64 -product Vivado -messageDb vivado.pb -mode batch -source nand_zynq_sys_wrapper.tcl -notrace


****** Vivado v2018.2 (64-bit)
  **** SW Build 2258646 on Thu Jun 14 20:03:12 MDT 2018
  **** IP Build 2256618 on Thu Jun 14 22:10:49 MDT 2018
    ** Copyright 1986-2018 Xilinx, Inc. All Rights Reserved.

source nand_zynq_sys_wrapper.tcl -notrace
INFO: [IP_Flow 19-234] Refreshing IP repositories
INFO: [IP_Flow 19-1704] No user IP repositories specified
INFO: [IP_Flow 19-2313] Loaded Vivado IP repository 'D:/Xilinx/Vivado/2018.2/data/ip'.
Command: link_design -top nand_zynq_sys_wrapper -part xc7z020clg484-1
Design is defaulting to srcset: sources_1
Design is defaulting to constrset: constrs_1
INFO: [Project 1-454] Reading design checkpoint 'd:/Vivado_Projects/Assignment/Assignment.srcs/sources_1/bd/nand_zynq_sys/ip/nand_zynq_sys_and_gate_0_0/nand_zynq_sys_and_gate_0_0.dcp' for cell 'nand_zynq_sys_i/and_gate_0'
INFO: [Project 1-454] Reading design checkpoint 'd:/Vivado_Projects/Assignment/Assignment.srcs/sources_1/bd/nand_zynq_sys/ip/nand_zynq_sys_axi_gpio_0_0/nand_zynq_sys_axi_gpio_0_0.dcp' for cell 'nand_zynq_sys_i/axi_gpio_0'
INFO: [Project 1-454] Reading design checkpoint 'd:/Vivado_Projects/Assignment/Assignment.srcs/sources_1/bd/nand_zynq_sys/ip/nand_zynq_sys_axi_gpio_1_0/nand_zynq_sys_axi_gpio_1_0.dcp' for cell 'nand_zynq_sys_i/axi_gpio_1'
INFO: [Project 1-454] Reading design checkpoint 'd:/Vivado_Projects/Assignment/Assignment.srcs/sources_1/bd/nand_zynq_sys/ip/nand_zynq_sys_processing_system7_0_0/nand_zynq_sys_processing_system7_0_0.dcp' for cell 'nand_zynq_sys_i/processing_system7_0'
INFO: [Project 1-454] Reading design checkpoint 'd:/Vivado_Projects/Assignment/Assignment.srcs/sources_1/bd/nand_zynq_sys/ip/nand_zynq_sys_rst_ps7_0_100M_0/nand_zynq_sys_rst_ps7_0_100M_0.dcp' for cell 'nand_zynq_sys_i/rst_ps7_0_100M'
INFO: [Project 1-454] Reading design checkpoint 'd:/Vivado_Projects/Assignment/Assignment.srcs/sources_1/bd/nand_zynq_sys/ip/nand_zynq_sys_xbar_0/nand_zynq_sys_xbar_0.dcp' for cell 'nand_zynq_sys_i/ps7_0_axi_periph/xbar'
INFO: [Project 1-454] Reading design checkpoint 'd:/Vivado_Projects/Assignment/Assignment.srcs/sources_1/bd/nand_zynq_sys/ip/nand_zynq_sys_auto_pc_0/nand_zynq_sys_auto_pc_0.dcp' for cell 'nand_zynq_sys_i/ps7_0_axi_periph/s00_couplers/auto_pc'
INFO: [Netlist 29-17] Analyzing 20 Unisim elements for replacement
INFO: [Netlist 29-28] Unisim Transformation completed in 0 CPU seconds
INFO: [Project 1-479] Netlist was created with Vivado 2018.2
INFO: [Device 21-403] Loading part xc7z020clg484-1
INFO: [Project 1-570] Preparing netlist for logic optimization
Parsing XDC File [d:/Vivado_Projects/Assignment/Assignment.srcs/sources_1/bd/nand_zynq_sys/ip/nand_zynq_sys_processing_system7_0_0/nand_zynq_sys_processing_system7_0_0.xdc] for cell 'nand_zynq_sys_i/processing_system7_0/inst'
Finished Parsing XDC File [d:/Vivado_Projects/Assignment/Assignment.srcs/sources_1/bd/nand_zynq_sys/ip/nand_zynq_sys_processing_system7_0_0/nand_zynq_sys_processing_system7_0_0.xdc] for cell 'nand_zynq_sys_i/processing_system7_0/inst'
Parsing XDC File [d:/Vivado_Projects/Assignment/Assignment.srcs/sources_1/bd/nand_zynq_sys/ip/nand_zynq_sys_axi_gpio_0_0/nand_zynq_sys_axi_gpio_0_0_board.xdc] for cell 'nand_zynq_sys_i/axi_gpio_0/U0'
Finished Parsing XDC File [d:/Vivado_Projects/Assignment/Assignment.srcs/sources_1/bd/nand_zynq_sys/ip/nand_zynq_sys_axi_gpio_0_0/nand_zynq_sys_axi_gpio_0_0_board.xdc] for cell 'nand_zynq_sys_i/axi_gpio_0/U0'
Parsing XDC File [d:/Vivado_Projects/Assignment/Assignment.srcs/sources_1/bd/nand_zynq_sys/ip/nand_zynq_sys_axi_gpio_0_0/nand_zynq_sys_axi_gpio_0_0.xdc] for cell 'nand_zynq_sys_i/axi_gpio_0/U0'
Finished Parsing XDC File [d:/Vivado_Projects/Assignment/Assignment.srcs/sources_1/bd/nand_zynq_sys/ip/nand_zynq_sys_axi_gpio_0_0/nand_zynq_sys_axi_gpio_0_0.xdc] for cell 'nand_zynq_sys_i/axi_gpio_0/U0'
Parsing XDC File [d:/Vivado_Projects/Assignment/Assignment.srcs/sources_1/bd/nand_zynq_sys/ip/nand_zynq_sys_axi_gpio_1_0/nand_zynq_sys_axi_gpio_1_0_board.xdc] for cell 'nand_zynq_sys_i/axi_gpio_1/U0'
Finished Parsing XDC File [d:/Vivado_Projects/Assignment/Assignment.srcs/sources_1/bd/nand_zynq_sys/ip/nand_zynq_sys_axi_gpio_1_0/nand_zynq_sys_axi_gpio_1_0_board.xdc] for cell 'nand_zynq_sys_i/axi_gpio_1/U0'
Parsing XDC File [d:/Vivado_Projects/Assignment/Assignment.srcs/sources_1/bd/nand_zynq_sys/ip/nand_zynq_sys_axi_gpio_1_0/nand_zynq_sys_axi_gpio_1_0.xdc] for cell 'nand_zynq_sys_i/axi_gpio_1/U0'
Finished Parsing XDC File [d:/Vivado_Projects/Assignment/Assignment.srcs/sources_1/bd/nand_zynq_sys/ip/nand_zynq_sys_axi_gpio_1_0/nand_zynq_sys_axi_gpio_1_0.xdc] for cell 'nand_zynq_sys_i/axi_gpio_1/U0'
Parsing XDC File [d:/Vivado_Projects/Assignment/Assignment.srcs/sources_1/bd/nand_zynq_sys/ip/nand_zynq_sys_rst_ps7_0_100M_0/nand_zynq_sys_rst_ps7_0_100M_0_board.xdc] for cell 'nand_zynq_sys_i/rst_ps7_0_100M/U0'
Finished Parsing XDC File [d:/Vivado_Projects/Assignment/Assignment.srcs/sources_1/bd/nand_zynq_sys/ip/nand_zynq_sys_rst_ps7_0_100M_0/nand_zynq_sys_rst_ps7_0_100M_0_board.xdc] for cell 'nand_zynq_sys_i/rst_ps7_0_100M/U0'
Parsing XDC File [d:/Vivado_Projects/Assignment/Assignment.srcs/sources_1/bd/nand_zynq_sys/ip/nand_zynq_sys_rst_ps7_0_100M_0/nand_zynq_sys_rst_ps7_0_100M_0.xdc] for cell 'nand_zynq_sys_i/rst_ps7_0_100M/U0'
Finished Parsing XDC File [d:/Vivado_Projects/Assignment/Assignment.srcs/sources_1/bd/nand_zynq_sys/ip/nand_zynq_sys_rst_ps7_0_100M_0/nand_zynq_sys_rst_ps7_0_100M_0.xdc] for cell 'nand_zynq_sys_i/rst_ps7_0_100M/U0'
Parsing XDC File [D:/Vivado_Projects/Assignment/Assignment.srcs/constrs_1/new/cons.xdc]
WARNING: [Vivado 12-584] No ports matched 'a'. [D:/Vivado_Projects/Assignment/Assignment.srcs/constrs_1/new/cons.xdc:5]
CRITICAL WARNING: [Common 17-55] 'set_property' expects at least one object. [D:/Vivado_Projects/Assignment/Assignment.srcs/constrs_1/new/cons.xdc:5]
Resolution: If [get_<value>] was used to populate the object, check to make sure this command returns at least one valid object.
WARNING: [Vivado 12-584] No ports matched 'b'. [D:/Vivado_Projects/Assignment/Assignment.srcs/constrs_1/new/cons.xdc:6]
CRITICAL WARNING: [Common 17-55] 'set_property' expects at least one object. [D:/Vivado_Projects/Assignment/Assignment.srcs/constrs_1/new/cons.xdc:6]
Resolution: If [get_<value>] was used to populate the object, check to make sure this command returns at least one valid object.
WARNING: [Vivado 12-584] No ports matched 'nor_out'. [D:/Vivado_Projects/Assignment/Assignment.srcs/constrs_1/new/cons.xdc:12]
CRITICAL WARNING: [Common 17-55] 'set_property' expects at least one object. [D:/Vivado_Projects/Assignment/Assignment.srcs/constrs_1/new/cons.xdc:12]
Resolution: If [get_<value>] was used to populate the object, check to make sure this command returns at least one valid object.
WARNING: [Vivado 12-584] No ports matched '[get_ports -of_objects [get_iobanks 33]]'. [D:/Vivado_Projects/Assignment/Assignment.srcs/constrs_1/new/cons.xdc:30]
CRITICAL WARNING: [Common 17-55] 'set_property' expects at least one object. [D:/Vivado_Projects/Assignment/Assignment.srcs/constrs_1/new/cons.xdc:30]
Resolution: If [get_<value>] was used to populate the object, check to make sure this command returns at least one valid object.
WARNING: [Vivado 12-584] No ports matched '[get_ports -of_objects [get_iobanks 34]]'. [D:/Vivado_Projects/Assignment/Assignment.srcs/constrs_1/new/cons.xdc:35]
CRITICAL WARNING: [Common 17-55] 'set_property' expects at least one object. [D:/Vivado_Projects/Assignment/Assignment.srcs/constrs_1/new/cons.xdc:35]
Resolution: If [get_<value>] was used to populate the object, check to make sure this command returns at least one valid object.
WARNING: [Vivado 12-584] No ports matched '[get_ports -of_objects [get_iobanks 35]]'. [D:/Vivado_Projects/Assignment/Assignment.srcs/constrs_1/new/cons.xdc:40]
CRITICAL WARNING: [Common 17-55] 'set_property' expects at least one object. [D:/Vivado_Projects/Assignment/Assignment.srcs/constrs_1/new/cons.xdc:40]
Resolution: If [get_<value>] was used to populate the object, check to make sure this command returns at least one valid object.
WARNING: [Vivado 12-584] No ports matched '[get_ports -of_objects [get_iobanks 13]]'. [D:/Vivado_Projects/Assignment/Assignment.srcs/constrs_1/new/cons.xdc:43]
CRITICAL WARNING: [Common 17-55] 'set_property' expects at least one object. [D:/Vivado_Projects/Assignment/Assignment.srcs/constrs_1/new/cons.xdc:43]
Resolution: If [get_<value>] was used to populate the object, check to make sure this command returns at least one valid object.
Finished Parsing XDC File [D:/Vivado_Projects/Assignment/Assignment.srcs/constrs_1/new/cons.xdc]
INFO: [Opt 31-138] Pushed 0 inverter(s) to 0 load pin(s).
INFO: [Project 1-111] Unisim Transformation Summary:
No Unisim elements were transformed.

17 Infos, 7 Warnings, 7 Critical Warnings and 0 Errors encountered.
link_design completed successfully
link_design: Time (s): cpu = 00:00:14 ; elapsed = 00:00:20 . Memory (MB): peak = 758.309 ; gain = 399.297
Command: opt_design
Attempting to get a license for feature 'Implementation' and/or device 'xc7z020'
INFO: [Common 17-349] Got license for feature 'Implementation' and/or device 'xc7z020'
Running DRC as a precondition to command opt_design

Starting DRC Task
INFO: [DRC 23-27] Running DRC with 2 threads
INFO: [Project 1-461] DRC finished with 0 Errors
INFO: [Project 1-462] Please refer to the DRC report (report_drc) for more information.

Time (s): cpu = 00:00:01 ; elapsed = 00:00:00.383 . Memory (MB): peak = 765.621 ; gain = 7.312

Starting Cache Timing Information Task
INFO: [Timing 38-35] Done setting XDC timing constraints.
Ending Cache Timing Information Task | Checksum: 202e0e05e

Time (s): cpu = 00:00:07 ; elapsed = 00:00:09 . Memory (MB): peak = 1311.828 ; gain = 546.207

Starting Logic Optimization Task

Phase 1 Retarget
INFO: [Opt 31-138] Pushed 0 inverter(s) to 0 load pin(s).
INFO: [Opt 31-49] Retargeted 0 cell(s).
Phase 1 Retarget | Checksum: 1976b6fac

Time (s): cpu = 00:00:00 ; elapsed = 00:00:00.109 . Memory (MB): peak = 1311.828 ; gain = 0.000
INFO: [Opt 31-389] Phase Retarget created 0 cells and removed 0 cells

Phase 2 Constant propagation
INFO: [Opt 31-138] Pushed 0 inverter(s) to 0 load pin(s).
Phase 2 Constant propagation | Checksum: 1976b6fac

Time (s): cpu = 00:00:01 ; elapsed = 00:00:00.134 . Memory (MB): peak = 1311.828 ; gain = 0.000
INFO: [Opt 31-389] Phase Constant propagation created 0 cells and removed 0 cells

Phase 3 Sweep
Phase 3 Sweep | Checksum: 21758e062

Time (s): cpu = 00:00:01 ; elapsed = 00:00:00.361 . Memory (MB): peak = 1311.828 ; gain = 0.000
INFO: [Opt 31-389] Phase Sweep created 0 cells and removed 190 cells

Phase 4 BUFG optimization
Phase 4 BUFG optimization | Checksum: 21758e062

Time (s): cpu = 00:00:01 ; elapsed = 00:00:00.401 . Memory (MB): peak = 1311.828 ; gain = 0.000
INFO: [Opt 31-662] Phase BUFG optimization created 0 cells of which 0 are BUFGs and removed 0 cells.

Phase 5 Shift Register Optimization
Phase 5 Shift Register Optimization | Checksum: 1f870d636

Time (s): cpu = 00:00:01 ; elapsed = 00:00:00.530 . Memory (MB): peak = 1311.828 ; gain = 0.000
INFO: [Opt 31-389] Phase Shift Register Optimization created 0 cells and removed 0 cells

Phase 6 Post Processing Netlist
Phase 6 Post Processing Netlist | Checksum: 1f870d636

Time (s): cpu = 00:00:01 ; elapsed = 00:00:00.561 . Memory (MB): peak = 1311.828 ; gain = 0.000
INFO: [Opt 31-389] Phase Post Processing Netlist created 0 cells and removed 0 cells

Starting Connectivity Check Task

Time (s): cpu = 00:00:00 ; elapsed = 00:00:00.002 . Memory (MB): peak = 1311.828 ; gain = 0.000
Ending Logic Optimization Task | Checksum: 1f870d636

Time (s): cpu = 00:00:01 ; elapsed = 00:00:00.573 . Memory (MB): peak = 1311.828 ; gain = 0.000

Starting Power Optimization Task
INFO: [Pwropt 34-132] Skipping clock gating for clocks with a period < 2.00 ns.
Ending Power Optimization Task | Checksum: 1f870d636

Time (s): cpu = 00:00:00 ; elapsed = 00:00:00.008 . Memory (MB): peak = 1311.828 ; gain = 0.000

Starting Final Cleanup Task
Ending Final Cleanup Task | Checksum: 1f870d636

Time (s): cpu = 00:00:00 ; elapsed = 00:00:00 . Memory (MB): peak = 1311.828 ; gain = 0.000
INFO: [Common 17-83] Releasing license: Implementation
33 Infos, 7 Warnings, 7 Critical Warnings and 0 Errors encountered.
opt_design completed successfully
opt_design: Time (s): cpu = 00:00:09 ; elapsed = 00:00:10 . Memory (MB): peak = 1311.828 ; gain = 553.520
INFO: [Timing 38-480] Writing timing data to binary archive.
Writing placer database...
Writing XDEF routing.
Writing XDEF routing logical nets.
Writing XDEF routing special nets.
Write XDEF Complete: Time (s): cpu = 00:00:00 ; elapsed = 00:00:00.060 . Memory (MB): peak = 1311.828 ; gain = 0.000
INFO: [Common 17-1381] The checkpoint 'D:/Vivado_Projects/Assignment/Assignment.runs/impl_1/nand_zynq_sys_wrapper_opt.dcp' has been generated.
INFO: [runtcl-4] Executing : report_drc -file nand_zynq_sys_wrapper_drc_opted.rpt -pb nand_zynq_sys_wrapper_drc_opted.pb -rpx nand_zynq_sys_wrapper_drc_opted.rpx
Command: report_drc -file nand_zynq_sys_wrapper_drc_opted.rpt -pb nand_zynq_sys_wrapper_drc_opted.pb -rpx nand_zynq_sys_wrapper_drc_opted.rpx
INFO: [DRC 23-27] Running DRC with 2 threads
INFO: [Coretcl 2-168] The results of DRC are in file D:/Vivado_Projects/Assignment/Assignment.runs/impl_1/nand_zynq_sys_wrapper_drc_opted.rpt.
report_drc completed successfully
Command: place_design
Attempting to get a license for feature 'Implementation' and/or device 'xc7z020'
INFO: [Common 17-349] Got license for feature 'Implementation' and/or device 'xc7z020'
INFO: [DRC 23-27] Running DRC with 2 threads
INFO: [Vivado_Tcl 4-198] DRC finished with 0 Errors
INFO: [Vivado_Tcl 4-199] Please refer to the DRC report (report_drc) for more information.
Running DRC as a precondition to command place_design
INFO: [DRC 23-27] Running DRC with 2 threads
INFO: [Vivado_Tcl 4-198] DRC finished with 0 Errors
INFO: [Vivado_Tcl 4-199] Please refer to the DRC report (report_drc) for more information.

Starting Placer Task
INFO: [Place 30-611] Multithreading enabled for place_design using a maximum of 2 CPUs

Phase 1 Placer Initialization

Phase 1.1 Placer Initialization Netlist Sorting
Netlist sorting complete. Time (s): cpu = 00:00:00 ; elapsed = 00:00:00.003 . Memory (MB): peak = 1311.828 ; gain = 0.000
Phase 1.1 Placer Initialization Netlist Sorting | Checksum: 15e920ec9

Time (s): cpu = 00:00:00 ; elapsed = 00:00:00.007 . Memory (MB): peak = 1311.828 ; gain = 0.000
Netlist sorting complete. Time (s): cpu = 00:00:00 ; elapsed = 00:00:00.003 . Memory (MB): peak = 1311.828 ; gain = 0.000

Phase 1.2 IO Placement/ Clock Placement/ Build Placer Device
INFO: [Timing 38-35] Done setting XDC timing constraints.
Phase 1.2 IO Placement/ Clock Placement/ Build Placer Device | Checksum: cb33c78f

Time (s): cpu = 00:00:01 ; elapsed = 00:00:01 . Memory (MB): peak = 1311.828 ; gain = 0.000

Phase 1.3 Build Placer Netlist Model
Phase 1.3 Build Placer Netlist Model | Checksum: 1ef962fd3

Time (s): cpu = 00:00:01 ; elapsed = 00:00:01 . Memory (MB): peak = 1311.828 ; gain = 0.000

Phase 1.4 Constrain Clocks/Macros
Phase 1.4 Constrain Clocks/Macros | Checksum: 1ef962fd3

Time (s): cpu = 00:00:01 ; elapsed = 00:00:01 . Memory (MB): peak = 1311.828 ; gain = 0.000
Phase 1 Placer Initialization | Checksum: 1ef962fd3

Time (s): cpu = 00:00:01 ; elapsed = 00:00:01 . Memory (MB): peak = 1311.828 ; gain = 0.000

Phase 2 Global Placement

Phase 2.1 Floorplanning
Phase 2.1 Floorplanning | Checksum: 1fd59de1d

Time (s): cpu = 00:00:01 ; elapsed = 00:00:01 . Memory (MB): peak = 1311.828 ; gain = 0.000

Phase 2.2 Physical Synthesis In Placer
INFO: [Physopt 32-65] No nets found for high-fanout optimization.
INFO: [Physopt 32-232] Optimized 0 net. Created 0 new instance.
INFO: [Physopt 32-775] End 1 Pass. Optimized 0 net or cell. Created 0 new cell, deleted 0 existing cell and moved 0 existing cell
Netlist sorting complete. Time (s): cpu = 00:00:00 ; elapsed = 00:00:00.003 . Memory (MB): peak = 1311.828 ; gain = 0.000

Summary of Physical Synthesis Optimizations
============================================


-----------------------------------------------------------------------------------------------------------------------------
|  Optimization       |  Added Cells  |  Removed Cells  |  Optimized Cells/Nets  |  Dont Touch  |  Iterations  |  Elapsed   |
-----------------------------------------------------------------------------------------------------------------------------
|  Very High Fanout   |            0  |              0  |                     0  |           0  |           1  |  00:00:00  |
|  Total              |            0  |              0  |                     0  |           0  |           1  |  00:00:00  |
-----------------------------------------------------------------------------------------------------------------------------


Phase 2.2 Physical Synthesis In Placer | Checksum: 1b9616510

Time (s): cpu = 00:00:03 ; elapsed = 00:00:03 . Memory (MB): peak = 1311.828 ; gain = 0.000
Phase 2 Global Placement | Checksum: 2509aca8a

Time (s): cpu = 00:00:03 ; elapsed = 00:00:03 . Memory (MB): peak = 1311.828 ; gain = 0.000

Phase 3 Detail Placement

Phase 3.1 Commit Multi Column Macros
Phase 3.1 Commit Multi Column Macros | Checksum: 2509aca8a

Time (s): cpu = 00:00:03 ; elapsed = 00:00:03 . Memory (MB): peak = 1311.828 ; gain = 0.000

Phase 3.2 Commit Most Macros & LUTRAMs
Phase 3.2 Commit Most Macros & LUTRAMs | Checksum: 1b9f57aad

Time (s): cpu = 00:00:03 ; elapsed = 00:00:03 . Memory (MB): peak = 1311.828 ; gain = 0.000

Phase 3.3 Area Swap Optimization
Phase 3.3 Area Swap Optimization | Checksum: 168d20bdd

Time (s): cpu = 00:00:03 ; elapsed = 00:00:03 . Memory (MB): peak = 1311.828 ; gain = 0.000

Phase 3.4 Pipeline Register Optimization
Phase 3.4 Pipeline Register Optimization | Checksum: 168d20bdd

Time (s): cpu = 00:00:03 ; elapsed = 00:00:03 . Memory (MB): peak = 1311.828 ; gain = 0.000

Phase 3.5 Small Shape Detail Placement
Phase 3.5 Small Shape Detail Placement | Checksum: 1f0c6e05a

Time (s): cpu = 00:00:03 ; elapsed = 00:00:03 . Memory (MB): peak = 1311.828 ; gain = 0.000

Phase 3.6 Re-assign LUT pins
Phase 3.6 Re-assign LUT pins | Checksum: 1ad701bb6

Time (s): cpu = 00:00:03 ; elapsed = 00:00:03 . Memory (MB): peak = 1311.828 ; gain = 0.000

Phase 3.7 Pipeline Register Optimization
Phase 3.7 Pipeline Register Optimization | Checksum: 1ad701bb6

Time (s): cpu = 00:00:04 ; elapsed = 00:00:03 . Memory (MB): peak = 1311.828 ; gain = 0.000
Phase 3 Detail Placement | Checksum: 1ad701bb6

Time (s): cpu = 00:00:04 ; elapsed = 00:00:03 . Memory (MB): peak = 1311.828 ; gain = 0.000

Phase 4 Post Placement Optimization and Clean-Up

Phase 4.1 Post Commit Optimization
INFO: [Timing 38-35] Done setting XDC timing constraints.

Phase 4.1.1 Post Placement Optimization
Post Placement Optimization Initialization | Checksum: 1a9b4d691

Phase 4.1.1.1 BUFG Insertion
INFO: [Place 46-31] BUFG insertion identified 0 candidate nets, 0 success, 0 skipped for placement/routing, 0 skipped for timing, 0 skipped for netlist change reason.
Phase 4.1.1.1 BUFG Insertion | Checksum: 1a9b4d691

Time (s): cpu = 00:00:04 ; elapsed = 00:00:03 . Memory (MB): peak = 1322.977 ; gain = 11.148
INFO: [Place 30-746] Post Placement Timing Summary WNS=3.751. For the most accurate timing information please run report_timing.
Phase 4.1.1 Post Placement Optimization | Checksum: 13359abf4

Time (s): cpu = 00:00:04 ; elapsed = 00:00:03 . Memory (MB): peak = 1322.977 ; gain = 11.148
Phase 4.1 Post Commit Optimization | Checksum: 13359abf4

Time (s): cpu = 00:00:04 ; elapsed = 00:00:03 . Memory (MB): peak = 1322.977 ; gain = 11.148

Phase 4.2 Post Placement Cleanup
Phase 4.2 Post Placement Cleanup | Checksum: 13359abf4

Time (s): cpu = 00:00:04 ; elapsed = 00:00:03 . Memory (MB): peak = 1322.977 ; gain = 11.148

Phase 4.3 Placer Reporting
Phase 4.3 Placer Reporting | Checksum: 13359abf4

Time (s): cpu = 00:00:04 ; elapsed = 00:00:03 . Memory (MB): peak = 1322.977 ; gain = 11.148

Phase 4.4 Final Placement Cleanup
Phase 4.4 Final Placement Cleanup | Checksum: 1070ffc99

Time (s): cpu = 00:00:04 ; elapsed = 00:00:03 . Memory (MB): peak = 1322.977 ; gain = 11.148
Phase 4 Post Placement Optimization and Clean-Up | Checksum: 1070ffc99

Time (s): cpu = 00:00:04 ; elapsed = 00:00:03 . Memory (MB): peak = 1322.977 ; gain = 11.148
Ending Placer Task | Checksum: 997d6cde

Time (s): cpu = 00:00:04 ; elapsed = 00:00:03 . Memory (MB): peak = 1322.977 ; gain = 11.148
INFO: [Common 17-83] Releasing license: Implementation
54 Infos, 7 Warnings, 7 Critical Warnings and 0 Errors encountered.
place_design completed successfully
INFO: [Timing 38-480] Writing timing data to binary archive.
Writing placer database...
Writing XDEF routing.
Writing XDEF routing logical nets.
Writing XDEF routing special nets.
Write XDEF Complete: Time (s): cpu = 00:00:00 ; elapsed = 00:00:00.103 . Memory (MB): peak = 1330.559 ; gain = 7.582
INFO: [Common 17-1381] The checkpoint 'D:/Vivado_Projects/Assignment/Assignment.runs/impl_1/nand_zynq_sys_wrapper_placed.dcp' has been generated.
INFO: [runtcl-4] Executing : report_io -file nand_zynq_sys_wrapper_io_placed.rpt
report_io: Time (s): cpu = 00:00:00 ; elapsed = 00:00:00.044 . Memory (MB): peak = 1330.559 ; gain = 0.000
INFO: [runtcl-4] Executing : report_utilization -file nand_zynq_sys_wrapper_utilization_placed.rpt -pb nand_zynq_sys_wrapper_utilization_placed.pb
report_utilization: Time (s): cpu = 00:00:00 ; elapsed = 00:00:00.033 . Memory (MB): peak = 1330.559 ; gain = 0.000
INFO: [runtcl-4] Executing : report_control_sets -verbose -file nand_zynq_sys_wrapper_control_sets_placed.rpt
report_control_sets: Time (s): cpu = 00:00:00 ; elapsed = 00:00:00.005 . Memory (MB): peak = 1330.559 ; gain = 0.000
Command: route_design
Attempting to get a license for feature 'Implementation' and/or device 'xc7z020'
INFO: [Common 17-349] Got license for feature 'Implementation' and/or device 'xc7z020'
Running DRC as a precondition to command route_design
INFO: [DRC 23-27] Running DRC with 2 threads
INFO: [Vivado_Tcl 4-198] DRC finished with 0 Errors
INFO: [Vivado_Tcl 4-199] Please refer to the DRC report (report_drc) for more information.


Starting Routing Task
INFO: [Route 35-254] Multithreading enabled for route_design using a maximum of 2 CPUs
Checksum: PlaceDB: 986e599e ConstDB: 0 ShapeSum: 10f1340 RouteDB: 0

Phase 1 Build RT Design
Phase 1 Build RT Design | Checksum: b1ee0c97

Time (s): cpu = 00:00:18 ; elapsed = 00:00:16 . Memory (MB): peak = 1452.520 ; gain = 121.961
Post Restoration Checksum: NetGraph: 7257712f NumContArr: 3f969b68 Constraints: 0 Timing: 0

Phase 2 Router Initialization

Phase 2.1 Create Timer
Phase 2.1 Create Timer | Checksum: b1ee0c97

Time (s): cpu = 00:00:18 ; elapsed = 00:00:16 . Memory (MB): peak = 1452.520 ; gain = 121.961

Phase 2.2 Fix Topology Constraints
Phase 2.2 Fix Topology Constraints | Checksum: b1ee0c97

Time (s): cpu = 00:00:18 ; elapsed = 00:00:16 . Memory (MB): peak = 1458.512 ; gain = 127.953

Phase 2.3 Pre Route Cleanup
Phase 2.3 Pre Route Cleanup | Checksum: b1ee0c97

Time (s): cpu = 00:00:18 ; elapsed = 00:00:16 . Memory (MB): peak = 1458.512 ; gain = 127.953
 Number of Nodes with overlaps = 0

Phase 2.4 Update Timing
Phase 2.4 Update Timing | Checksum: 1b3c43775

Time (s): cpu = 00:00:19 ; elapsed = 00:00:17 . Memory (MB): peak = 1479.727 ; gain = 149.168
INFO: [Route 35-416] Intermediate Timing Summary | WNS=3.755  | TNS=0.000  | WHS=-0.188 | THS=-18.985|

Phase 2 Router Initialization | Checksum: 20adfa357

Time (s): cpu = 00:00:19 ; elapsed = 00:00:17 . Memory (MB): peak = 1479.727 ; gain = 149.168

Phase 3 Initial Routing
Phase 3 Initial Routing | Checksum: 1a186f1e4

Time (s): cpu = 00:00:19 ; elapsed = 00:00:17 . Memory (MB): peak = 1479.727 ; gain = 149.168

Phase 4 Rip-up And Reroute

Phase 4.1 Global Iteration 0
 Number of Nodes with overlaps = 101
 Number of Nodes with overlaps = 0
INFO: [Route 35-416] Intermediate Timing Summary | WNS=3.623  | TNS=0.000  | WHS=N/A    | THS=N/A    |

Phase 4.1 Global Iteration 0 | Checksum: bdc7de28

Time (s): cpu = 00:00:19 ; elapsed = 00:00:17 . Memory (MB): peak = 1479.727 ; gain = 149.168

Phase 4.2 Global Iteration 1
 Number of Nodes with overlaps = 1
 Number of Nodes with overlaps = 0
INFO: [Route 35-416] Intermediate Timing Summary | WNS=3.623  | TNS=0.000  | WHS=N/A    | THS=N/A    |

Phase 4.2 Global Iteration 1 | Checksum: 199a0aef1

Time (s): cpu = 00:00:19 ; elapsed = 00:00:17 . Memory (MB): peak = 1479.727 ; gain = 149.168
Phase 4 Rip-up And Reroute | Checksum: 199a0aef1

Time (s): cpu = 00:00:20 ; elapsed = 00:00:17 . Memory (MB): peak = 1479.727 ; gain = 149.168

Phase 5 Delay and Skew Optimization

Phase 5.1 Delay CleanUp

Phase 5.1.1 Update Timing
Phase 5.1.1 Update Timing | Checksum: 1deb743f7

Time (s): cpu = 00:00:20 ; elapsed = 00:00:17 . Memory (MB): peak = 1479.727 ; gain = 149.168
INFO: [Route 35-416] Intermediate Timing Summary | WNS=3.738  | TNS=0.000  | WHS=N/A    | THS=N/A    |

Phase 5.1 Delay CleanUp | Checksum: 1deb743f7

Time (s): cpu = 00:00:20 ; elapsed = 00:00:17 . Memory (MB): peak = 1479.727 ; gain = 149.168

Phase 5.2 Clock Skew Optimization
Phase 5.2 Clock Skew Optimization | Checksum: 1deb743f7

Time (s): cpu = 00:00:20 ; elapsed = 00:00:17 . Memory (MB): peak = 1479.727 ; gain = 149.168
Phase 5 Delay and Skew Optimization | Checksum: 1deb743f7

Time (s): cpu = 00:00:20 ; elapsed = 00:00:17 . Memory (MB): peak = 1479.727 ; gain = 149.168

Phase 6 Post Hold Fix

Phase 6.1 Hold Fix Iter

Phase 6.1.1 Update Timing
Phase 6.1.1 Update Timing | Checksum: 164c4b17d

Time (s): cpu = 00:00:20 ; elapsed = 00:00:17 . Memory (MB): peak = 1479.727 ; gain = 149.168
INFO: [Route 35-416] Intermediate Timing Summary | WNS=3.738  | TNS=0.000  | WHS=0.040  | THS=0.000  |

Phase 6.1 Hold Fix Iter | Checksum: 17ac55966

Time (s): cpu = 00:00:20 ; elapsed = 00:00:17 . Memory (MB): peak = 1479.727 ; gain = 149.168
Phase 6 Post Hold Fix | Checksum: 17ac55966

Time (s): cpu = 00:00:20 ; elapsed = 00:00:17 . Memory (MB): peak = 1479.727 ; gain = 149.168

Phase 7 Route finalize

Router Utilization Summary
  Global Vertical Routing Utilization    = 0.166045 %
  Global Horizontal Routing Utilization  = 0.218475 %
  Routable Net Status*
  *Does not include unroutable nets such as driverless and loadless.
  Run report_route_status for detailed report.
  Number of Failed Nets               = 0
  Number of Unrouted Nets             = 0
  Number of Partially Routed Nets     = 0
  Number of Node Overlaps             = 0

Phase 7 Route finalize | Checksum: 118112ed8

Time (s): cpu = 00:00:20 ; elapsed = 00:00:17 . Memory (MB): peak = 1479.727 ; gain = 149.168

Phase 8 Verifying routed nets

 Verification completed successfully
Phase 8 Verifying routed nets | Checksum: 118112ed8

Time (s): cpu = 00:00:20 ; elapsed = 00:00:17 . Memory (MB): peak = 1479.727 ; gain = 149.168

Phase 9 Depositing Routes
Phase 9 Depositing Routes | Checksum: 1a1fbaa2c

Time (s): cpu = 00:00:20 ; elapsed = 00:00:17 . Memory (MB): peak = 1479.727 ; gain = 149.168

Phase 10 Post Router Timing
INFO: [Route 35-57] Estimated Timing Summary | WNS=3.738  | TNS=0.000  | WHS=0.040  | THS=0.000  |

INFO: [Route 35-327] The final timing numbers are based on the router estimated timing analysis. For a complete and accurate timing signoff, please run report_timing_summary.
Phase 10 Post Router Timing | Checksum: 1a1fbaa2c

Time (s): cpu = 00:00:20 ; elapsed = 00:00:17 . Memory (MB): peak = 1479.727 ; gain = 149.168
INFO: [Route 35-16] Router Completed Successfully

Time (s): cpu = 00:00:20 ; elapsed = 00:00:17 . Memory (MB): peak = 1479.727 ; gain = 149.168

Routing Is Done.
INFO: [Common 17-83] Releasing license: Implementation
73 Infos, 7 Warnings, 7 Critical Warnings and 0 Errors encountered.
route_design completed successfully
route_design: Time (s): cpu = 00:00:21 ; elapsed = 00:00:18 . Memory (MB): peak = 1479.727 ; gain = 149.168
INFO: [Timing 38-480] Writing timing data to binary archive.
Writing placer database...
Writing XDEF routing.
Writing XDEF routing logical nets.
Writing XDEF routing special nets.
Write XDEF Complete: Time (s): cpu = 00:00:00 ; elapsed = 00:00:00.127 . Memory (MB): peak = 1479.727 ; gain = 0.000
INFO: [Common 17-1381] The checkpoint 'D:/Vivado_Projects/Assignment/Assignment.runs/impl_1/nand_zynq_sys_wrapper_routed.dcp' has been generated.
INFO: [runtcl-4] Executing : report_drc -file nand_zynq_sys_wrapper_drc_routed.rpt -pb nand_zynq_sys_wrapper_drc_routed.pb -rpx nand_zynq_sys_wrapper_drc_routed.rpx
Command: report_drc -file nand_zynq_sys_wrapper_drc_routed.rpt -pb nand_zynq_sys_wrapper_drc_routed.pb -rpx nand_zynq_sys_wrapper_drc_routed.rpx
INFO: [DRC 23-27] Running DRC with 2 threads
INFO: [Coretcl 2-168] The results of DRC are in file D:/Vivado_Projects/Assignment/Assignment.runs/impl_1/nand_zynq_sys_wrapper_drc_routed.rpt.
report_drc completed successfully
INFO: [runtcl-4] Executing : report_methodology -file nand_zynq_sys_wrapper_methodology_drc_routed.rpt -pb nand_zynq_sys_wrapper_methodology_drc_routed.pb -rpx nand_zynq_sys_wrapper_methodology_drc_routed.rpx
Command: report_methodology -file nand_zynq_sys_wrapper_methodology_drc_routed.rpt -pb nand_zynq_sys_wrapper_methodology_drc_routed.pb -rpx nand_zynq_sys_wrapper_methodology_drc_routed.rpx
INFO: [Timing 38-35] Done setting XDC timing constraints.
INFO: [Timing 38-35] Done setting XDC timing constraints.
INFO: [DRC 23-133] Running Methodology with 2 threads
INFO: [Coretcl 2-1520] The results of Report Methodology are in file D:/Vivado_Projects/Assignment/Assignment.runs/impl_1/nand_zynq_sys_wrapper_methodology_drc_routed.rpt.
report_methodology completed successfully
INFO: [runtcl-4] Executing : report_power -file nand_zynq_sys_wrapper_power_routed.rpt -pb nand_zynq_sys_wrapper_power_summary_routed.pb -rpx nand_zynq_sys_wrapper_power_routed.rpx
Command: report_power -file nand_zynq_sys_wrapper_power_routed.rpt -pb nand_zynq_sys_wrapper_power_summary_routed.pb -rpx nand_zynq_sys_wrapper_power_routed.rpx
INFO: [Timing 38-35] Done setting XDC timing constraints.
Running Vector-less Activity Propagation...

Finished Running Vector-less Activity Propagation
85 Infos, 7 Warnings, 7 Critical Warnings and 0 Errors encountered.
report_power completed successfully
INFO: [runtcl-4] Executing : report_route_status -file nand_zynq_sys_wrapper_route_status.rpt -pb nand_zynq_sys_wrapper_route_status.pb
INFO: [runtcl-4] Executing : report_timing_summary -max_paths 10 -file nand_zynq_sys_wrapper_timing_summary_routed.rpt -pb nand_zynq_sys_wrapper_timing_summary_routed.pb -rpx nand_zynq_sys_wrapper_timing_summary_routed.rpx -warn_on_violation 
INFO: [Timing 38-91] UpdateTimingParams: Speed grade: -1, Delay Type: min_max, Timing Stage: Requireds.
INFO: [Timing 38-191] Multithreading enabled for timing update using a maximum of 2 CPUs
INFO: [runtcl-4] Executing : report_incremental_reuse -file nand_zynq_sys_wrapper_incremental_reuse_routed.rpt
INFO: [Vivado_Tcl 4-545] No incremental reuse to report, no incremental placement and routing data was found.
INFO: [runtcl-4] Executing : report_clock_utilization -file nand_zynq_sys_wrapper_clock_utilization_routed.rpt
INFO: [runtcl-4] Executing : report_bus_skew -warn_on_violation -file nand_zynq_sys_wrapper_bus_skew_routed.rpt -pb nand_zynq_sys_wrapper_bus_skew_routed.pb -rpx nand_zynq_sys_wrapper_bus_skew_routed.rpx
INFO: [Timing 38-91] UpdateTimingParams: Speed grade: -1, Delay Type: min_max, Timing Stage: Requireds.
INFO: [Timing 38-191] Multithreading enabled for timing update using a maximum of 2 CPUs
Command: write_bitstream -force nand_zynq_sys_wrapper.bit
Attempting to get a license for feature 'Implementation' and/or device 'xc7z020'
INFO: [Common 17-349] Got license for feature 'Implementation' and/or device 'xc7z020'
Running DRC as a precondition to command write_bitstream
INFO: [DRC 23-27] Running DRC with 2 threads
ERROR: [DRC NSTD-1] Unspecified I/O Standard: 3 out of 133 logical ports use I/O standard (IOSTANDARD) value 'DEFAULT', instead of a user assigned specific value. This may cause I/O contention or incompatibility with the board power or connectivity affecting performance, signal integrity or in extreme cases cause damage to the device or the components to which it is connected. To correct this violation, specify all I/O standards. This design will fail to generate a bitstream unless all logical ports have a user specified I/O standard value defined. To allow bitstream creation with unspecified I/O standard values (not recommended), use this command: set_property SEVERITY {Warning} [get_drc_checks NSTD-1].  NOTE: When using the Vivado Runs infrastructure (e.g. launch_runs Tcl command), add this command to a .tcl file and add that file as a pre-hook for write_bitstream step for the implementation run. Problem ports: b_0, a_0, and nand_out[0].
ERROR: [DRC UCIO-1] Unconstrained Logical Port: 3 out of 133 logical ports have no user assigned specific location constraint (LOC). This may cause I/O contention or incompatibility with the board power or connectivity affecting performance, signal integrity or in extreme cases cause damage to the device or the components to which it is connected. To correct this violation, specify all pin locations. This design will fail to generate a bitstream unless all logical ports have a user specified site LOC constraint defined.  To allow bitstream creation with unspecified pin locations (not recommended), use this command: set_property SEVERITY {Warning} [get_drc_checks UCIO-1].  NOTE: When using the Vivado Runs infrastructure (e.g. launch_runs Tcl command), add this command to a .tcl file and add that file as a pre-hook for write_bitstream step for the implementation run.  Problem ports: b_0, a_0, and nand_out[0].
INFO: [Vivado 12-3199] DRC finished with 2 Errors
INFO: [Vivado 12-3200] Please refer to the DRC report (report_drc) for more information.
ERROR: [Vivado 12-1345] Error(s) found during DRC. Bitgen not run.
INFO: [Common 17-83] Releasing license: Implementation
100 Infos, 7 Warnings, 7 Critical Warnings and 3 Errors encountered.
write_bitstream failed
ERROR: [Common 17-39] 'write_bitstream' failed due to earlier errors.

INFO: [Common 17-206] Exiting Vivado at Mon Aug  3 16:01:56 2026...

*** Running vivado
    with args -log nand_zynq_sys_wrapper.vdi -applog -m64 -product Vivado -messageDb vivado.pb -mode batch -source nand_zynq_sys_wrapper.tcl -notrace


****** Vivado v2018.2 (64-bit)
  **** SW Build 2258646 on Thu Jun 14 20:03:12 MDT 2018
  **** IP Build 2256618 on Thu Jun 14 22:10:49 MDT 2018
    ** Copyright 1986-2018 Xilinx, Inc. All Rights Reserved.

source nand_zynq_sys_wrapper.tcl -notrace
INFO: [IP_Flow 19-234] Refreshing IP repositories
INFO: [IP_Flow 19-1704] No user IP repositories specified
INFO: [IP_Flow 19-2313] Loaded Vivado IP repository 'D:/Xilinx/Vivado/2018.2/data/ip'.
Command: link_design -top nand_zynq_sys_wrapper -part xc7z020clg484-1
Design is defaulting to srcset: sources_1
Design is defaulting to constrset: constrs_1
INFO: [Project 1-454] Reading design checkpoint 'd:/Vivado_Projects/Assignment/Assignment.srcs/sources_1/bd/nand_zynq_sys/ip/nand_zynq_sys_and_gate_0_0/nand_zynq_sys_and_gate_0_0.dcp' for cell 'nand_zynq_sys_i/and_gate_0'
INFO: [Project 1-454] Reading design checkpoint 'd:/Vivado_Projects/Assignment/Assignment.srcs/sources_1/bd/nand_zynq_sys/ip/nand_zynq_sys_axi_gpio_0_0/nand_zynq_sys_axi_gpio_0_0.dcp' for cell 'nand_zynq_sys_i/axi_gpio_0'
INFO: [Project 1-454] Reading design checkpoint 'd:/Vivado_Projects/Assignment/Assignment.srcs/sources_1/bd/nand_zynq_sys/ip/nand_zynq_sys_axi_gpio_1_0/nand_zynq_sys_axi_gpio_1_0.dcp' for cell 'nand_zynq_sys_i/axi_gpio_1'
INFO: [Project 1-454] Reading design checkpoint 'd:/Vivado_Projects/Assignment/Assignment.srcs/sources_1/bd/nand_zynq_sys/ip/nand_zynq_sys_processing_system7_0_0/nand_zynq_sys_processing_system7_0_0.dcp' for cell 'nand_zynq_sys_i/processing_system7_0'
INFO: [Project 1-454] Reading design checkpoint 'd:/Vivado_Projects/Assignment/Assignment.srcs/sources_1/bd/nand_zynq_sys/ip/nand_zynq_sys_rst_ps7_0_100M_0/nand_zynq_sys_rst_ps7_0_100M_0.dcp' for cell 'nand_zynq_sys_i/rst_ps7_0_100M'
INFO: [Project 1-454] Reading design checkpoint 'd:/Vivado_Projects/Assignment/Assignment.srcs/sources_1/bd/nand_zynq_sys/ip/nand_zynq_sys_xbar_0/nand_zynq_sys_xbar_0.dcp' for cell 'nand_zynq_sys_i/ps7_0_axi_periph/xbar'
INFO: [Project 1-454] Reading design checkpoint 'd:/Vivado_Projects/Assignment/Assignment.srcs/sources_1/bd/nand_zynq_sys/ip/nand_zynq_sys_auto_pc_0/nand_zynq_sys_auto_pc_0.dcp' for cell 'nand_zynq_sys_i/ps7_0_axi_periph/s00_couplers/auto_pc'
INFO: [Netlist 29-17] Analyzing 20 Unisim elements for replacement
INFO: [Netlist 29-28] Unisim Transformation completed in 0 CPU seconds
INFO: [Project 1-479] Netlist was created with Vivado 2018.2
INFO: [Device 21-403] Loading part xc7z020clg484-1
INFO: [Project 1-570] Preparing netlist for logic optimization
Parsing XDC File [d:/Vivado_Projects/Assignment/Assignment.srcs/sources_1/bd/nand_zynq_sys/ip/nand_zynq_sys_processing_system7_0_0/nand_zynq_sys_processing_system7_0_0.xdc] for cell 'nand_zynq_sys_i/processing_system7_0/inst'
Finished Parsing XDC File [d:/Vivado_Projects/Assignment/Assignment.srcs/sources_1/bd/nand_zynq_sys/ip/nand_zynq_sys_processing_system7_0_0/nand_zynq_sys_processing_system7_0_0.xdc] for cell 'nand_zynq_sys_i/processing_system7_0/inst'
Parsing XDC File [d:/Vivado_Projects/Assignment/Assignment.srcs/sources_1/bd/nand_zynq_sys/ip/nand_zynq_sys_axi_gpio_0_0/nand_zynq_sys_axi_gpio_0_0_board.xdc] for cell 'nand_zynq_sys_i/axi_gpio_0/U0'
Finished Parsing XDC File [d:/Vivado_Projects/Assignment/Assignment.srcs/sources_1/bd/nand_zynq_sys/ip/nand_zynq_sys_axi_gpio_0_0/nand_zynq_sys_axi_gpio_0_0_board.xdc] for cell 'nand_zynq_sys_i/axi_gpio_0/U0'
Parsing XDC File [d:/Vivado_Projects/Assignment/Assignment.srcs/sources_1/bd/nand_zynq_sys/ip/nand_zynq_sys_axi_gpio_0_0/nand_zynq_sys_axi_gpio_0_0.xdc] for cell 'nand_zynq_sys_i/axi_gpio_0/U0'
Finished Parsing XDC File [d:/Vivado_Projects/Assignment/Assignment.srcs/sources_1/bd/nand_zynq_sys/ip/nand_zynq_sys_axi_gpio_0_0/nand_zynq_sys_axi_gpio_0_0.xdc] for cell 'nand_zynq_sys_i/axi_gpio_0/U0'
Parsing XDC File [d:/Vivado_Projects/Assignment/Assignment.srcs/sources_1/bd/nand_zynq_sys/ip/nand_zynq_sys_axi_gpio_1_0/nand_zynq_sys_axi_gpio_1_0_board.xdc] for cell 'nand_zynq_sys_i/axi_gpio_1/U0'
Finished Parsing XDC File [d:/Vivado_Projects/Assignment/Assignment.srcs/sources_1/bd/nand_zynq_sys/ip/nand_zynq_sys_axi_gpio_1_0/nand_zynq_sys_axi_gpio_1_0_board.xdc] for cell 'nand_zynq_sys_i/axi_gpio_1/U0'
Parsing XDC File [d:/Vivado_Projects/Assignment/Assignment.srcs/sources_1/bd/nand_zynq_sys/ip/nand_zynq_sys_axi_gpio_1_0/nand_zynq_sys_axi_gpio_1_0.xdc] for cell 'nand_zynq_sys_i/axi_gpio_1/U0'
Finished Parsing XDC File [d:/Vivado_Projects/Assignment/Assignment.srcs/sources_1/bd/nand_zynq_sys/ip/nand_zynq_sys_axi_gpio_1_0/nand_zynq_sys_axi_gpio_1_0.xdc] for cell 'nand_zynq_sys_i/axi_gpio_1/U0'
Parsing XDC File [d:/Vivado_Projects/Assignment/Assignment.srcs/sources_1/bd/nand_zynq_sys/ip/nand_zynq_sys_rst_ps7_0_100M_0/nand_zynq_sys_rst_ps7_0_100M_0_board.xdc] for cell 'nand_zynq_sys_i/rst_ps7_0_100M/U0'
Finished Parsing XDC File [d:/Vivado_Projects/Assignment/Assignment.srcs/sources_1/bd/nand_zynq_sys/ip/nand_zynq_sys_rst_ps7_0_100M_0/nand_zynq_sys_rst_ps7_0_100M_0_board.xdc] for cell 'nand_zynq_sys_i/rst_ps7_0_100M/U0'
Parsing XDC File [d:/Vivado_Projects/Assignment/Assignment.srcs/sources_1/bd/nand_zynq_sys/ip/nand_zynq_sys_rst_ps7_0_100M_0/nand_zynq_sys_rst_ps7_0_100M_0.xdc] for cell 'nand_zynq_sys_i/rst_ps7_0_100M/U0'
Finished Parsing XDC File [d:/Vivado_Projects/Assignment/Assignment.srcs/sources_1/bd/nand_zynq_sys/ip/nand_zynq_sys_rst_ps7_0_100M_0/nand_zynq_sys_rst_ps7_0_100M_0.xdc] for cell 'nand_zynq_sys_i/rst_ps7_0_100M/U0'
Parsing XDC File [D:/Vivado_Projects/Assignment/Assignment.srcs/constrs_1/new/cons.xdc]
Finished Parsing XDC File [D:/Vivado_Projects/Assignment/Assignment.srcs/constrs_1/new/cons.xdc]
INFO: [Opt 31-138] Pushed 0 inverter(s) to 0 load pin(s).
INFO: [Project 1-111] Unisim Transformation Summary:
No Unisim elements were transformed.

17 Infos, 0 Warnings, 0 Critical Warnings and 0 Errors encountered.
link_design completed successfully
link_design: Time (s): cpu = 00:00:15 ; elapsed = 00:00:20 . Memory (MB): peak = 756.957 ; gain = 397.082
Command: opt_design
Attempting to get a license for feature 'Implementation' and/or device 'xc7z020'
INFO: [Common 17-349] Got license for feature 'Implementation' and/or device 'xc7z020'
Running DRC as a precondition to command opt_design

Starting DRC Task
INFO: [DRC 23-27] Running DRC with 2 threads
INFO: [Project 1-461] DRC finished with 0 Errors
INFO: [Project 1-462] Please refer to the DRC report (report_drc) for more information.

Time (s): cpu = 00:00:00 ; elapsed = 00:00:00.460 . Memory (MB): peak = 768.125 ; gain = 11.168

Starting Cache Timing Information Task
INFO: [Timing 38-35] Done setting XDC timing constraints.
Ending Cache Timing Information Task | Checksum: 180832fa9

Time (s): cpu = 00:00:08 ; elapsed = 00:00:09 . Memory (MB): peak = 1309.906 ; gain = 541.781

Starting Logic Optimization Task

Phase 1 Retarget
INFO: [Opt 31-138] Pushed 0 inverter(s) to 0 load pin(s).
INFO: [Opt 31-49] Retargeted 0 cell(s).
Phase 1 Retarget | Checksum: 1150dbef7

Time (s): cpu = 00:00:00 ; elapsed = 00:00:00.111 . Memory (MB): peak = 1309.906 ; gain = 0.000
INFO: [Opt 31-389] Phase Retarget created 0 cells and removed 0 cells

Phase 2 Constant propagation
INFO: [Opt 31-138] Pushed 0 inverter(s) to 0 load pin(s).
Phase 2 Constant propagation | Checksum: 1150dbef7

Time (s): cpu = 00:00:00 ; elapsed = 00:00:00.136 . Memory (MB): peak = 1309.906 ; gain = 0.000
INFO: [Opt 31-389] Phase Constant propagation created 0 cells and removed 0 cells

Phase 3 Sweep
Phase 3 Sweep | Checksum: 194fb2fad

Time (s): cpu = 00:00:00 ; elapsed = 00:00:00.364 . Memory (MB): peak = 1309.906 ; gain = 0.000
INFO: [Opt 31-389] Phase Sweep created 0 cells and removed 190 cells

Phase 4 BUFG optimization
Phase 4 BUFG optimization | Checksum: 194fb2fad

Time (s): cpu = 00:00:00 ; elapsed = 00:00:00.407 . Memory (MB): peak = 1309.906 ; gain = 0.000
INFO: [Opt 31-662] Phase BUFG optimization created 0 cells of which 0 are BUFGs and removed 0 cells.

Phase 5 Shift Register Optimization
Phase 5 Shift Register Optimization | Checksum: 176132581

Time (s): cpu = 00:00:00 ; elapsed = 00:00:00.538 . Memory (MB): peak = 1309.906 ; gain = 0.000
INFO: [Opt 31-389] Phase Shift Register Optimization created 0 cells and removed 0 cells

Phase 6 Post Processing Netlist
Phase 6 Post Processing Netlist | Checksum: 176132581

Time (s): cpu = 00:00:00 ; elapsed = 00:00:00.568 . Memory (MB): peak = 1309.906 ; gain = 0.000
INFO: [Opt 31-389] Phase Post Processing Netlist created 0 cells and removed 0 cells

Starting Connectivity Check Task

Time (s): cpu = 00:00:00 ; elapsed = 00:00:00.002 . Memory (MB): peak = 1309.906 ; gain = 0.000
Ending Logic Optimization Task | Checksum: 176132581

Time (s): cpu = 00:00:00 ; elapsed = 00:00:00.579 . Memory (MB): peak = 1309.906 ; gain = 0.000

Starting Power Optimization Task
INFO: [Pwropt 34-132] Skipping clock gating for clocks with a period < 2.00 ns.
Ending Power Optimization Task | Checksum: 176132581

Time (s): cpu = 00:00:00 ; elapsed = 00:00:00.010 . Memory (MB): peak = 1309.906 ; gain = 0.000

Starting Final Cleanup Task
Ending Final Cleanup Task | Checksum: 176132581

Time (s): cpu = 00:00:00 ; elapsed = 00:00:00 . Memory (MB): peak = 1309.906 ; gain = 0.000
INFO: [Common 17-83] Releasing license: Implementation
33 Infos, 0 Warnings, 0 Critical Warnings and 0 Errors encountered.
opt_design completed successfully
opt_design: Time (s): cpu = 00:00:08 ; elapsed = 00:00:10 . Memory (MB): peak = 1309.906 ; gain = 552.949
INFO: [Timing 38-480] Writing timing data to binary archive.
Writing placer database...
Writing XDEF routing.
Writing XDEF routing logical nets.
Writing XDEF routing special nets.
Write XDEF Complete: Time (s): cpu = 00:00:01 ; elapsed = 00:00:00.042 . Memory (MB): peak = 1309.906 ; gain = 0.000
INFO: [Common 17-1381] The checkpoint 'D:/Vivado_Projects/Assignment/Assignment.runs/impl_1/nand_zynq_sys_wrapper_opt.dcp' has been generated.
INFO: [runtcl-4] Executing : report_drc -file nand_zynq_sys_wrapper_drc_opted.rpt -pb nand_zynq_sys_wrapper_drc_opted.pb -rpx nand_zynq_sys_wrapper_drc_opted.rpx
Command: report_drc -file nand_zynq_sys_wrapper_drc_opted.rpt -pb nand_zynq_sys_wrapper_drc_opted.pb -rpx nand_zynq_sys_wrapper_drc_opted.rpx
INFO: [DRC 23-27] Running DRC with 2 threads
INFO: [Coretcl 2-168] The results of DRC are in file D:/Vivado_Projects/Assignment/Assignment.runs/impl_1/nand_zynq_sys_wrapper_drc_opted.rpt.
report_drc completed successfully
Command: place_design
Attempting to get a license for feature 'Implementation' and/or device 'xc7z020'
INFO: [Common 17-349] Got license for feature 'Implementation' and/or device 'xc7z020'
INFO: [DRC 23-27] Running DRC with 2 threads
INFO: [Vivado_Tcl 4-198] DRC finished with 0 Errors
INFO: [Vivado_Tcl 4-199] Please refer to the DRC report (report_drc) for more information.
Running DRC as a precondition to command place_design
INFO: [DRC 23-27] Running DRC with 2 threads
INFO: [Vivado_Tcl 4-198] DRC finished with 0 Errors
INFO: [Vivado_Tcl 4-199] Please refer to the DRC report (report_drc) for more information.

Starting Placer Task
INFO: [Place 30-611] Multithreading enabled for place_design using a maximum of 2 CPUs

Phase 1 Placer Initialization

Phase 1.1 Placer Initialization Netlist Sorting
Netlist sorting complete. Time (s): cpu = 00:00:00 ; elapsed = 00:00:00.003 . Memory (MB): peak = 1309.906 ; gain = 0.000
Phase 1.1 Placer Initialization Netlist Sorting | Checksum: dc345e14

Time (s): cpu = 00:00:00 ; elapsed = 00:00:00.007 . Memory (MB): peak = 1309.906 ; gain = 0.000
Netlist sorting complete. Time (s): cpu = 00:00:00 ; elapsed = 00:00:00.002 . Memory (MB): peak = 1309.906 ; gain = 0.000

Phase 1.2 IO Placement/ Clock Placement/ Build Placer Device
INFO: [Timing 38-35] Done setting XDC timing constraints.
Phase 1.2 IO Placement/ Clock Placement/ Build Placer Device | Checksum: 72036c1a

Time (s): cpu = 00:00:01 ; elapsed = 00:00:01 . Memory (MB): peak = 1309.906 ; gain = 0.000

Phase 1.3 Build Placer Netlist Model
Phase 1.3 Build Placer Netlist Model | Checksum: 171d9dc61

Time (s): cpu = 00:00:01 ; elapsed = 00:00:01 . Memory (MB): peak = 1309.906 ; gain = 0.000

Phase 1.4 Constrain Clocks/Macros
Phase 1.4 Constrain Clocks/Macros | Checksum: 171d9dc61

Time (s): cpu = 00:00:01 ; elapsed = 00:00:01 . Memory (MB): peak = 1309.906 ; gain = 0.000
Phase 1 Placer Initialization | Checksum: 171d9dc61

Time (s): cpu = 00:00:01 ; elapsed = 00:00:01 . Memory (MB): peak = 1309.906 ; gain = 0.000

Phase 2 Global Placement

Phase 2.1 Floorplanning
Phase 2.1 Floorplanning | Checksum: 21fad78f0

Time (s): cpu = 00:00:01 ; elapsed = 00:00:01 . Memory (MB): peak = 1309.906 ; gain = 0.000

Phase 2.2 Physical Synthesis In Placer
INFO: [Physopt 32-65] No nets found for high-fanout optimization.
INFO: [Physopt 32-232] Optimized 0 net. Created 0 new instance.
INFO: [Physopt 32-775] End 1 Pass. Optimized 0 net or cell. Created 0 new cell, deleted 0 existing cell and moved 0 existing cell
Netlist sorting complete. Time (s): cpu = 00:00:00 ; elapsed = 00:00:00.003 . Memory (MB): peak = 1309.906 ; gain = 0.000

Summary of Physical Synthesis Optimizations
============================================


-----------------------------------------------------------------------------------------------------------------------------
|  Optimization       |  Added Cells  |  Removed Cells  |  Optimized Cells/Nets  |  Dont Touch  |  Iterations  |  Elapsed   |
-----------------------------------------------------------------------------------------------------------------------------
|  Very High Fanout   |            0  |              0  |                     0  |           0  |           1  |  00:00:00  |
|  Total              |            0  |              0  |                     0  |           0  |           1  |  00:00:00  |
-----------------------------------------------------------------------------------------------------------------------------


Phase 2.2 Physical Synthesis In Placer | Checksum: 1aafdffaf

Time (s): cpu = 00:00:03 ; elapsed = 00:00:03 . Memory (MB): peak = 1309.906 ; gain = 0.000
Phase 2 Global Placement | Checksum: 15c337319

Time (s): cpu = 00:00:03 ; elapsed = 00:00:03 . Memory (MB): peak = 1309.906 ; gain = 0.000

Phase 3 Detail Placement

Phase 3.1 Commit Multi Column Macros
Phase 3.1 Commit Multi Column Macros | Checksum: 15c337319

Time (s): cpu = 00:00:03 ; elapsed = 00:00:03 . Memory (MB): peak = 1309.906 ; gain = 0.000

Phase 3.2 Commit Most Macros & LUTRAMs
Phase 3.2 Commit Most Macros & LUTRAMs | Checksum: 2388ec4e5

Time (s): cpu = 00:00:03 ; elapsed = 00:00:03 . Memory (MB): peak = 1309.906 ; gain = 0.000

Phase 3.3 Area Swap Optimization
Phase 3.3 Area Swap Optimization | Checksum: 24dd77027

Time (s): cpu = 00:00:03 ; elapsed = 00:00:03 . Memory (MB): peak = 1309.906 ; gain = 0.000

Phase 3.4 Pipeline Register Optimization
Phase 3.4 Pipeline Register Optimization | Checksum: 24dd77027

Time (s): cpu = 00:00:03 ; elapsed = 00:00:03 . Memory (MB): peak = 1309.906 ; gain = 0.000

Phase 3.5 Small Shape Detail Placement
Phase 3.5 Small Shape Detail Placement | Checksum: 178050d6d

Time (s): cpu = 00:00:04 ; elapsed = 00:00:03 . Memory (MB): peak = 1309.906 ; gain = 0.000

Phase 3.6 Re-assign LUT pins
Phase 3.6 Re-assign LUT pins | Checksum: 1a45ac25d

Time (s): cpu = 00:00:04 ; elapsed = 00:00:03 . Memory (MB): peak = 1309.906 ; gain = 0.000

Phase 3.7 Pipeline Register Optimization
Phase 3.7 Pipeline Register Optimization | Checksum: 1a45ac25d

Time (s): cpu = 00:00:04 ; elapsed = 00:00:03 . Memory (MB): peak = 1309.906 ; gain = 0.000
Phase 3 Detail Placement | Checksum: 1a45ac25d

Time (s): cpu = 00:00:04 ; elapsed = 00:00:03 . Memory (MB): peak = 1309.906 ; gain = 0.000

Phase 4 Post Placement Optimization and Clean-Up

Phase 4.1 Post Commit Optimization
INFO: [Timing 38-35] Done setting XDC timing constraints.

Phase 4.1.1 Post Placement Optimization
Post Placement Optimization Initialization | Checksum: 17cec6883

Phase 4.1.1.1 BUFG Insertion
INFO: [Place 46-31] BUFG insertion identified 0 candidate nets, 0 success, 0 skipped for placement/routing, 0 skipped for timing, 0 skipped for netlist change reason.
Phase 4.1.1.1 BUFG Insertion | Checksum: 17cec6883

Time (s): cpu = 00:00:04 ; elapsed = 00:00:03 . Memory (MB): peak = 1323.289 ; gain = 13.383
INFO: [Place 30-746] Post Placement Timing Summary WNS=3.923. For the most accurate timing information please run report_timing.
Phase 4.1.1 Post Placement Optimization | Checksum: 1c1ec50da

Time (s): cpu = 00:00:04 ; elapsed = 00:00:03 . Memory (MB): peak = 1323.289 ; gain = 13.383
Phase 4.1 Post Commit Optimization | Checksum: 1c1ec50da

Time (s): cpu = 00:00:04 ; elapsed = 00:00:03 . Memory (MB): peak = 1323.289 ; gain = 13.383

Phase 4.2 Post Placement Cleanup
Phase 4.2 Post Placement Cleanup | Checksum: 1c1ec50da

Time (s): cpu = 00:00:04 ; elapsed = 00:00:03 . Memory (MB): peak = 1323.289 ; gain = 13.383

Phase 4.3 Placer Reporting
Phase 4.3 Placer Reporting | Checksum: 1c1ec50da

Time (s): cpu = 00:00:04 ; elapsed = 00:00:03 . Memory (MB): peak = 1323.289 ; gain = 13.383

Phase 4.4 Final Placement Cleanup
Phase 4.4 Final Placement Cleanup | Checksum: 195a2a17f

Time (s): cpu = 00:00:04 ; elapsed = 00:00:03 . Memory (MB): peak = 1323.289 ; gain = 13.383
Phase 4 Post Placement Optimization and Clean-Up | Checksum: 195a2a17f

Time (s): cpu = 00:00:04 ; elapsed = 00:00:03 . Memory (MB): peak = 1323.289 ; gain = 13.383
Ending Placer Task | Checksum: 9e2de17a

Time (s): cpu = 00:00:04 ; elapsed = 00:00:03 . Memory (MB): peak = 1323.289 ; gain = 13.383
INFO: [Common 17-83] Releasing license: Implementation
54 Infos, 0 Warnings, 0 Critical Warnings and 0 Errors encountered.
place_design completed successfully
INFO: [Timing 38-480] Writing timing data to binary archive.
Writing placer database...
Writing XDEF routing.
Writing XDEF routing logical nets.
Writing XDEF routing special nets.
Write XDEF Complete: Time (s): cpu = 00:00:00 ; elapsed = 00:00:00.101 . Memory (MB): peak = 1330.863 ; gain = 7.574
INFO: [Common 17-1381] The checkpoint 'D:/Vivado_Projects/Assignment/Assignment.runs/impl_1/nand_zynq_sys_wrapper_placed.dcp' has been generated.
INFO: [runtcl-4] Executing : report_io -file nand_zynq_sys_wrapper_io_placed.rpt
report_io: Time (s): cpu = 00:00:00 ; elapsed = 00:00:00.043 . Memory (MB): peak = 1330.863 ; gain = 0.000
INFO: [runtcl-4] Executing : report_utilization -file nand_zynq_sys_wrapper_utilization_placed.rpt -pb nand_zynq_sys_wrapper_utilization_placed.pb
report_utilization: Time (s): cpu = 00:00:00 ; elapsed = 00:00:00.032 . Memory (MB): peak = 1330.863 ; gain = 0.000
INFO: [runtcl-4] Executing : report_control_sets -verbose -file nand_zynq_sys_wrapper_control_sets_placed.rpt
report_control_sets: Time (s): cpu = 00:00:00 ; elapsed = 00:00:00.004 . Memory (MB): peak = 1330.863 ; gain = 0.000
Command: route_design
Attempting to get a license for feature 'Implementation' and/or device 'xc7z020'
INFO: [Common 17-349] Got license for feature 'Implementation' and/or device 'xc7z020'
Running DRC as a precondition to command route_design
INFO: [DRC 23-27] Running DRC with 2 threads
INFO: [Vivado_Tcl 4-198] DRC finished with 0 Errors
INFO: [Vivado_Tcl 4-199] Please refer to the DRC report (report_drc) for more information.


Starting Routing Task
INFO: [Route 35-254] Multithreading enabled for route_design using a maximum of 2 CPUs
Checksum: PlaceDB: 9d1ece3a ConstDB: 0 ShapeSum: 10f1340 RouteDB: 0

Phase 1 Build RT Design
Phase 1 Build RT Design | Checksum: 8cde95ad

Time (s): cpu = 00:00:18 ; elapsed = 00:00:16 . Memory (MB): peak = 1452.559 ; gain = 121.695
Post Restoration Checksum: NetGraph: 867e9790 NumContArr: 65ffe1d Constraints: 0 Timing: 0

Phase 2 Router Initialization

Phase 2.1 Create Timer
Phase 2.1 Create Timer | Checksum: 8cde95ad

Time (s): cpu = 00:00:18 ; elapsed = 00:00:16 . Memory (MB): peak = 1452.559 ; gain = 121.695

Phase 2.2 Fix Topology Constraints
Phase 2.2 Fix Topology Constraints | Checksum: 8cde95ad

Time (s): cpu = 00:00:18 ; elapsed = 00:00:16 . Memory (MB): peak = 1459.043 ; gain = 128.180

Phase 2.3 Pre Route Cleanup
Phase 2.3 Pre Route Cleanup | Checksum: 8cde95ad

Time (s): cpu = 00:00:18 ; elapsed = 00:00:16 . Memory (MB): peak = 1459.043 ; gain = 128.180
 Number of Nodes with overlaps = 0

Phase 2.4 Update Timing
Phase 2.4 Update Timing | Checksum: e46e52ab

Time (s): cpu = 00:00:19 ; elapsed = 00:00:16 . Memory (MB): peak = 1481.242 ; gain = 150.379
INFO: [Route 35-416] Intermediate Timing Summary | WNS=4.028  | TNS=0.000  | WHS=-0.142 | THS=-18.135|

Phase 2 Router Initialization | Checksum: a24b5002

Time (s): cpu = 00:00:19 ; elapsed = 00:00:16 . Memory (MB): peak = 1481.242 ; gain = 150.379

Phase 3 Initial Routing
Phase 3 Initial Routing | Checksum: 11728ad1c

Time (s): cpu = 00:00:19 ; elapsed = 00:00:16 . Memory (MB): peak = 1481.242 ; gain = 150.379

Phase 4 Rip-up And Reroute

Phase 4.1 Global Iteration 0
 Number of Nodes with overlaps = 93
 Number of Nodes with overlaps = 0
INFO: [Route 35-416] Intermediate Timing Summary | WNS=3.875  | TNS=0.000  | WHS=N/A    | THS=N/A    |

Phase 4.1 Global Iteration 0 | Checksum: 16a585c06

Time (s): cpu = 00:00:19 ; elapsed = 00:00:17 . Memory (MB): peak = 1481.242 ; gain = 150.379
Phase 4 Rip-up And Reroute | Checksum: 16a585c06

Time (s): cpu = 00:00:19 ; elapsed = 00:00:17 . Memory (MB): peak = 1481.242 ; gain = 150.379

Phase 5 Delay and Skew Optimization

Phase 5.1 Delay CleanUp

Phase 5.1.1 Update Timing
Phase 5.1.1 Update Timing | Checksum: 112417eb2

Time (s): cpu = 00:00:19 ; elapsed = 00:00:17 . Memory (MB): peak = 1481.242 ; gain = 150.379
INFO: [Route 35-416] Intermediate Timing Summary | WNS=3.889  | TNS=0.000  | WHS=N/A    | THS=N/A    |

Phase 5.1 Delay CleanUp | Checksum: 112417eb2

Time (s): cpu = 00:00:19 ; elapsed = 00:00:17 . Memory (MB): peak = 1481.242 ; gain = 150.379

Phase 5.2 Clock Skew Optimization
Phase 5.2 Clock Skew Optimization | Checksum: 112417eb2

Time (s): cpu = 00:00:19 ; elapsed = 00:00:17 . Memory (MB): peak = 1481.242 ; gain = 150.379
Phase 5 Delay and Skew Optimization | Checksum: 112417eb2

Time (s): cpu = 00:00:19 ; elapsed = 00:00:17 . Memory (MB): peak = 1481.242 ; gain = 150.379

Phase 6 Post Hold Fix

Phase 6.1 Hold Fix Iter

Phase 6.1.1 Update Timing
Phase 6.1.1 Update Timing | Checksum: c98b58d5

Time (s): cpu = 00:00:19 ; elapsed = 00:00:17 . Memory (MB): peak = 1481.242 ; gain = 150.379
INFO: [Route 35-416] Intermediate Timing Summary | WNS=3.889  | TNS=0.000  | WHS=0.027  | THS=0.000  |

Phase 6.1 Hold Fix Iter | Checksum: 101741e78

Time (s): cpu = 00:00:19 ; elapsed = 00:00:17 . Memory (MB): peak = 1481.242 ; gain = 150.379
Phase 6 Post Hold Fix | Checksum: 101741e78

Time (s): cpu = 00:00:19 ; elapsed = 00:00:17 . Memory (MB): peak = 1481.242 ; gain = 150.379

Phase 7 Route finalize

Router Utilization Summary
  Global Vertical Routing Utilization    = 0.16589 %
  Global Horizontal Routing Utilization  = 0.222955 %
  Routable Net Status*
  *Does not include unroutable nets such as driverless and loadless.
  Run report_route_status for detailed report.
  Number of Failed Nets               = 0
  Number of Unrouted Nets             = 0
  Number of Partially Routed Nets     = 0
  Number of Node Overlaps             = 0

Phase 7 Route finalize | Checksum: 12768727b

Time (s): cpu = 00:00:19 ; elapsed = 00:00:17 . Memory (MB): peak = 1481.242 ; gain = 150.379

Phase 8 Verifying routed nets

 Verification completed successfully
Phase 8 Verifying routed nets | Checksum: 12768727b

Time (s): cpu = 00:00:19 ; elapsed = 00:00:17 . Memory (MB): peak = 1481.242 ; gain = 150.379

Phase 9 Depositing Routes
Phase 9 Depositing Routes | Checksum: 1e3aa2a24

Time (s): cpu = 00:00:20 ; elapsed = 00:00:17 . Memory (MB): peak = 1481.242 ; gain = 150.379

Phase 10 Post Router Timing
INFO: [Route 35-57] Estimated Timing Summary | WNS=3.889  | TNS=0.000  | WHS=0.027  | THS=0.000  |

INFO: [Route 35-327] The final timing numbers are based on the router estimated timing analysis. For a complete and accurate timing signoff, please run report_timing_summary.
Phase 10 Post Router Timing | Checksum: 1e3aa2a24

Time (s): cpu = 00:00:20 ; elapsed = 00:00:17 . Memory (MB): peak = 1481.242 ; gain = 150.379
INFO: [Route 35-16] Router Completed Successfully

Time (s): cpu = 00:00:20 ; elapsed = 00:00:17 . Memory (MB): peak = 1481.242 ; gain = 150.379

Routing Is Done.
INFO: [Common 17-83] Releasing license: Implementation
72 Infos, 0 Warnings, 0 Critical Warnings and 0 Errors encountered.
route_design completed successfully
route_design: Time (s): cpu = 00:00:21 ; elapsed = 00:00:18 . Memory (MB): peak = 1481.242 ; gain = 150.379
INFO: [Timing 38-480] Writing timing data to binary archive.
Writing placer database...
Writing XDEF routing.
Writing XDEF routing logical nets.
Writing XDEF routing special nets.
Write XDEF Complete: Time (s): cpu = 00:00:00 ; elapsed = 00:00:00.121 . Memory (MB): peak = 1481.242 ; gain = 0.000
INFO: [Common 17-1381] The checkpoint 'D:/Vivado_Projects/Assignment/Assignment.runs/impl_1/nand_zynq_sys_wrapper_routed.dcp' has been generated.
INFO: [runtcl-4] Executing : report_drc -file nand_zynq_sys_wrapper_drc_routed.rpt -pb nand_zynq_sys_wrapper_drc_routed.pb -rpx nand_zynq_sys_wrapper_drc_routed.rpx
Command: report_drc -file nand_zynq_sys_wrapper_drc_routed.rpt -pb nand_zynq_sys_wrapper_drc_routed.pb -rpx nand_zynq_sys_wrapper_drc_routed.rpx
INFO: [DRC 23-27] Running DRC with 2 threads
INFO: [Coretcl 2-168] The results of DRC are in file D:/Vivado_Projects/Assignment/Assignment.runs/impl_1/nand_zynq_sys_wrapper_drc_routed.rpt.
report_drc completed successfully
INFO: [runtcl-4] Executing : report_methodology -file nand_zynq_sys_wrapper_methodology_drc_routed.rpt -pb nand_zynq_sys_wrapper_methodology_drc_routed.pb -rpx nand_zynq_sys_wrapper_methodology_drc_routed.rpx
Command: report_methodology -file nand_zynq_sys_wrapper_methodology_drc_routed.rpt -pb nand_zynq_sys_wrapper_methodology_drc_routed.pb -rpx nand_zynq_sys_wrapper_methodology_drc_routed.rpx
INFO: [Timing 38-35] Done setting XDC timing constraints.
INFO: [Timing 38-35] Done setting XDC timing constraints.
INFO: [DRC 23-133] Running Methodology with 2 threads
INFO: [Coretcl 2-1520] The results of Report Methodology are in file D:/Vivado_Projects/Assignment/Assignment.runs/impl_1/nand_zynq_sys_wrapper_methodology_drc_routed.rpt.
report_methodology completed successfully
INFO: [runtcl-4] Executing : report_power -file nand_zynq_sys_wrapper_power_routed.rpt -pb nand_zynq_sys_wrapper_power_summary_routed.pb -rpx nand_zynq_sys_wrapper_power_routed.rpx
Command: report_power -file nand_zynq_sys_wrapper_power_routed.rpt -pb nand_zynq_sys_wrapper_power_summary_routed.pb -rpx nand_zynq_sys_wrapper_power_routed.rpx
INFO: [Timing 38-35] Done setting XDC timing constraints.
Running Vector-less Activity Propagation...

Finished Running Vector-less Activity Propagation
84 Infos, 0 Warnings, 0 Critical Warnings and 0 Errors encountered.
report_power completed successfully
INFO: [runtcl-4] Executing : report_route_status -file nand_zynq_sys_wrapper_route_status.rpt -pb nand_zynq_sys_wrapper_route_status.pb
INFO: [runtcl-4] Executing : report_timing_summary -max_paths 10 -file nand_zynq_sys_wrapper_timing_summary_routed.rpt -pb nand_zynq_sys_wrapper_timing_summary_routed.pb -rpx nand_zynq_sys_wrapper_timing_summary_routed.rpx -warn_on_violation 
INFO: [Timing 38-91] UpdateTimingParams: Speed grade: -1, Delay Type: min_max, Timing Stage: Requireds.
INFO: [Timing 38-191] Multithreading enabled for timing update using a maximum of 2 CPUs
INFO: [runtcl-4] Executing : report_incremental_reuse -file nand_zynq_sys_wrapper_incremental_reuse_routed.rpt
INFO: [Vivado_Tcl 4-545] No incremental reuse to report, no incremental placement and routing data was found.
INFO: [runtcl-4] Executing : report_clock_utilization -file nand_zynq_sys_wrapper_clock_utilization_routed.rpt
INFO: [runtcl-4] Executing : report_bus_skew -warn_on_violation -file nand_zynq_sys_wrapper_bus_skew_routed.rpt -pb nand_zynq_sys_wrapper_bus_skew_routed.pb -rpx nand_zynq_sys_wrapper_bus_skew_routed.rpx
INFO: [Timing 38-91] UpdateTimingParams: Speed grade: -1, Delay Type: min_max, Timing Stage: Requireds.
INFO: [Timing 38-191] Multithreading enabled for timing update using a maximum of 2 CPUs
Command: write_bitstream -force nand_zynq_sys_wrapper.bit
Attempting to get a license for feature 'Implementation' and/or device 'xc7z020'
INFO: [Common 17-349] Got license for feature 'Implementation' and/or device 'xc7z020'
Running DRC as a precondition to command write_bitstream
INFO: [DRC 23-27] Running DRC with 2 threads
INFO: [Vivado 12-3199] DRC finished with 0 Errors
INFO: [Vivado 12-3200] Please refer to the DRC report (report_drc) for more information.
INFO: [Designutils 20-2272] Running write_bitstream with 2 threads.
Loading data files...
Loading site data...
Loading route data...
Processing options...
Creating bitmap...
Creating bitstream...
Writing bitstream ./nand_zynq_sys_wrapper.bit...
INFO: [Vivado 12-1842] Bitgen Completed Successfully.
INFO: [Project 1-120] WebTalk data collection is mandatory when using a WebPACK part without a full Vivado license. To see the specific WebTalk data collected for your design, open the usage_statistics_webtalk.html or usage_statistics_webtalk.xml file in the implementation directory.
INFO: [Common 17-83] Releasing license: Implementation
102 Infos, 0 Warnings, 0 Critical Warnings and 0 Errors encountered.
write_bitstream completed successfully
write_bitstream: Time (s): cpu = 00:00:10 ; elapsed = 00:00:10 . Memory (MB): peak = 1944.379 ; gain = 441.887
INFO: [Common 17-206] Exiting Vivado at Mon Aug  3 16:06:26 2026...
